wikidata,studentCount,studentYear,establishedYear,officialWebsite
Q100260373,,,2016,https://manara.edu.sy/
Q100260550,,,,
Q100452185,,,2015,
Q100452190,,,2002,
Q100452192,,,2016,
Q100452193,,,2017,
Q100452196,,,2010,
Q100523631,,,2017,
Q100523633,,,,
Q100523641,,,2012,
Q100523654,,,2014,
Q100552857,,,1998,
Q1006950,1271,2020,1992,
Q100709256,,,1992,https://www.fedpodam.edu.ng/
Q100872718,,,2011,https://www.fuwukari.edu.ng/
Q100942461,,,,
Q100943489,,,2011,https://www.cuk.ac.ke/
Q100943890,,,1951,https://justomwale.net
Q100955845,,,,https://isced.co/
Q100968497,,,,
Q100969245,,,,
Q100989278,,,1993,https://uom.cd/
Q100989286,,,,
Q100993166,,,,
Q100993174,,,,
Q100993177,,,,
Q100993248,,,,
Q100993352,,,,
Q100993370,,,,
Q100993996,,,,
Q100994109,,,,
Q101019953,,,,
Q101027895,,,,https://phoenixmed.arizona.edu/
Q101064230,,,2005,
Q1012699,3674,2020,1863,https://www.bryant.edu/
Q101378207,,,,https://www.wsi.med.uni-muenchen.de/index.html
Q101579967,15991,2024,2022,https://www.omu.ac.jp/
Q1017974,4512,2021,1855,
Q1018771,,,1949,
Q102047436,,,1965,
Q1020699,14265,2020,1978,https://www.scad.edu/
Q102104940,,,,
Q102228406,,,,
Q102347729,,,2016,
Q102347732,,,2017,
Q102347733,,,2017,https://fezzanu.edu.ly/en/
Q102347737,,,2014,
Q102347739,,,2017,
Q1023818,,,1957,https://universidad.claeh.edu.uy
Q102398470,,,,
Q102412398,,,1964,
Q1024426,35470,2020,1801,https://sc.edu/
Q1024543,9300,2020,1961,
Q1024969,17000,,1959,https://www.cabrillo.edu/
Q102523007,,,1910,
Q10266174,,,2008,
Q1026804,1800,,1907,https://www.cca.edu
Q1026827,1166,2020,1961,https://calarts.edu/
Q1026831,3568,2021,1959,
Q1026832,952,2020,1929,https://maritime.calpoly.edu/
Q1026836,174,2020,1977,
Q1026846,22440,2020,1901,https://www.calpoly.edu/
Q1026868,30014,2020,1949,https://www.cpp.edu/
Q1026902,9050,2021,1965,
Q1026905,7446,2020,2002,
Q1026909,18687,2020,1960,https://www.csudh.edu/
Q1026912,14119,2021,1887,
Q1026916,16253,2020,1957,https://www.csueastbay.edu/
Q1026919,25497,2020,1911,https://www.fresnostate.edu/
Q1026925,42051,2020,1957,https://www.fullerton.edu/
Q1026926,33337,2021,1949,https://www.csulb.edu/
Q1026932,26745,2020,1947,https://www.calstatela.edu/
Q1026939,32214,2021,1958,https://www.csun.edu/
Q1026941,27085,2021,1947,https://www.csus.edu/
Q1026944,19689,2020,1965,
Q10269817,,,,
Q10274560,,,1954,https://eaesp.fgv.br/
Q10274563,,,,
Q10274656,,,1933,
Q1027869,871,,1988,https://www.digipen.edu/
Q10279262,,,,
Q10279270,,,,
Q10279298,,,,
Q10279310,,,1981,
Q10279326,,,1998,
Q10279580,,,,
Q10279594,,,2004,
Q10279618,,,2002,
Q10279623,,,,https://fatecsaocaetano.edu.br
Q10283681,,,,https://www.gcp.edu.cn/
Q10286343,,,,
Q1029431,44481,2020,1888,
Q1029517,2700,,1994,
Q10299467,,,,
Q1030044,9746,2020,1929,https://www.qu.edu/
Q103018959,,,,
Q103019653,,,,
Q10302433,,,,
Q10302486,,,2008,
Q10302490,,,1909,
Q10302639,,,1979,
Q10302765,,,1997,
Q10302791,,,,
Q10302819,,,,
Q10302834,,,,
Q10302858,,,,
Q10332113,9827,2020,1964,https://www.mc3.edu/
Q1033335,2360,2021,1870,
Q1033692,25948,2020,1929,https://www.smc.edu/
Q103821967,,,,
Q10387796,,,,
Q10387808,,,1970,
Q10387872,9622,2021,1976,
Q10387952,,,2012,https://univesp.br/
Q10403916,,,2011,
Q104131996,,,1965,
Q1041671,2044,2021,1866,https://www.carleton.edu/
Q104224385,,,1993,
Q104243342,,,2009,
Q104243349,,,2011,
Q1045167,3451,2020,1846,
Q104630607,,,2011,https://staitaruna.ac.id/
Q104630664,,,1999,https://www.kahuripan.ac.id
Q104631456,,,1971,https://unipasby.ac.id/
Q104632240,,,2007,https://unirow.ac.id/
Q104633597,,,1981,https://stia-malang.ac.id/
Q1047060,9963,2021,1967,https://case.edu
Q1047226,2250,,1964,https://www.hult.edu/
Q1047293,19494,2019,1965,https://ucsc.edu
Q10482047,,,1963,
Q104829521,,,1983,https://fedpolynas.edu.ng/
Q104834286,,,,
Q104844767,,,,
Q104845113,,,1949,https://www.samarcollege.edu.ph
Q104847179,,,2019,
Q104847937,,,2021,https://www.plaksha.edu.in
Q104850475,,,2020,
Q104853646,472,2019,2018,https://bmu.edu.ng/
Q104855273,,,2002,https://dsust.edu.ng/
Q104855369,,,2020,https://www.birtikendrajituniversity.ac.in
Q104855385,,,2019,https://cuc.ac.in
Q104855386,,,2019,https://www.samglobaluniversity.ac.in
Q104864453,,,2017,
Q104866738,,,1987,https://www.fcetasaba.edu.ng
Q104867336,,,,
Q104869887,,,2019,https://www.kanyashreeuniversity.ac.in
Q104870498,,,2018,https://rrgu.in
Q104876326,,,2011,https://ensbiotech.edu.dz/
Q104878513,,,2020,https://www.ssju.ac.in
Q104879801,,,2020,https://duk.ac.in
Q104881135,,,2017,https://www.mguwb.org.in
Q1048851,5076,2021,1886,https://www.yu.edu/
Q1048898,13097,,1791,https://www.uvm.edu/
Q104901588,216,2020,,
Q104902888,,,2020,
Q104902912,,,2020,https://www.mallareddyuniversity.ac.in
Q1049470,29956,,1956,https://uwaterloo.ca
Q1050078,12243,2020,1889,https://www.wcu.edu
Q105033859,,,,
Q1051840,1701,2021,1926,https://www.sarahlawrence.edu/
Q1052208,1686,2020,1889,
Q1052614,21534,2021,1888,
Q105335883,,,,
Q105349358,,,,https://www.cca.edu.ph/
Q105359583,,,2020,https://www.alipurduaruniversity.ac.in
Q1053764,10652,2020,1849,
Q1054064,11174,2020,1891,https://www.cwu.edu/
Q105409652,,,2020,https://www.bbb.ac.in
Q105446875,,,2011,https://www.aubmed.org/
Q105475483,,,2012,
Q1054905,7763,2019,1867,https://www.morgan.edu/
Q105550548,,,1957,https://fundacionlasalle.com/
Q105576298,,,,https://bnu.edu.eg/
Q1055874,4155,2020,1927,https://www.bridgeport.edu/
Q1056123,6830,2020,1906,
Q105626286,,,1985,https://una.ac.id
Q105626390,,,2011,https://www.murnisadar.ac.id
Q105626403,,,2001,
Q105626414,,,2002,https://www.poltekganeshamedan.ac.id
Q105626424,,,2013,https://www.stdhkbp.ac.id
Q105626430,,,2015,
Q105626436,,,1979,https://stokbinaguna.ac.id
Q105626440,,,1999,https://stiebangkinang.ac.id
Q105626474,,,1982,https://ipts.ac.id
Q105626481,,,2018,https://akbidassyifakisaran.ac.id
Q105626483,,,2007,https://www.stikeselisabethmedan.ac.id
Q105626485,,,,https://www.poltekkes-medan.ac.id
Q105626500,,,1998,
Q105626507,,,1985,https://pddikti.kemdikbud.go.id/data_pt/NkFEOTY2REYtRUEyQS00MjJDLTgyRDgtNUZCRDkyM0Q3Q0Ew
Q105626517,,,2000,https://stimsukmamedan.ac.id/
Q105626526,,,2000,https://stiesultanagung.ac.id
Q105626529,,,2003,https://header.kaputama.ac.id/
Q105626563,,,2019,
Q1056373,1451,2020,1857,https://gallaudet.edu
Q1056848,1374,2020,1896,
Q1056856,754,2020,1893,
Q105696842,,,2003,https://politeknikjambi.ac.id/
Q105729778,,,2018,https://just.edu.ye
Q1057447,4145,2021,1905,
Q105809850,2600,2023,2021,https://www.clermont-auvergne-inp.fr/
Q105820700,,,1976,https://nocen.edu.ng/nocen/about-us/
Q1061104,3180,2019,1873,https://ucsf.edu
Q1062129,17591,2022,1907,
Q106371791,,,2021,https://www.snuchennai.edu.in
Q106399173,,,2015,https://www.rmu.ac.bd/
Q106469487,,,,
Q106485444,,,2019,https://centralasian.uz/
Q106506688,,,1998,https://citi.edu.mn
Q106518027,,,1931,
Q106518030,,,1950,
Q106548222,,,2019,https://www.ufnt.edu.br
Q1065809,41409,2021,1965,https://www.fiu.edu/
Q10664609,1089,2019,1926,
Q106646552,,,2021,https://tus.ie
Q1066989,3429,2020,2001,https://www.alliant.edu/
Q1067471,33000,2020,1966,https://www.ucalgary.ca/
Q106777486,,,2000,https://nbmc.ac.bd/
Q1067916,13057,2022,1949,https://www.okayama-u.ac.jp/cn/index.html
Q106803750,,,2013,https://www.cimch.edu.bd/
Q1068072,24221,2023,1743,https://www.udel.edu/
Q106808253,,,2009,https://akpermarthenindey.ac.id
Q106808323,,,2002,https://www.poltekstpaul.ac.id
Q106808475,,,1967,https://www.fajartimur.ac.id
Q106809261,,,2004,https://uswim.ac.id
Q1068752,10859,2020,1867,https://howard.edu
Q106916672,,,2007,
Q106920280,,,,
Q106927252,,,,https://www.fdu.edu/campuses/florham-campus/
Q106945545,,,,https://collegeofathens.edu/
Q1069994,,,1881,https://www.tus.ac.jp/
Q1070333,26754,2021,1871,https://www.uark.edu/
Q10709746,8262,2020,1887,https://www.uncp.edu
Q107202968,,,,
Q107209412,,,2006,https://www.sohag-univ.edu.eg
Q107223245,,,2019,https://sit.org/
Q107298420,,,2018,https://www.msduniv.ac.in
Q107334343,,,2021,https://vau.ac.lk/
Q107377284,,,2020,
Q1073873,613,,1929,
Q107404539,,,,
Q1074103,,,1958,https://ustc.edu.cn
Q107440148,,,2018,https://www.berlinsbi.com/
Q107456840,,,2019,https://tuwaiq.edu.sa/
Q107476580,,,2014,https://fedpolyukana.edu.ng/
Q107476839,,,1976,https://wufpbk.edu.ng/index/
Q107477938,,,,
Q107477960,,,1977,https://www.kscoe.edu.ng/
Q107478060,,,,
Q107478104,,,2014,https://coronacollegeofeducation.edu.ng/
Q1075116,2262,2021,1813,https://colby.edu
Q1075148,26434,2020,1954,https://ucr.edu
Q1075339,23025,2021,1804,https://www.ohio.edu/
Q107565787,,,2018,https://www.osc.uni-muenchen.de/index.html
Q107657111,,,2020,https://www.hindiuniv.ac.in
Q107675529,,,2018,https://auib.edu.iq/
Q107717874,86,2019,2017,https://www.atibauniversity.edu.ng
Q10771877,,,,
Q10771884,,,1968,
Q10771887,,,1974,
Q10771888,,,,
Q10771889,,,,
Q10771894,,,1961,https://hvnh.edu.vn/
Q10771903,,,1976,
Q107722017,,,2021,https://eui.edu.eg
Q107723875,47,2019,,https://dominionuniversity.edu.ng
Q107724043,,,2021,https://www.topfaith.edu.ng/
Q107724045,,,2020,https://www.tau.edu.ng
Q107724058,102,2019,2016,https://dui.edu.ng/
Q107724079,,,2017,https://adun.edu.ng/
Q107724280,,,2021,https://philomath.edu.ng
Q107750591,,,,
Q107825166,,,,
Q107907775,,,2017,https://pcu.edu.ng/
Q1079140,43064,2020,1820,https://bloomington.iu.edu
Q107969736,,,,
Q107973753,36,2019,,https://www.spiritanuniversity.edu.ng
Q108044059,,,,https://ual.edu.al/ual.edu.al/
Q108108624,,,2016,
Q108217808,,,1973,
Q108278801,,,,
Q10828800,,,1906,
Q10829021,,,,
Q10829028,,,2004,
Q10829029,,,1995,
Q10829032,,,,
Q10829034,,,2000,https://mku.edu.vn/
Q10829046,,,,
Q10829047,,,2007,
Q10829051,,,,https://www.htu.edu.vn/
Q10829052,,,,
Q10829053,,,,
Q10829064,,,1995,
Q10829072,,,1956,
Q10829073,,,2010,
Q10829074,,,2007,https://www.uef.edu.vn/
Q10829075,,,2007,
Q10829084,,,,
Q10829109,,,2009,
Q10829112,,,,https://phuongdong.edu.vn/
Q10829117,,,,
Q10829125,,,,
Q10829126,,,,
Q10829132,,,1960,
Q10829134,,,2003,
Q10829137,,,,https://thanhdo.edu.vn/
Q10829138,,,,
Q10829139,,,,https://tbd.edu.vn
Q10829143,,,,
Q10829145,,,,https://tdmu.edu.vn/
Q10829147,,,,
Q10829150,,,1945,
Q10829151,,,1975,
Q10829153,,,1976,
Q10829162,,,,https://tucst.edu.vn
Q10829166,,,1976,
Q10829169,,,,https://tump.edu.vn/
Q10829171,,,1957,
Q10829180,,,2002,
Q10829182,,,,https://dainam.edu.vn/
Q108293481,,,,https://lu.edu.qa
Q108336800,,,1978,https://fcekg.edu.ng/
Q108336859,,,,
Q108336874,,,,
Q108377241,,,1976,
Q108377410,,,,
Q108485713,,,,
Q108532352,,,2021,https://www.mgug.ac.in
Q10854124,,,1985,
Q10854154,5266,2020,1934,https://www.enmu.edu/
Q10855907,,,1956,https://www.gch.ac.kr
Q108597444,,,2006,https://dsadegbenropoly.edu.ng/
Q108605537,,,,
Q108607234,,,2007,https://jigpoly.edu.ng/
Q10863000,17521,2020,1947,
Q10863001,23147,2020,1927,https://www.lbcc.edu/
Q108673567,,,2020,https://www.dseu.ac.in
Q10869705,,,2003,
Q10872907,,,1984,
Q10872957,,,1955,
Q10873002,,,1973,https://www.qtxy.mil.cn
Q10873028,,,1949,
Q10873146,,,2004,
Q10873511,,,,https://www.wuhues.com/
Q108794895,,,,
Q108801821,,,,https://ebwus.com/
Q108835620,,,2015,https://mari-university.com/
Q10884926,,,1994,https://www.ikhzasag.edu.mn/
Q10887647,,,1978,https://www.bsnc.cn/
Q108940696,,,,
Q1089417,,,1887,
Q10902068,,,2000,
Q109021349,,,,
Q10905381,,,2000,
Q10905382,,,2003,
Q10906657,,,2002,
Q10906664,,,1999,https://kdc.njmu.edu.cn/mainm.htm
Q10906834,,,2004,
Q10906876,,,1999,
Q109120908,,,2002,https://pat.ac.id
Q109122887,,,2000,
Q109123004,,,2004,https://stihbiak.ac.id
Q109123205,,,2009,
Q109176,3162,2020,1874,
Q109192620,,,2017,https://www.stisdarussalam.ac.id
Q109197205,,,2018,
Q10924802,,,2005,
Q109257356,,,2007,
Q109276900,,,,
Q109276906,,,2004,https://www.stib.ac.id
Q109276937,,,2008,https://www.staidu.ac.id
Q109278414,,,1974,https://www.stieimlg.ac.id
Q109278746,,,2008,https://stikeskepanjen-pemkabmalang.ac.id
Q109292857,,,2021,https://itkm-wch.ac.id/
Q109294510,,,,https://www.stitibnusina.ac.id
Q109297499,,,2022,https://www.pennwest.edu
Q109313596,,,2008,https://www.akfarprayoga.ac.id
Q109346613,,,,
Q109348752,,,2001,
Q109358749,,,2021,https://www.iput.ac.jp/nagoya/
Q109365436,,,,https://www.sqzy.edu.cn/
Q10938175,,,2000,
Q1093910,15402,,1847,https://ccny.cuny.edu
Q109409389,47007,2021,2019,https://www.universite-paris-saclay.fr
Q109413363,,,1999,https://www.zjhzu.edu.cn/
Q109430622,,,2018,https://www.umkudus.ac.id
Q109433122,,,2003,
Q109434040,,,2014,
Q109434801,,,2019,https://www.umjambi.ac.id
Q109434802,,,2017,https://unaja.ac.id/
Q109434803,,,2020,https://www.unh.ac.id
Q109435751,,,2008,https://politap.ac.id
Q109435753,,,2011,https://www.polnustar.ac.id/
Q109435754,,,2013,https://poltesa.ac.id/
Q109435755,,,2014,https://www.polsub.ac.id
Q109436710,,,2020,
Q10943718,2560,2020,1893,https://www.uwsuper.edu/
Q10943911,,,1998,https://rgpvinstitute.org.in
Q109439180,,,2013,https://www.unwaha.ac.id
Q109439648,,,2002,
Q109440112,,,2019,
Q109441362,,,2017,
Q109441756,,,2020,https://unama.ac.id/
Q109442092,,,2010,https://www.poltekkesbhaktimulia.ac.id
Q109442098,,,2004,https://stikesnas.ac.id/
Q109442100,,,2020,https://itbaas.ac.id
Q109442107,,,2018,https://amikomsolo.ac.id
Q109442110,,,2020,https://sttw.ac.id
Q109442406,,,2012,https://www.stimsurakarta.ac.id
Q109467100,,,2013,https://umet.edu.ar/
Q109502016,,,,https://www.methodistcol.edu/
Q10952263,,,1949,https://www.ahszu.edu.cn/
Q10952382,,,2002,https://www.squ.edu.cn/
Q109563773,,,1997,https://iain-bone.ac.id
Q109563777,,,2014,https://aknacehbarat.ac.id/
Q109574991,,,2004,https://issmv.edu.gn
Q1095773,3236,2021,1887,
Q109582450,,,2021,https://www.euneiz.com/
Q109590356,,,1992,
Q109908749,,,2014,https://www.stttekstil.ac.id
Q109910742,,,2018,https://www.bsi.ac.id
Q109910743,,,1997,
Q109910747,,,1983,
Q109910749,,,2021,
Q109910751,,,2004,https://www.stikessorong.ac.id
Q109910752,,,2000,https://www.stiabandung.ac.id
Q109910760,,,2002,https://www.stiabanten.ac.id
Q109910765,,,1998,https://www.universitaslia.ac.id/
Q109910768,,,2010,https://www.polman-babel.ac.id
Q109911092,,,2017,https://www.institutpendidikan.ac.id
Q109911093,,,2003,https://www.polmanceper.ac.id
Q109911104,,,2007,https://www.binausadabali.ac.id
Q109911114,,,2016,https://www.umbjm.ac.id
Q109911116,,,2002,https://polteq.ac.id
Q109911125,,,2019,https://ppicurug.ac.id/
Q109911126,,,2014,https://www.aka.ac.id
Q109911127,,,1968,https://www.ipw.ac.id
Q109911134,,,,
Q109911141,,,2017,
Q109911142,,,2018,https://poltekesos.ac.id
Q109911161,,,2005,
Q109911164,,,1984,https://stiebalikpapan.ac.id
Q109911404,,,2003,https://staima-banjar.ac.id
Q109911417,,,2007,https://www.stkiptsb.ac.id
Q109911419,,,2015,https://www.abkpmi.ac.id
Q109911429,,,2005,https://stikomyos.ac.id
Q109911442,,,2020,
Q109911446,,,,https://staiydi.ac.id
Q109911454,,,,
Q109911455,,,2014,https://www.habi.ac.id
Q109911457,,,1998,https://www.stmikbinapatria.ac.id
Q109911464,,,2020,
Q109911494,,,2020,
Q109911499,,,2014,https://www.stkip.syekhmanshur.ac.id
Q109911504,,,2016,
Q109911508,,,,https://setiaws.ac.id
Q109911509,,,2002,https://www.bodhidharma.ac.id
Q109911513,,,,https://sttbaptisjakarta.ac.id
Q109911518,,,2019,https://stikesbrebes.ac.id
Q109911521,,,2012,https://www.stitpringsewu.ac.id
Q109911525,,,2018,
Q109911533,,,2020,https://itsk-soepraoen.ac.id/
Q109911535,,,1997,https://www.unanda.ac.id
Q109911538,,,2014,https://stiekrakatau.ac.id
Q109911540,,,2014,
Q109911543,,,1982,
Q109911553,,,2005,https://stiegici.ac.id
Q109911556,,,,https://sttkao.ac.id
Q109911560,,,2018,https://poltekbinhus.ac.id
Q109911561,,,1987,https://staithawalib.ac.id/
Q109911563,,,2018,https://stialanmakassar.ac.id
Q109911567,,,2019,
Q109911593,,,2016,
Q109911594,,,2021,
Q109911595,,,2018,https://stiksam.ac.id
Q109911596,,,2018,https://www.stmikkomputama.ac.id
Q109911597,,,1998,https://stikmks.ac.id/
Q109911599,,,2014,
Q109911602,,,1989,
Q109911609,,,,https://iailm.ac.id
Q109911610,,,2004,https://staialmusdariyah.ac.id
Q109911611,,,,https://www.sttiibali.co.id
Q109911618,,,,
Q109911622,,,2014,https://www.uscnd.ac.id
Q109911623,,,,https://www.sttissiau.ac.id
Q109911633,,,1990,https://staisebelasapril.ac.id
Q109911637,,,2003,https://www.tiberias.or.id
Q109911639,,,,https://poltekkes-palangkaraya.ac.id
Q109911640,,,2019,https://www.iaiyasnibungo.ac.id
Q109911642,,,2021,
Q109911643,,,,https://www.mmtc.ac.id
Q109911644,,,2016,https://laaroiba.ac.id
Q109911647,,,2014,https://www.btp.ac.id
Q109911652,,,2020,
Q109911658,,,2003,https://www.jakarta.sae.edu
Q109911676,,,2018,https://poltekkesmu.ac.id
Q109911681,,,2014,https://www.sttekumene.ac.id
Q109911693,,,2019,
Q109911697,,,2001,https://www.akperserukam.ac.id
Q109911698,,,2016,
Q109911700,,,2017,
Q109911708,,,2006,https://www.stikesbaptis.ac.id
Q109911712,,,2014,https://stitru.ac.id/www.pprusakatiga.sch.id
Q109911715,,,,
Q109911720,,,2019,
Q109911727,,,2016,https://www.steikassi.ac.id
Q109911728,,,,
Q109911733,,,2014,https://www.stmikiba.ac.id
Q109911738,,,2000,
Q109911740,,,1998,https://www.akfarbhumihusada.ac.id
Q109911743,,,2020,https://www.lembahdempo.ac.id
Q109911746,,,2018,https://www.st3b.ac.id
Q109911747,,,1996,https://akperbuntetpesantren.ac.id
Q109911750,,,2020,https://www.ikbis.ac.id
Q109911752,,,,
Q109911767,,,,
Q109911768,,,2014,https://www.moriah.ac.id
Q109911770,,,2020,https://inismu-pacitan.ac.id
Q109911771,,,2003,
Q109911776,,,2019,https://www.bku.ac.id
Q109911782,,,2014,https://stikesmuhbojonegoro.ac.id
Q109911783,,,1968,https://www.ppmschool.ac.id
Q109911788,,,2001,https://www.stikesmerangin.ac.id
Q109911790,,,2008,https://stikes-pertamedika.ac.id
Q109911802,,,2006,https://www.stikesmucis.ac.id
Q109911807,,,2009,https://stmik-borneo.ac.id
Q109911808,,,2014,https://sttmsl.ac.id/
Q109911809,,,2002,https://www.stianasional.ac.id
Q109911826,,,,
Q109911827,,,2014,https://www.stmi.ac.id
Q109911829,,,1968,
Q109911830,,,2009,
Q109911831,,,2020,https://tritunas.ac.id
Q109911838,,,2000,
Q109911843,,,2000,https://www.stietridharma.ac.id
Q109911848,,,2020,https://unival.ac.id
Q109911852,,,2003,https://www.plj.ac.id
Q109911853,,,1999,
Q109911854,,,2008,
Q109911858,,,2001,https://www.williamcareyindonesia.com
Q109911860,,,2020,https://www.mahadewa.ac.id
Q109911865,,,,
Q109911867,,,,https://tiranus.ac.id
Q109911870,,,2014,https://www.hits.ac.id
Q109911877,,,,https://www.poltekkesbandung.ac.id
Q109911878,,,,https://www.staialfalahbjb.ac.id
Q109911884,,,2007,https://www.stikes-marendeng.ac.id
Q109911887,,,1994,
Q109911894,,,2017,https://www.staimaswonogiri.ac.id
Q109911898,,,2020,https://www.politeknikcendana.ac.id
Q109911900,,,2018,https://www.stikes.adila.ac.id
Q109911906,,,2012,
Q109911907,,,2004,https://stietenggarong.ac.id
Q109911910,,,,https://www.pkr.ac.id
Q109911912,,,2001,https://uniks.ac.id
Q109911913,,,2020,https://www.ummikha.ac.id
Q109911917,,,2012,https://akfarsurabaya.ac.id
Q109911921,,,2017,https://www.stikespantirapih.ac.id
Q109911933,,,1998,https://www.stiemp.ac.id
Q109911937,,,2002,https://www.stainurulfalahairmolek.web.id
Q109911952,,,1986,https://www.stiamataram.ac.id
Q109911954,,,1984,https://stie.ypup.ac.id
Q109911955,,,2000,https://www.stieama.ac.id
Q109911956,,,1998,https://www.akademiperekammedis.ac.id
Q109911960,,,2000,https://www.stikes-hi.ac.id
Q109911964,,,2019,
Q109911965,,,2020,https://upg.ac.id/
Q109911976,,,2018,
Q109911982,,,,
Q109911984,,,2010,https://staidakrempyang.ac.id
Q109911990,,,2014,https://www.poltekapp.ac.id
Q109911992,,,2020,https://www.umw.ac.id/
Q109911999,,,1986,https://staialfalah.ac.id
Q109912001,,,2019,https://uss.ac.id
Q109912004,,,2019,https://stikesmm.ac.id
Q109912008,,,2014,https://sttpa.ac.id
Q109912010,,,2008,https://www.stipram.ac.id
Q109912011,,,2001,https://mahaprajnastab.ac.id/
Q109912012,,,2006,
Q109912017,,,1998,
Q109912019,,,2012,
Q109912020,,,2014,https://www.stmb-multismart.ac.id
Q109912021,,,2019,https://www.ibik.ac.id
Q109912031,,,,https://sttsolagratiamdn.ac.id
Q109912032,,,2004,https://www.stplpalu.ac.id
Q109912035,,,2004,https://stikesmajapahit.ac.id
Q109912036,,,,https://www.stt-tawangmangu.ac.id
Q109912040,,,2016,https://www.unhena.ac.id
Q109912045,,,2009,https://www.stikeskendedes.ac.id
Q109912048,,,2009,https://adzkia.ac.id/
Q109912056,,,2008,https://www.polibara.ac.id
Q109912063,,,1985,https://www.stkippgrisumenep.ac.id
Q109912064,,,2020,https://poltekkaltara.ac.id
Q109912066,,,2010,https://www.staiha.ac.id
Q109912074,,,2021,
Q109912075,,,2000,
Q109912079,,,1960,https://www.stipfarming.ac.id
Q109912080,,,2013,https://www.stakterunabhakti.ac.id
Q109912082,,,2002,https://www.stimbudibakti.ac.id
Q109912084,,,2019,
Q109912091,,,1993,
Q109912093,,,2015,https://www.sties-rijan.ac.id
Q109912098,,,1998,https://www.stmik-mi.ac.id
Q109912101,,,2018,https://www.stisalwafa.ac.id
Q109912106,,,2001,https://www.stieyapan.ac.id
Q109912119,,,2008,https://www.stie-pembangunan.ac.id
Q109912122,,,2014,
Q109912124,,,1804,https://www.akimal.ac.id
Q109912126,,,2020,https://htpps://rajawali.ac.id
Q109912127,,,2007,https://www.isif.ac.id
Q109912130,,,2007,https://www.nusaputra.ac.id
Q109912131,,,2014,https://staidarussalamlampung.ac.id
Q109912134,,,2009,https://www.stikestulungagung.ac.id
Q109912147,,,2009,
Q109912149,,,2019,https://iainutuban.ac.id
Q109912150,,,1996,
Q109912155,,,2019,
Q109912157,,,2013,
Q109912162,,,2001,https://www.stfi.ac.id
Q109912164,,,,
Q109912173,,,1994,
Q109912177,,,1992,https://www.stkippacitan.ac.id
Q109912180,,,2009,https://akfarmitseda.ac.id
Q109912181,,,2020,
Q109912191,,,2007,https://www.stikestelogorejo.ac.id
Q109912192,,,2007,https://www.stitsifabogor.ac.id
Q109912201,,,2012,
Q109912207,,,1996,https://www.stpi-pajak.ac.id
Q109912209,,,1987,
Q109912211,,,1992,https://ukitoraja.ac.id
Q109912221,,,2020,
Q109912230,,,2007,https://www.stikeswiramedika.ac.id
Q109912231,,,,https://sttbaptisbandung.ac.id
Q109912232,,,1995,
Q109912235,,,,
Q109912236,,,1996,https://www.stitahlussunnah.ac.id
Q109912238,,,2019,
Q109912239,,,2014,https://www.iaitfdumai.ac.id
Q109912242,,,2014,https://www.stikesmitrakeluarga.ac.id
Q109912245,,,,https://sttaletheia.ac.id
Q109912250,,,,https://www.sttkn.ac.id
Q109912252,,,2018,https://www.iainpare.ac.id
Q109912254,,,2020,
Q109912265,,,2009,https://stikesyahyabima.ac.id
Q109912266,,,2020,https://unimar-amni.ac.id
Q109912268,,,2017,https://ikipsiliwangi.ac.id
Q109912275,,,2020,https://www.pradita.ac.id
Q109912288,,,1998,
Q109912290,,,2003,https://amik-nurmal.ac.id
Q109912291,,,2015,https://www.stiami.ac.id
Q109912293,,,2004,https://stik-sitikhadijah.ac.id
Q109912294,,,,https://www.staipiq.ac.id
Q109912295,,,2005,
Q109912297,,,2020,https://www.unmaha.ac.id
Q109912298,,,,https://sttimmanuelsintang.ac.id
Q109912301,,,2006,https://biges.ac.id
Q109912312,,,2005,https://www.stitdarulhijrahmtp.ac.id
Q109912318,,,2020,https://ubhi.ac.id
Q109912334,,,2019,
Q109912336,,,2021,https://www.nobel.ac.id
Q109912345,,,2016,
Q109912363,,,2003,https://stik-kendal.ac.id
Q109912364,,,2020,
Q109912371,,,2021,
Q109912374,,,2013,https://sttibc.ac.id
Q109912376,,,,https://www.sttab.ac.id
Q109912379,,,2019,
Q109912383,,,2007,https://stitalamin.ac.id
Q109912388,,,2018,
Q109912390,,,2020,https://panca-sakti.ac.id/
Q109912392,,,1978,https://www.stkipnganjuk.ac.id
Q109912401,,,,https://www.poltekkes-manado.ac.id
Q109912409,,,2016,https://www.stisa.ac.id
Q109912414,,,1982,https://www.stie-aprin.co.id
Q109912416,,,1986,https://www.stiesabang.ac.id
Q109912419,,,2020,
Q109912424,,,2000,https://iaihnw-lotim.ac.id
Q109912428,,,2017,
Q109912429,,,2016,https://www.unisap.ac.id.
Q109912433,,,2014,https://www.sttpd.ac.id
Q109912434,,,2006,https://www.stituwjombang.ac.id
Q109912442,,,2020,
Q109912477,,,2019,
Q109912490,,,2015,https://iaiibrahimy.ac.id
Q109912492,,,2018,
Q109912497,,,,https://stt-star.ac.id
Q109912502,,,2000,https://poltekanika.ac.id
Q109912504,,,1996,https://sttnlampung.ac.id
Q109912505,,,2006,
Q109912506,,,2021,
Q109912512,,,1975,https://www.stkippgrispg.ac.id
Q109912514,,,2016,
Q109912515,,,,https://www.sttkharisma.ac.id
Q109912523,,,2017,https://www.staisam.ac.id
Q109912566,,,2015,https://www.stikesprimaindoneisa.ac.id
Q109912575,,,,
Q109912581,,,2020,
Q109912583,,,,
Q109912591,,,2018,https://polteksahid.ac.id
Q109912595,,,1998,https://www.interstudi.edu
Q109912598,,,1995,
Q109912600,,,2020,
Q109912602,,,1998,https://www.akperpasarrebo.ac.id
Q109912603,,,2018,
Q109912604,,,,
Q109912605,,,1999,https://www.stmik-dci.ac.id
Q109912606,,,2014,https://www.stkip-pessel.ac.id
Q109912611,,,,
Q109912626,,,2019,https://uf.ac.id
Q109912629,,,2020,
Q109912633,,,2001,https://www.iaiqamarulhudabagu.ac.id
Q109912635,,,2001,https://www.stiteknas.ac.id
Q109912648,,,1995,https://stieamkop.ac.id
Q109912651,,,2003,https://akparparamitha-bkt.ac.id
Q109912652,,,2002,https://www.syailendra.ac.id
Q109912661,,,2017,
Q109912664,,,2000,https://www.amayogyakarta.ac.id
Q109912667,,,,
Q109912678,,,,https://www.torsina.ac.id
Q109912682,,,2005,
Q109912688,,,,
Q109912690,,,1992,https://www.stp-aviasi.ac.id
Q109912699,,,2020,https://www.ikestmp.ac.id
Q109912700,,,2021,
Q109912703,,,2020,
Q109912705,,,2019,
Q109912708,,,2003,https://stikesbhaktihusada.ac.id
Q109912711,,,2017,https://stisdafabondowoso.ac.id
Q109912713,,,,https://www.sttsimpson.ac.id
Q109912716,,,2014,https://www.rokania.ac.id
Q109912719,,,2006,https://www.stikessatriabhakti.ac.id
Q109912724,,,2014,https://stidsirnarasa.ac.id/
Q109912733,,,,https://www.stiudarulhikmah.ac.id
Q109912736,,,2017,https://pib.ac.id/id/
Q109912737,,,2019,https://www.rajekwesi.ac.id
Q109912740,,,2019,https://www.aisyahuniversity.ac.id/
Q109912744,,,2001,https://www.poltekkesjambi.ac.id
Q109912746,,,2012,
Q109912748,,,,
Q109912751,,,2018,https://www.poltekpel-banten.ac.id
Q109912753,,,2020,
Q109912760,,,2018,https://www.stikesbup.ac.id
Q109912763,,,1994,https://stienganjuk.ac.id
Q109912780,,,2020,https://uicm.ac.id
Q109912781,,,1985,https://www.stispolwb.ac.id
Q109912787,,,2012,https://www.stitmupaciran.ac.id
Q109912788,,,2005,
Q109912789,,,2017,https://www.stisabuzairi.ac.id
Q109912790,,,,
Q109912793,,,2000,https://www.bentarapersada.ac.id
Q109912797,,,2002,
Q109912798,,,2016,https://www.iaingawi.ac.id
Q109912799,,,1984,https://www.stiti-kp.ac.id
Q109912800,,,2013,
Q109912802,,,2018,https://www.poltradabali.ac.id
Q109912804,,,2020,https://www.iikpelamonia.ac.id
Q109912808,,,2014,https://www.alkhoziny.ac.id
Q109912810,,,2002,https://www.widyagamahusada.ac.id
Q109912812,,,2020,
Q109912820,,,2016,https://www.billfath.ac.id
Q109912822,,,2015,https://uluwiyah.ac.id
Q109912823,,,2002,https://www.stikesindramayu.ac.id
Q109912828,,,2018,https://www.unism.ac.id
Q109912831,,,2008,https://unikaltar.ac.id
Q109912836,,,2014,
Q109912841,,,2002,
Q109912842,,,2019,https://asia.ac.id
Q109912843,,,2000,https://www.stiepemuda.ac.id
Q109912844,,,2017,https://iiq-annur.ac.id
Q109912849,,,,https://www.sttsyalom.ac.id
Q109912850,,,2004,https://www.sttiijakarta.ac.id
Q109912852,,,1989,
Q109912855,,,2018,
Q109912860,,,2011,https://staialanwar.ac.id/
Q109912867,,,2018,https://politeknikpu.ac.id/
Q109912873,,,2018,
Q109912877,,,2012,
Q109912879,,,2021,
Q109912884,,,2017,https://www.uniqhba.ac.id
Q109912888,,,2017,https://Iteba.ac.id
Q109912890,,,,
Q109912891,,,2016,
Q109912892,,,2006,https://www.stmiksznw.ac.id
Q109912902,,,2011,
Q109912903,,,2002,https://www.stiba.ac.id
Q109912904,,,2005,https://www.nhm.ac.id
Q109912907,,,2016,https://stisdafa.ac.id
Q109912909,,,2017,https://www.poltekbaubau.ac.id
Q109912910,,,2005,https://www.stit.insankamil.ac.id
Q109912911,,,2018,https://iaincurup.ac.id
Q109912913,,,2013,
Q109912916,,,2019,
Q109912927,,,2018,
Q109912931,,,2007,https://www.almuhajirin.ac.id
Q109912936,,,1987,https://www.stimi-bjm.ac.id
Q109912938,,,1992,https://www.aparda.ac.id
Q109912940,,,2020,https://uniwara.ac.id
Q109912946,,,2008,https://staialfurqan.wordpress.com
Q109912949,,,1999,
Q109912954,,,2013,https://i3batu.ac.id
Q109912957,,,1990,
Q109912960,,,2001,
Q109912962,,,2020,https://unhaj.ac.id
Q109912970,,,2014,https://www.staklb.ac.id
Q109912972,,,2016,
Q109912973,,,1986,
Q109912977,,,2018,
Q109912979,,,,
Q109912980,,,2009,
Q109912985,,,,https://www.sttsundermann.ac.id
Q109912986,,,2010,https://www.stai.babussalamsula.com
Q109912989,,,2020,https://www.jgu.ac.id
Q109912991,,,2020,https://ahmaddahlan.ac.id/
Q109912992,,,2018,
Q109912993,,,2018,https://unimudasorong.ac.id
Q109912995,,,2003,
Q109912998,,,,https://www.sttkalimantan.ac.id
Q109913019,,,2015,
Q109913021,,,2001,https://stiemujahidin.ac.id
Q109913024,,,2019,
Q109913029,,,2009,https://www.stikesbethesda.ac.id
Q109913030,,,2015,https://www.globalmulia.ac.id
Q109913031,,,2019,https://upprl.ac.id/
Q109913032,,,1983,https://www.stieamm.ac.id
Q109913038,,,,
Q109913040,,,2001,
Q109913042,,,,https://staikualakapuas.ac.id
Q109913043,,,1983,
Q109913044,,,2004,
Q109913048,,,2021,
Q109913049,,,1965,https://www.apmd.ac.id
Q109913058,,,,
Q109913059,,,2002,https://www.stifibp.ac.id
Q109913064,,,1982,https://www.labora.ac.id
Q109913068,,,,https://sttkibaid.ac.id
Q109913078,,,2020,https://upertis.ac.id/
Q109913079,,,1990,https://www.stitmubo.ac.id
Q109913081,,,2017,
Q109913083,,,2004,
Q109913087,,,2018,https://www.stikessalsabila.ac.id
Q109913090,,,2004,https://staisddimangkoso.ac.id
Q109913091,,,2017,
Q109913093,,,2014,
Q109913097,,,,
Q109913101,,,1996,https://www.stietribhakti.ac.id
Q109913103,,,1985,https://www.stiem-bongaya.ac.id
Q109913105,,,,https://www.stitdukotabaru.ac.id
Q109913109,,,,
Q109913113,,,2009,
Q109913114,,,,
Q109913117,,,2015,https://www.sttiaa.ac.id
Q109913120,,,2019,https://uis.ac.id
Q109913124,,,2000,https://www.stai-alazharmenganti.ac.id
Q109913126,,,2019,
Q109913140,,,2011,https://www.akimba.ac.id
Q109913141,,,,
Q109913143,,,1996,
Q109913144,,,2017,https://stisharsyi.ac.id
Q109913146,,,2005,https://www.stikes-khkediri.ac.id
Q109913148,,,2020,
Q109913152,,,2017,
Q109913158,,,2018,https://www.umla.ac.id
Q109913159,,,,
Q109913162,,,2018,https://www.poltekkeskartinibali.ac.id
Q109913163,,,1962,https://www.stiepar.ac.id
Q109913166,,,2016,
Q109913167,,,,
Q109913169,,,1985,https://www.stkippgri-situbondo.ac.id
Q109913171,,,2003,https://www.sttdumai.ac.id
Q109913175,,,2017,https://www.stit-almubarok.ac.id
Q109913178,,,2010,
Q109913183,,,2005,https://www.akbidsingkawang.ac.id
Q109913185,,,,
Q109913186,,,2001,https://www.poltekkesaceh.ac.id
Q109913191,,,2019,
Q109913201,,,1986,https://stkippgritrenggalek.ac.id
Q109913206,,,2019,
Q109913213,,,,https://www.poltekkesjakarta1.ac.id/
Q109913217,,,2018,https://www.universitasbumigora.ac.id
Q109913219,,,2014,https://stikes-baktara.ac.id
Q109913221,,,2017,
Q109913223,,,1995,https://www.stikesphi.ac.id
Q109913224,,,2003,
Q109913232,,,2007,
Q109913236,,,2001,https://www.amikjtc.com
Q109913237,,,2007,https://www.poltekestniau.ac.id
Q109913242,,,2014,https://www.ukmc.ac.id
Q109913243,,,2019,https://www.ibntegal.ac.id
Q109913248,,,,https://www.stthf.ac.id
Q109913249,,,2003,https://stai.darul-hikmah.com/
Q109913250,,,2019,https://poltekkeskhjogja.ac.id
Q109913251,,,2021,
Q109913268,,,2003,https://sttwmi.ac.id/
Q109913269,,,2019,https://www.uqgresik.ac.id
Q109913270,,,2020,https://www.inkadha.ac.id
Q109913272,,,2020,
Q109913277,,,2007,
Q109913281,,,2021,
Q109913283,,,2003,https://www.staihascikarang.ac.id
Q109913285,,,2020,
Q109913286,,,2020,
Q109913288,,,,
Q109913296,,,2001,
Q109913297,,,2007,https://stkipmelawi.ac.id
Q109913299,,,2018,https://poltekpel-sorong.ac.id
Q109913306,,,1973,https://www.aks-akk.ac.id
Q109913307,,,2020,
Q109913310,,,2015,https://www.stidkiarrahmah.ac.id
Q109913312,,,2020,https://stikes-isfi.ac.id
Q109913314,,,2014,
Q109913335,,,2018,https://poltekpelni.ac.id
Q109913339,,,1992,
Q109913343,,,2008,
Q109913346,,,,https://www.sttkadesi-yogyakarta.ac.id
Q109913350,,,2019,
Q109913352,,,2018,https://www.polbangtanmanokwari.ac.id
Q109913353,,,1995,https://akpergshwng.ac.id
Q109913358,,,2013,
Q109913365,,,2010,https://www.poltekkespalu.ac.id
Q109913366,,,2009,
Q109913367,,,2018,
Q109913372,,,2018,https://www.itk-avicenna.ac.id
Q109913378,,,2000,https://www.ikmi.ac.id
Q109913401,,,2019,
Q109913402,,,2009,
Q109913405,,,2006,https://www.stmik-amik-riau.ac.id
Q109913407,,,2003,https://budimulia.ac.id
Q109913409,,,2018,
Q109913410,,,2014,https://sttasm.ac.id
Q109913421,,,2014,
Q109913428,,,2021,https://www.nusamandiri.ac.id
Q109913432,,,2017,
Q109913436,,,2003,https://www.aktanboekittinggi.ac.id
Q109913450,,,2003,https://stipasruteng.ac.id
Q109913457,,,,https://staisolok.ac.id
Q109913458,,,2019,
Q109913459,,,,https://www.sttborneo.ac.id
Q109913460,,,2019,
Q109913465,,,2007,
Q109913472,,,2009,https://stikespmc.ac.id
Q109913476,,,2012,https://www.sttiman.ac.id
Q109913481,,,2011,https://www.iai-agussalimmetro.ac.id/
Q109913482,,,2011,https://www.akfarimambonjol.ac.id
Q109913488,,,2009,https://stmikprofesional.ac.id
Q109913492,,,,
Q109913497,,,1987,
Q109913498,,,1997,
Q109913522,,,2014,https://unisa.ac.id
Q109913526,,,,https://www.sttati.ac.id
Q109913529,,,2015,https://iaimsinjai.ac.id/
Q109913539,,,1994,
Q109913546,,,2007,https://stie-lhokseumawe.ac.id
Q109913547,,,2001,
Q109913548,,,2009,https://www.akperfatmawati.ac.id
Q109913556,,,,https://www.sttsappi.ac.id
Q109913560,,,2004,https://www.uui.ac.id
Q109913563,,,2014,https://www.sttbere.ac.id
Q109913565,,,2015,
Q109913573,,,2006,https://www.poliakamigasplg.ac.id
Q109913574,,,,https://www.sttarrabona.ac.id
Q109913575,,,2000,https://www.stie.gentiaras.ac.id
Q109913576,,,,https://www.sttberitahidup.ac.id
Q109913577,,,2004,https://stiperamuntai.ac.id
Q109913603,,,2017,https://iai-darussalam.ac.id
Q109913612,,,1976,https://www.stkipbima.ac.id
Q109913616,,,2002,
Q109913617,,,2006,
Q109913622,,,,
Q109913624,,,2000,
Q109913629,,,,https://www.sttii-surabaya.ac.id
Q109913633,,,,
Q109913642,,,2008,https://maitreyawira.ac.id
Q109913650,,,2000,https://www.stifar.ac.id
Q109913656,,,2011,https://www.stkipalitb.ac.id
Q109913690,,,2014,https://stisasabanga.ac.id
Q109913702,,,2006,https://www.stkippersada.ac.id
Q109913705,,,,https://sttefata.ac.id
Q109913712,,,2018,https://poltekkes-aisyiyahbanten.ac.id/
Q109913713,,,2016,https://www.stiuda.ac.id
Q109913714,,,2013,https://www.poltekpel-sby.ac.id
Q109913715,,,2015,https://www.staisarsingkil.ac.id
Q109913721,,,2017,
Q109913724,,,2005,https://www.stisalittihad.ac.com
Q109913727,,,2014,https://poltekatipdg.ac.id
Q109913738,,,1993,https://www.jayakarta.ac.id
Q109913739,,,2019,https://nitromks.ac.id
Q109913742,,,,https://stt-indonesia.ac.id
Q109913757,,,2013,https://www.sttrealbatam.ac.id
Q109913758,,,2006,https://www.stikesmaharani.ac.id
Q109913759,,,2017,https://www.udn.ac.id
Q109913760,,,1998,https://www.ekuitas.ac.id
Q109913763,,,1986,https://stiesemarang.ac.id
Q109913764,,,2000,
Q109913767,,,2017,
Q109913781,,,2019,
Q109913782,,,2019,https://ars.ac.id
Q109913785,,,2002,
Q109913789,,,1996,https://www.handayani.ac.id
Q109913790,,,2020,
Q109913791,,,2008,https://www.stainh.ac.id
Q109913804,,,1998,https://stisipwidyapuri-smi.ac.id
Q109913813,,,1969,https://akperrscikini.ac.id/
Q109913815,,,2014,https://polanka.ac.id
Q109913817,,,2014,https://www.akjp2.ac.id
Q109913824,,,1999,https://www.stai-tbh.ac.id
Q109913829,,,2009,
Q109913834,,,1989,https://www.smaratungga.ac.id
Q109913835,,,2019,https://stiudq.ac.id
Q109913850,,,2012,
Q109913853,,,2020,
Q109913872,,,2017,https://unhar.ac.id
Q109913878,,,,
Q109913887,,,2019,https://pepbandung.ac.id/
Q109913888,,,2011,
Q109913889,,,,https://www.stipakdh.ac.id
Q109913890,,,1997,
Q109913899,,,2001,https://www.stibaiec.ac.id
Q109913900,,,2021,https://global.ac.id
Q109913901,,,1980,
Q109913906,,,2021,
Q109913912,,,2018,
Q109913936,,,2020,https://untara.ac.id/
Q109913945,,,2001,https://www.piksiinputserang.ac.id
Q109919130,,,1989,https://www.stitsunangiribima.ac.id
Q109919135,,,2008,https://stai-br.ac.id
Q109919136,,,2008,https://www.nuruliman.or.id
Q109919141,,,2001,https://www.stie-wikara.ac.id
Q109919143,,,2019,https://umubuton.ac.id
Q109919148,,,2008,https://www.stiehidayatullah.ac.id
Q109919154,,,1999,https://www.politekniksurabaya.ac.id
Q109919164,,,2001,
Q109919168,,,1990,https://www.iprija.ac.id
Q109919173,,,2010,
Q109919174,,,2009,https://erdana-mandiri.ac.id
Q109919195,,,2000,https://stt-pomosda.ac.id
Q109919198,,,1971,https://www.stai-siliwangi.ac.id
Q109919203,,,2016,https://www.stkipnutegal.ac.id
Q109919204,,,,
Q109919206,,,1985,https://www.amn.ac.id
Q109919215,,,2007,https://antarbangsa.ac.id
Q109919219,,,2007,https://www.permataindonesia.ac.id
Q109919224,,,1999,https://www.stiesa.ac.id
Q109919226,,,2002,https://www.catursakti.ac.id
Q109919227,,,1996,https://staiannadwah.blog.com
Q109919229,,,2014,https://www.iai-almuslimaceh.ac.id
Q109919233,,,2006,https://www.dianhusada.ac.id
Q109919235,,,2021,
Q109919239,,,2004,
Q109919244,,,2020,
Q109919247,,,1962,https://www.akpardarmaagung.ac.id
Q109919249,,,2010,https://staikap-pekalongan.ac.id
Q109919252,,,2007,https://www.eka-prasetya.ac.id
Q109919257,,,2013,
Q109919258,,,2002,https://www.stainatuna.ac.id
Q109919259,,,2019,https://stikesrshusada.ac.id
Q109919260,,,,
Q109919265,,,,https://www.sttcianjur.ac.id
Q109919270,,,1995,https://www.stiktamalateamks.ac.id
Q109919272,,,2018,
Q109919276,,,1984,https://www.stihzainulhasan.ac.id
Q109919282,,,,
Q109919285,,,1998,https://stiemuarateweh.ac.id
Q109919288,,,1991,https://www.sttbandung.ac.id
Q109919289,,,2006,https://www.phb.ac.id
Q109919297,,,2001,https://www.stie-binakarya.ac.id
Q109919315,,,,
Q109919317,,,2000,https://www.stimata.ac.id
Q109919325,,,2016,
Q109919326,,,1993,
Q109919327,,,1998,https://www.stifapelitamas.ac.id
Q109919330,,,2012,https://www.staispa.ac.id
Q109919333,,,2007,
Q109919336,,,,https://www.stit-syekhburhanuddin.ac.id
Q109919345,,,2012,https://poltekkesjayapura.ac.id
Q109919348,,,2012,
Q109919351,,,2007,https://www.aktabe.ac.id
Q109919352,,,2007,https://www.stmik-bnj.ac.id
Q109919353,,,2010,https://www.stit.maskumambang.ac.id
Q109919358,,,2012,https://polihasnur.ac.id
Q109919360,,,2003,https://stitek.ac.id
Q109919364,,,2000,https://www.stie-ibek.ac.id
Q109919365,,,1994,
Q109919392,,,1987,https://stie-lpi.ac.id
Q109919397,,,1998,
Q109919416,,,2020,
Q109919427,,,2019,
Q109919429,,,2009,https://www.husadakaryajaya.ac.id
Q109919431,,,1987,https://stikehutananpantekulu.ac.id/
Q109919432,,,2012,https://yamasi.ac.id
Q109919439,,,2011,https://staiyogyakarta.ac.id
Q109919466,,,,https://htp://staim-probolinggo.ac.id
Q109919468,,,2002,https://staibanisaleh.ac.id/
Q109919469,,,2003,https://www.sttikat.ac.id
Q109919471,,,,https://www.sttsangkakala.ac.id
Q109919472,,,2019,https://www.pelitabangsa.ac.id
Q109919475,,,2015,https://inais.ac.id/site
Q109919478,,,2000,https://wym.ac.id
Q109919479,,,,
Q109919480,,,2016,https://stikes-ghs.ac.id
Q109919483,,,2001,https://htt://www.stikestms.ac.id
Q109919491,,,2016,https://www.stifsyentra.ac.id
Q109919499,,,2019,https://www.stikesintanmartapura.ac.id
Q109919500,,,2019,https://www.stikes-notokusumo.ac.id
Q109919502,,,2011,
Q109919506,,,1996,https://www.sttmutu-muhammadiyah.ac.id
Q109919510,,,1999,https://www.stiekop.ac.id
Q109919528,,,2009,https://www.stkip-ktb.ac.id
Q109919531,,,,https://www.sttb.ac.id
Q109919533,,,2001,https://www.umada.ac.id
Q109919538,,,,https://poltekkes-tanjungpinang.ac.id
Q109919539,,,2005,https://www.staialamin.ac.id
Q109919547,,,2014,https://www.politeknikmeta.ac.id
Q109919549,,,,https://www.sttpb.ac.id
Q109919558,,,2008,https://www.trisaktimultimedia.ac.id
Q109919561,,,2020,https://ummaspul.ac.id
Q109919565,,,1994,https://www.stbapontianak.ac.id
Q109919566,,,2010,https://staiat-tahdzib.ac.id
Q109919570,,,2009,https://www.stikes-bpi.ac.id
Q109919572,,,2008,
Q109919597,,,1994,https://www.likmi.ac.id
Q109919601,,,2005,https://www.sebi.ac.id
Q109919607,,,2006,
Q109919608,,,2002,
Q109919609,,,1967,https://www.stik-sintcarolus.ac.id
Q109919610,,,2019,
Q109919612,,,1979,https://www.stiebp.ac.id
Q109919613,,,1998,https://stieip.ac.id
Q109919614,,,2001,https://stie.dewantara.ac.id
Q109919616,,,,
Q109919617,,,2006,https://stikeswdh.ac.id
Q109919621,,,,
Q109919622,,,2007,https://stikesmi.ac.id
Q109919626,,,2001,https://www.almaarif.com
Q109919628,,,2008,
Q109919636,,,,https://www.poltekkeskupang.ac.id
Q109919648,,,,https://staialgazalibone.webs.co.id.
Q109919684,,,1996,https://www.stiemifdasubang.ac.id
Q109919707,,,2000,https://www.akfar-yarsi.ac.id
Q109919708,,,2007,
Q109919710,,,2014,https://www.stt-sriwijaya.ac.id
Q109919713,,,2012,https://www.stikeshmposo.ac.id
Q109919715,,,2006,
Q109919724,,,2020,https://umegabuana.ac.id
Q109919727,,,2012,
Q109919729,,,2000,https://www.stmik.ac.id
Q109919733,,,,
Q109919751,,,1990,https://stiealwashliyahsibolga.ac.id
Q109919752,,,1996,https://www.khj.ac.id
Q109919754,,,2006,https://www.stikespanakkukang.ac.id
Q109919760,,,2010,https://www.staialazhar.ac.id
Q109919761,,,,https://www.sttaw.ac.id
Q109919762,,,2005,https://www.stid-mustafaibrahim.ac.id
Q109919765,,,,https://www.sttnusantara.com
Q109919766,,,2009,https://www.stikespanritahusada.ac.id
Q109919767,,,2007,https://www.stiepasim.ac.id
Q109919771,,,2000,https://stiasatyanegara.ac.id
Q109919774,,,2019,
Q109919783,,,,https://www.stapin.ac.id
Q109919784,,,2014,https://anugrah.ac.id
Q109919785,,,2021,
Q109919786,,,2012,https://www.akfarbumsil.ac.id
Q109919795,,,1984,https://www.waskita-dharma.ac.id
Q109919809,,,2019,https://umbulukumba.ac.id
Q109919814,,,2001,https://www.stainidaeladabi.ac.id
Q109919816,,,2014,
Q109919817,,,2005,https://www.stiatabalong.ac.id
Q109919819,,,2019,https://Binainsani.ac.id
Q109919822,,,1967,https://www.akpindo.ac.id
Q109919823,,,,https://stakdiaspora.ac.id
Q109920710,,,1995,https://staimu.ac.id
Q109920750,,,1964,https://www.akademimaritim.com
Q109921108,,,2001,https://www.kampuswiduri.ac.id/
Q109921157,,,2018,https://www.unugo.ac.id/
Q109921169,,,1987,
Q109921179,,,2016,https://polbitrada.ac.id/
Q109921253,,,,
Q109921282,,,2018,
Q109921285,,,2007,
Q109921293,,,2017,
Q109921294,,,2019,
Q109921368,,,2014,
Q109921404,,,2008,https://www.stahds.ac.id
Q109921435,,,2021,
Q109921774,,,2013,
Q109921832,,,2003,
Q109921847,,,2020,
Q109921848,,,,
Q109921850,,,2013,
Q109921887,,,1999,
Q109921997,,,,
Q109922063,,,2014,
Q109922067,,,2020,
Q109922099,,,,
Q109922165,,,2011,
Q109922171,,,2001,
Q109922186,,,,
Q109922339,,,2009,
Q109922343,,,2004,https://www.akperyarsismd.com
Q109922405,,,1983,https://www.stie-kusumanegara.ac.id
Q109922418,,,,
Q109922423,,,2008,
Q109922478,,,2010,https://hestiwirasriwijaya.ac.id/
Q109922578,,,2013,
Q109922621,,,2002,
Q109922653,,,,https://web.poltekkesmamuju.ac.id
Q109922829,,,2001,
Q109922866,,,2019,
Q109923120,,,2021,
Q109923150,,,,
Q109923159,,,2021,
Q109923162,,,2021,
Q109984700,,,2021,https://www.dhu.edu.in
Q110022454,,,2000,
Q110029296,,,2017,
Q110045525,,,,https://www.kpu.edu.rs/
Q110045750,,,,https://www.imsi.bg.ac.rs/
Q110057126,,,,
Q1100801,15247,2020,1964,
Q110100666,,,2021,
Q110100670,,,2021,
Q110109160,,,2018,
Q110127737,,,2012,
Q110140441,,,2019,
Q110235875,,,,
Q110254051,,,2003,https://esda.es/
Q110269592,,,2022,https://iiuler.edu.in
Q110319392,,,,https://kai.kg
Q110413188,,,,
Q1104405,9895,2021,1954,
Q110442979,,,2013,https://www.sinu.edu.sb/
Q11046731,7339,,1994,https://www.ambis.cz
Q110486799,,,2021,https://www.darshan.ac.in
Q11049501,,,2007,
Q110499462,,,2020,https://www.uom.edu.iq/
Q110554819,,,2015,https://al-shamal.edu.sy
Q11061654,,,1958,
Q11062059,,,2002,https://www.gzus.edu.cn/
Q110621719,,,2020,https://www.universitaetsverlag.uni-kiel.de/de
Q110624130,,,,https://www.charlotte-fresenius-uni.de/
Q11062423,,,2001,https://www.glc.edu.cn/
Q110654599,,,,
Q11070561,,,1964,
Q1107189,,,1972,
Q1107305,1087,2020,1908,
Q11074629,,,2003,
Q11085950,,,2002,
Q11085981,,,2003,
Q11086700,3746,2022,1969,
Q110900351,,,2011,https://eu.edu.ge/
Q1109093,1924,2020,1866,
Q110975672,,,,https://uoalhuda.edu.iq/
Q111020102,,,2023,https://rptu.de/
Q11107598,,,,
Q11111580,,,1985,
Q1111261,2000,2021,1874,
Q1111367,4700,2021,1873,https://www.mines.edu/
Q111149667,,,,
Q1111515,5925,2020,1933,https://www.csupueblo.edu/
Q111158643,,,2020,https://uniluanda.ao/wp/
Q1111640,26165,2021,1870,https://www.colostate.edu/
Q111170221,,,,
Q111181045,,,2015,https://www.au.ac.ke
Q1112489,2039,,1923,https://www.ciu.edu/
Q111307163,,,2021,https://anu.edu.eg/ar/home
Q11134930,,,1984,
Q111364851,,,,https://www.kent.edu/tusc
Q111431898,,,2021,https://ites.unistra.fr/
Q111431912,,,2004,https://medinstytut.lviv.ua/
Q111452889,,,,https://tesoem.edomex.gob.mx/
Q111534346,,,2021,
Q1115878,4361,2021,1830,
Q111668147,,,,https://www.cetaps.com/
Q111694614,,,2020,https://tiue.uz/
Q111717740,,,1998,https://www.uniteduniversity.edu.in
Q111737585,,,,https://www.uie.edu
Q111914655,,,2012,https://www.gspb.edu.ng/
Q111931329,,,,
Q111937424,,,2009,
Q111972908,,,,
Q112085389,,,,
Q1121584,,,1973,
Q1122926,50009,2019,1290,https://www.ulisboa.pt/
Q1124179,377,2021,1839,
Q1126179,2848,,1866,https://www.lincolnu.edu/
Q112676159,,,,https://www.yit.edu.cn/
Q112676174,,,,https://www.xtmc.edu.cn/index.htm
Q112676221,,,2002,https://www.jzci.edu.cn/
Q112676332,,,,https://www.cync.edu.cn/
Q112676536,,,,
Q112676667,,,1999,https://www.sdws.edu.cn/
Q112676753,,,,https://www.havust.edu.cn/
Q112676772,,,,
Q112676802,,,,
Q112676845,,,,
Q112676882,,,,https://www.szvtc.cn/
Q112676957,,,,https://www.gwng.edu.cn/
Q112676958,,,,https://www.gdhsc.edu.cn/
Q112676961,,,1999,https://www.hualixy.edu.cn/
Q112677049,,,,
Q112677096,,,,
Q112677125,,,,
Q112677148,,,,https://www.scac.edu.cn
Q112677303,,,,
Q112677348,,,2006,
Q112684478,,,1991,https://frenchvillage.edu.ng/
Q1127387,,,1946,https://cnsad.psl.eu
Q11283766,2293,2020,1917,
Q11285095,455,2022,2001,
Q1128593,11861,,1967,
Q11287623,3227,2020,1945,
Q11288507,,,1875,https://westminsteru.edu/
Q112944784,,,,https://leibniz-lib.de/
Q1130457,,,1919,https://vgik.info
Q113101323,,,2022,https://akuprakasam.ac.in
Q1132346,34767,2021,1887,https://ncsu.edu
Q113245681,,,2023,https://vermontstate.edu/
Q113265393,,,,
Q1134192,482,2020,1914,
Q1134606,26505,2024,1927,https://www.massey.ac.nz
Q11347596,123,2020,1970,
Q113482368,,,2022,
Q113554894,,,,https://saada-uni.edu.ye
Q113561011,,,,
Q113578676,,,1962,https://jmvach.ac.in/
Q113633597,,,2023,https://www.uni-koblenz.de/de
Q113634591,,,,
Q1136874,11841,2020,1869,https://www.stcloudstate.edu/
Q1136919,36660,2016,1858,https://www.iastate.edu
Q11374899,,,2010,https://www.cira.kyoto-u.ac.jp/
Q11374927,,,1962,https://www.kier.kyoto-u.ac.jp/
Q11374932,,,1951,https://www.dpri.kyoto-u.ac.jp/
Q113801870,,,1999,https://www.kias.edu.my/
Q11382529,,,1962,
Q1138374,20346,2021,1870,
Q1138384,21014,2020,1848,
Q113947551,,,,https://ust.edu.ua/
Q1140013,,,1865,https://www.esa-paris.fr/
Q11400830,,,1981,
Q11402715,,,1924,
Q1140542,2275,2024,1837,
Q114076881,,,2022,https://nordicuniversity.org/
Q1140775,1447,2017,1908,
Q114123649,,,,
Q1141571,2174,2019,1874,https://www.macalester.edu/
Q114312336,,,1939,https://www.enrjsm.edu.mx/
Q11432687,,,1963,
Q114339298,,,,
Q114339357,,,,
Q114339359,,,,
Q114339360,,,,
Q114339362,,,,
Q114339363,,,,
Q114339364,,,,
Q114339367,,,,
Q114339368,,,,
Q114339369,,,,
Q114339372,,,,
Q114339373,,,,
Q114339374,,,,
Q114339378,,,,
Q114339379,,,,
Q114339480,,,,
Q114339483,,,,
Q114339487,,,,
Q114339490,,,,
Q114339491,,,,
Q114339497,,,,
Q114339502,,,,
Q114339503,,,,
Q114339518,,,,
Q114339519,,,,
Q114339532,,,,
Q114339554,,,,
Q114339558,,,,
Q114339559,,,,https://vfmcollege.edu/
Q114339573,,,,
Q114339598,,,,
Q114339622,,,,
Q114339645,,,,
Q114339665,,,,
Q114339690,,,,
Q114339730,,,,
Q114339731,,,,https://bryanu.edu/
Q114339735,,,,
Q114339736,,,,
Q114339737,,,,
Q114339739,,,,
Q114339741,,,,
Q114339754,,,,
Q114339774,,,1995,https://www.midwestern.edu/student-experience/glendale-az-campus
Q114339776,,,,
Q114339779,,,,
Q114339781,,,,
Q114339784,,,,
Q114339793,,,,
Q114339794,,,,
Q114339797,,,,
Q114339802,,,,
Q114339803,,,,
Q114339805,,,,
Q114339837,,,,
Q114339841,,,,
Q114339844,,,,
Q114339856,,,,
Q114339863,,,,
Q114339868,,,,
Q114339870,,,,
Q114339884,,,,
Q114339893,,,,
Q114339914,,,,
Q114339915,,,,
Q114339918,,,,
Q114339920,,,,
Q114339925,,,,
Q114339940,,,,
Q114339957,,,,
Q114339959,,,,
Q114339961,,,,
Q114339962,,,,
Q114339963,,,,
Q114339970,,,,
Q114339971,,,,
Q114339973,,,,
Q114339998,,,,
Q114340002,,,,
Q114340007,,,,https://sdi.edu/
Q1143412,2700,2021,1946,https://www.ciachef.edu
Q114355731,,,2022,https://pru.edu.ng/
Q1143711,2550,,1842,
Q114388486,,,2022,https://unv-ebolowa.cm/
Q114436530,,,1923,https://lgpu.org/
Q11448663,,,,
Q114494446,,,,
Q1145306,22520,,1857,https://www.caluniv.ac.in
Q114568254,,,,
Q114618608,,,2004,https://www.ciera.ulaval.ca
Q114658267,,,2013,https://zust.edu.so/
Q114676755,,,2021,
Q114712246,,,2022,https://uust.ru
Q114756495,,,2020,https://almaaqal.edu.iq/
Q11480975,,,1973,
Q114817413,,,2022,https://www.mansnu.edu.eg/
Q114960,5829,2020,1961,
Q1150105,30559,2020,1794,https://www.utk.edu/
Q115017666,,,2002,https://www.quebec-ocean.ulaval.ca/
Q1150245,,,1949,https://www.kyutech.ac.jp/
Q115038143,,,1974,https://www.geotop.ca/
Q1150419,54284,2014,1867,https://unal.edu.co/
Q115057434,,,2023,https://gpu.ac.jp/
Q1151045,,,1949,https://www.shizuoka.ac.jp/
Q115152032,,,2016,
Q115152073,,,,
Q115153330,,,,https://milanoup.unimi.it/
Q115179095,,,,
Q115210101,,,2021,https://ucp.cz/
Q115220,15066,2022,1949,https://www.hiroshima-u.ac.jp/
Q115249824,,,2019,https://itts.ac.id/
Q115376,26269,2020,1867,
Q115517241,,,,
Q115517690,,,,https://www.kuu.ac.in
Q115536568,,,,https://www.northshorecollege.edu
Q115616935,,,2021,
Q115681308,,,2022,https://univ-garoua.cm/
Q115802220,,,,
Q115806099,,,2018,https://saiuniversity.edu.in
Q115818947,,,2017,https://www.cmkl.ac.th
Q115865084,,,,
Q115868470,,,,
Q115922968,,,1969,https://e-supptic.cm/
Q115973023,,,2021,https://humanistische-hochschule-berlin.de/
Q116052700,,,1984,https://nitt.gov.ng/about-us/
Q116201315,,,,
Q116233214,,,,https://www.eiilm.co.in
Q116264906,13000,2024,2024,https://www.isct.ac.jp/
Q11633794,176,2024,1983,https://www.sozo.ac.jp/
Q1164229,9792,2020,1885,
Q116485,17075,2021,1900,https://louisiana.edu/
Q116486082,,,2011,https://kcu.ac.ug/
Q1165608,,,1866,
Q1166681,7000,2023,1996,
Q11672356,,,1963,https://www.kochi-ct.ac.jp/
Q116733921,,,,
Q116784677,,,,https://ubids.edu.gh/
Q11683325,,,1964,
Q116871000,,,,https://ensia.edu.dz/
Q116872670,,,2000,https://globaluniversity.edu/
Q116876982,,,2002,https://universidadeuropea.com/
Q116960702,,,2015,https://www.mituniversity.ac.in
Q116971646,,,2018,https://www.jioinstitute.edu.in/
Q116971904,,,2018,https://www.atriauniversity.edu.in
Q117044341,,,2018,https://mcml.ai
Q117074943,,,,
Q1171185,3168,2020,1976,https://westoahu.hawaii.edu/
Q117251,2967,2020,1888,
Q117307183,,,2001,https://web.iscjournal.com/
Q117312826,,,,
Q1173683,,,1957,
Q117405732,,,,https://kesmonds-edu.ac
Q117406370,,,2025,https://www.eitech.edu.cn/
Q117447595,,,2001,
Q117468481,,,,
Q117481386,,,2014,https://vision.edu.mk/
Q1177741,,,1531,https://www.unithe.hu/
Q117836812,1190,2019,2016,
Q117876,9554,2020,1937,https://www.pepperdine.edu/
Q1179599,2350,2021,1837,https://www.depauw.edu/
Q1179603,22377,2021,1898,
Q1180978,34616,2009,1974,
Q118104566,,,2022,https://www.mbu.asia
Q118142559,,,,
Q11815216,,,2000,
Q11815221,,,2004,
Q11815224,,,1999,https://puas.pl/
Q11815238,,,1999,https://akademia.kalisz.pl/
Q11815250,,,2004,
Q118185578,,,2000,https://www.privrednaakademija.edu.rs/
Q118192977,,,2007,https://nacca.gov.gh/
Q118258797,,,2022,https://www.ehip.eu/
Q11825912,,,1999,
Q118314808,,,,https://www.gulfcollege.edu.om
Q1183967,4739,2020,1891,
Q118399297,,,,https://www.gov.br/crcnne/
Q1185955,17437,2021,1874,https://www.unr.edu/
Q1187623,2290,2020,1886,https://www.kysu.edu/
Q118810833,,,,
Q11884307,6769,2020,1948,
Q118874588,,,2022,https://jeppiaaruniversity.ac.in
Q118875200,,,,https://www.sanisidoro.net/
Q118897981,,,,
Q118902477,,,,
Q118904946,,,2023,https://www.ouhs.ac.in
Q118949613,,,,
Q119041510,,,,
Q1190812,22311,2020,1889,https://www.unm.edu/
Q1191335,3159,2021,1819,https://www.colgate.edu/
Q1191344,16769,2020,1895,https://www.niu.edu/
Q119285478,,,2015,https://www.mkau.edu.et/
Q119348851,,,2004,https://unimam.com.br/
Q1193547,13927,2020,1834,https://tulane.edu
Q11942,19233,2014,1855,https://www.ethz.ch/
Q119463745,,,2022,
Q119465096,,,2021,
Q119465131,,,2022,
Q119465212,,,2022,
Q119465213,,,2021,
Q119465721,,,2022,https://www.ulbi.ac.id
Q119465731,,,2021,
Q119465819,,,2022,
Q119465853,,,2020,
Q119465861,,,2022,
Q119465915,,,,
Q119465922,,,,
Q119465978,,,,
Q119465988,,,,
Q119466000,,,,
Q119466002,,,,https://www.stialan.ac.id/
Q119466004,,,2019,https://poltekssn.ac.id/
Q119496124,,,2022,
Q11959672,6265,2020,1893,https://aurora.edu
Q1196251,226,2020,1836,https://utsnyc.edu/
Q119702803,,,,https://mkur.ac.rw/
Q11979088,1306,2020,1867,https://www.jcsu.edu
Q119808412,,,,
Q119867270,,,,
Q11991254,7550,2020,1929,
Q119981868,,,2019,https://umw.edu.pk/
Q119982204,,,,https://esgee-oran.dz/
Q119993821,,,2021,https://www.umassglobal.edu/
Q12002144,2264,2020,1956,
Q1200666,295,2012,2007,
Q12010517,3935,2021,1904,https://wit.edu/
Q12010547,1066,2020,1890,https://www.wvwc.edu/
Q120176490,,,2021,https://rvu.edu.in
Q120355491,,,2023,https://miva.university/
Q12041073,555,2020,1979,
Q1204714,4353,2020,1887,https://pratt.edu
Q12060410,795,2020,1842,
Q12060731,,,1924,
Q12060891,1039,2020,1893,
Q12061082,2420,2020,1967,
Q12061371,8101,2020,1949,
Q12061548,2200,2020,1828,https://www.mckendree.edu/
Q12062125,3187,2020,1963,
Q120629540,,,2022,https://buhs.ac.in
Q12065026,1137,2020,1916,
Q12065536,,,1952,
Q120671089,,,,
Q12067802,,,2004,
Q12069046,,,1963,
Q12070051,622,2020,1833,
Q12073707,,,1997,
Q120742287,,,1958,https://ipgkrm.moe.edu.my/
Q12074596,,,1991,
Q12074691,,,2002,
Q12074697,,,1946,
Q1207665,,,2004,
Q12077286,,,,
Q1209029,10849,2023,1873,https://www.shinshu-u.ac.jp/
Q120913676,,,2021,https://www.msu.edu.in
Q1209685,,,1920,https://www.ibaraki.ac.jp/
Q1210045,2158,2021,1783,
Q12104640,,,1914,
Q12110193,,,1992,https://www.kpba.edu.ua/
Q12110292,,,1992,
Q121236934,,,2021,https://www.sikkimalpineuniversity.edu.in
Q121295326,,,,
Q121310630,,,,
Q12131094,,,1992,
Q121326850,,,,https://adenuniversity.edu.pa/
Q12132887,,,2010,
Q121408943,,,,
Q12153734,,,1939,https://ddpu.edu.ua/
Q12159102,,,,
Q12164118,615,,1999,
Q12169819,,,1930,
Q12170033,,,1966,
Q12170081,,,1978,https://academysps.edu.ua/
Q121743262,,,1998,https://abu.edu.kz/
Q121745758,,,,https://mvcollegebuxar.org/
Q121775355,,,,
Q12185345,,,2007,https://aust.edu.sy
Q12185355,,,2008,
Q12185356,,,1987,
Q12191827,,,1984,
Q12191842,,,1983,
Q12193467,,,2002,
Q1219886,,,2000,https://www.nye.hu/
Q12200522,,,,
Q12204403,,,2008,
Q12204415,,,,
Q12204421,,,2008,
Q12204476,,,2008,https://iutt.edu.ye
Q12204540,,,2018,
Q122142167,,,2015,https://aaucauniversity.com/
Q122284945,,,2022,
Q12235867,,,,
Q12236085,,,2009,
Q12236173,903,2021,1955,https://www.hmc.edu
Q122382325,,,1974,https://www.idmbls.com
Q122443422,,,,https://www.sa.infn.it/
Q12268488,,,1973,https://www.ueu.eus/
Q122809735,,,2013,https://ddosc.edu.ph/
Q122873017,,,1922,
Q122909985,,,2003,
Q122956627,,,,
Q122964834,,,2023,https://cair-nepal.org/
Q12297478,,,,
Q123003322,,,2021,https://kaushalyaskilluniversity.ac.in
Q123016672,,,,
Q1230739,24888,,1895,
Q123125135,74000,2026,2026,https://adelaide.edu.au/
Q123151689,,,2022,https://unbl.ac.id/
Q123158209,,,,
Q1231724,6500,,1911,https://utahtech.edu/
Q1232428,,,1980,https://www.ehu.eus/eu/
Q123382565,,,,
Q123416294,,,2011,https://www.nantien.edu.au/
Q123421732,,,2020,https://custech.edu.ng/
Q123468294,,,2018,https://www.iilm.edu.in
Q123724532,,,,https://daihoctantrao.edu.vn/
Q123735682,,,,
Q123763371,,,2023,https://www.uib.no/cdn
Q1237670,72,2020,1851,
Q123807358,,,,
Q123823512,,,1898,
Q123989119,,,2023,https://www.azmanuniversity.edu.ng/
Q124048046,,,2017,https://rahs.edu.np
Q124079580,,,2022,https://www.adaniuni.ac.in
Q124092211,,,,https://afrigist.org/
Q12419247,,,1960,https://ksdsu.bihar.gov.in
Q12432,7074,2022,1885,https://www.mtu.edu/
Q124359989,,,,https://www.ssbibliometrics.com/
Q124363130,,,2022,https://www.sss-publisher.com/
Q124375837,,,2021,https://biotechuniv.edu.ua/
Q124393936,,,2022,
Q124397611,,,,
Q124411872,1154,,2024,https://karabakh.edu.az/
Q124412825,2711,2024,2024,https://uttop.fr
Q124415276,,,,
Q124448615,,,1991,https://akscoe.edu.ng/
Q12449999,,,1956,
Q12454592,,,1952,
Q124613281,,,2022,https://metamedia.ac.id/
Q124617946,,,,https://hau.edu.ye/
Q124617957,,,,
Q124653604,,,2023,https://www.teestauniversity.ac.bd/
Q124670480,,,1948,https://www.bam.eus
Q124691781,,,2016,https://www.cu-maghnia.dz/
Q12470471,,,2001,https://www.amikmahaputra.ac.id
Q12471193,,,1945,
Q12471226,,,2014,https://www.atim.ac.id
Q12471232,,,1989,https://web.poltekbangsby.ac.id/
Q124835913,,,2022,https://www.univ-bertoua.cm/
Q12486116,,,1964,
Q12486118,,,2017,https://uinmataram.ac.id
Q12486119,,,1964,https://radenfatah.ac.id/
Q12486120,,,2004,https://iaingorontalo.ac.id
Q12486125,,,2024,
Q12486640,,,2017,https://uinbanten.ac.id
Q12486645,,,2002,https://www.idia.ac.id
Q12486657,,,1984,https://www.iti.ac.id
Q12486662,,,2001,
Q12486665,,,2003,https://www.sttbi.ac.id
Q1248737,2801,2021,1952,https://www.uog.edu/
Q124917493,,,,https://citystgeorges.ac.uk
Q1249251,23505,2020,1905,https://www.missouristate.edu
Q1249519,,,1931,https://www.studigermanici.it
Q125019643,,,1999,https://dhltu.edu.gh
Q12504955,,,2000,https://www.raharja.ac.id
Q12506009,,,2008,https://www.politeknikaceh.ac.id
Q12506010,,,2001,
Q12506012,,,2001,https://pcr.ac.id/
Q12506014,,,,https://pip-semarang.ac.id
Q12506016,,,2001,
Q12506025,,,2010,https://www.polibatam.ac.id
Q12506026,,,1985,https://www.pnk.ac.id
Q12506027,,,1988,https://www.polije.ac.id
Q12506029,,,2000,https://www.pnm.ac.id
Q12506030,,,1987,https://www.poliupg.ac.id
Q12506033,,,1985,https://www.polnes.ac.id
Q12506035,,,1982,https://www.polines.ac.id
Q12506037,,,1984,https://www.politanikoe.ac.id
Q12506038,,,1989,https://www.politanipyk.ac.id
Q12506039,,,1997,https://politanisamarinda.ac.id/
Q12506041,,,1998,https://www.polsa.ac.id
Q12506042,,,2002,https://www.polteksmi.ac.id
Q12511264,,,2022,
Q12511267,,,2021,https://www.iainpalu.ac.id
Q12511268,,,2016,https://www.metrouniv.ac.id
Q12511270,,,2016,https://www.iainkerinci.ac.id
Q12511273,,,2014,https://iain-palangkaraya.ac.id
Q12511280,,,2021,
Q12511282,,,2006,https://iainsasbabel.ac.id
Q12511292,,,2020,
Q12511297,,,1973,https://www.stie-mce.ac.id
Q12511300,,,1988,https://www.stiepas.ac.id
Q12511310,,,1987,https://stikvinc.ac.id
Q12511312,,,2012,
Q12511320,,,,https://www.stkipbanten.ac.id
Q12511321,,,2005,https://stkipkw.ac.id/
Q12511323,,,2023,https://www.stkipmb.ac.id
Q12511331,,,1994,https://www.amikom.ac.id
Q12511333,,,1999,
Q12511338,,,,https://www.stmik-im.ac.id
Q12511345,,,1994,https://www.stmikpontianak.ac.id
Q12511348,,,,https://stmik-sumedang.ac.id
Q12511349,,,2002,https://stmik-wp.ac.id/
Q12511352,,,1992,https://unidha.ac.id/
Q12511354,,,2002,https://www.sttmigas.ac.id
Q12513045,,,2002,https://www.stabn-sriwijaya.ac.id
Q12513047,,,2008,https://stail.ac.id
Q12513048,,,2021,https://inisnu.ac.id
Q12513050,,,2020,
Q12513053,,,2020,https://iakn-toraja.ac.id/
Q12513054,,,,https://www.stakpnsentani.ac.id
Q12513061,,,1969,https://www.driyarkara.ac.id
Q12513063,,,1982,
Q12513077,,,1975,https://stih-manokwari.ac.id/
Q12513078,,,1993,
Q12513079,,,2012,https://www.stih-painan.ac.id
Q12513080,,,2023,
Q12513081,,,2003,https://www.unisayogya.ac.id
Q12513082,,,2018,
Q12513085,,,2021,https://unimugo.ac.id/
Q12513087,,,2006,
Q12513092,,,1958,https://www.stis.ac.id
Q12513093,,,2021,
Q12513094,,,1985,https://stiki.ac.id
Q12513096,,,1986,https://www.stkippasundancimahi.ac.id
Q12513098,,,1983,https://dinamika.ac.id
Q12513100,,,2003,https://www.stmik-banjarbaru.ac.id
Q12513105,,,2008,https://ppb.ac.id
Q12513107,,,2023,https://www.stptrisakti.ac.id
Q12513126,,,2021,https://polteknuklir.ac.id/
Q12513127,,,2018,https://itny.ac.id
Q12513129,,,1992,https://www.sttp-yds.ac.id
Q12513130,,,2000,https://wastukancana.ac.id
Q12513131,,,,https://sttcipanas.ac.id/
Q12513134,,,,
Q12513135,,,,
Q12513136,,,,
Q12513137,,,,
Q12513456,,,1952,https://www.seabs.ac.id
Q125134709,,,2021,https://lusa.ac.bd/
Q12523290,,,2000,https://www.uai.ac.id
Q12523327,,,2001,
Q12523379,,,2012,https://umus.ac.id/
Q12523420,,,1990,https://uppraya.ac.id
Q12523442,,,1979,
Q125255403,,,2024,https://ko-ken-k3.ac.jp/
Q125267404,,,2024,https://www.map.cnrs.fr
Q1253123,7159,2021,1893,
Q125457809,,,,https://ocom.org/
Q125496368,,,1994,https://uod.edu.ly
Q125497018,,,,https://isums.edu.jo
Q125497428,,,2020,https://www.sawauniversity.edu.iq/
Q125497430,,,2020,https://ik.edu.iq/
Q125497435,,,2021,
Q125497471,,,2017,https://www.seiyunu.edu.ye
Q125497838,,,2021,
Q125503560,,,2024,https://www.unfc.ca
Q125522674,,,2017,
Q12553646,,,,
Q12555808,,,,
Q125676207,,,2021,https://fuhsa.edu.ng/
Q125685019,,,,
Q1256981,27349,2020,1899,https://www.sfsu.edu/
Q125761957,,,2014,https://nibs.edu.gh
Q125906317,,,1952,https://www.saice.in/
Q125922,,,1979,
Q125964260,,,2022,
Q12601220,,,,
Q126050081,,,2023,https://www.univ-rennes.fr/
Q126118426,,,2015,https://iask.hu/en/
Q12614843,,,1976,https://www.kims.re.kr/
Q126208815,,,2021,https://umr-phim.cirad.fr/
Q126208822,,,2023,https://womenonlineuniversity.com
Q1262608,,,1974,
Q126315157,,,2006,https://site.ium.edu.so/
Q12644730,,,2007,
Q126736016,,,,
Q12680216,,,2010,
Q126839542,,,2008,https://mbs.edu.rs
Q126839579,,,2023,https://www.bge-lab.fr
Q126839671,,,1999,https://uninga.br
Q12688190,,,,
Q12688191,,,,
Q12688193,,,,
Q12688194,,,,
Q126903050,,,,https://www.utas.uz/
Q126911819,,,,https://mccoycoe.edu.gh/
Q126915070,,,2019,https://www.cvmu.edu.in
Q126915312,,,,https://sites.google.com/moe-dl.edu.my/kvkeningau/home?authuser=0
Q126949646,,,2009,https://jackson.edu.gh/
Q126960902,,,,
Q1269766,,,1829,https://www.dtu.dk/
Q12701143,,,,
Q12701144,,,,
Q12701145,,,,
Q12701146,,,,
Q12701147,,,,
Q12701149,,,,
Q12701150,,,,
Q12701151,,,,
Q12701153,,,,
Q12701156,,,,
Q12701157,,,,
Q12701158,,,,
Q1270831,4566,2020,1907,https://www.redlands.edu/
Q12708600,,,,
Q12708604,,,,
Q12708627,,,,
Q12708641,,,,
Q12712157,,,,
Q12712163,,,2008,
Q127163001,,,2022,https://www.commonwealthu.edu/
Q127269217,,,,https://fgz-risc.de/
Q127272707,,,2020,https://uzmmsi.uz/
Q1273836,8086,2020,1830,https://www.una.edu/
Q127428937,,,2019,https://www.nexford.edu/about
Q127513674,,,1947,
Q127513675,,,1984,
Q127604178,,,,
Q1276380,3529,2020,1920,https://stfrancis.edu/
Q1276602,2271,2020,1890,https://www.sf.edu/
Q1276963,8229,2021,1963,
Q1277776,23219,2021,1907,https://www.ecu.edu/
Q1278152,4644,2020,1889,
Q1278206,14465,2020,1874,
Q1278210,1394,2020,1917,https://emu.edu/
Q1278219,2853,2020,1929,https://www.eou.edu/
Q1278221,22827,2022,1849,https://www.emich.edu
Q1278253,12130,,1882,
Q12783893,,,,https://www.ava.si/
Q127868210,,,,https://apupsg.ac.in
Q12788702,,,,
Q127950085,,,2024,https://universidadeuropea.com/conocenos/andalucia/
Q1279835,3692,2020,1947,
Q1280192,86,2020,1888,
Q1280235,,,1907,
Q128111,,,,https://www.uvawise.edu/
Q128123383,,,2004,https://floridaglobal.university/
Q128276357,,,1976,https://ipgktaa.moe.edu.my
Q12836428,,,1930,https://sport.edu.az/en/
Q12836485,,,2001,
Q1285252,11953,2020,1954,https://www.uaa.alaska.edu/
Q1285262,6813,2020,1917,https://www.uaf.edu/
Q128955268,,,,https://civilizationuniv.edu.ye/
Q128996350,,,,https://ssctu.ac.in/
Q129003904,,,,https://upzmg.edu.jalisco.gob.mx/
Q129077719,,,,
Q12909391,,,2004,https://msu.edu.mk/
Q129255622,,,2022,
Q129256389,,,2014,https://www.poltekip.ac.id
Q129256907,,,,
Q129285335,,,2023,https://westmidlands.university/
Q129307848,,,,
Q129342728,,,2022,
Q129342736,,,2023,
Q129342745,,,2022,
Q129342752,,,2022,
Q129342760,,,2022,
Q129342769,,,2022,
Q129342770,,,2022,
Q129342777,,,2021,
Q129342778,,,2021,
Q129342784,,,2022,
Q129342797,,,2021,
Q129342800,,,2023,
Q129342817,,,2022,
Q129342824,,,2019,
Q129342826,,,2022,
Q129342828,,,2021,
Q129342837,,,2022,
Q129342842,,,2022,
Q129342848,,,2022,
Q129342850,,,2022,https://uiidalwa.ac.id/
Q129342854,,,2024,
Q129342862,,,2023,
Q129342868,,,2022,https://undha.ac.id/
Q129342872,,,2021,
Q129342877,,,2022,
Q129342888,,,2021,
Q129342896,,,2022,
Q129342902,,,2022,
Q129342904,,,2023,
Q129342911,,,2021,
Q129342924,,,2023,
Q129342932,,,2022,
Q129342939,,,2022,
Q129342944,,,2023,https://alfithrah.ac.id/
Q129342957,,,,
Q129342960,,,2023,
Q129342961,,,2022,
Q129342965,,,2023,
Q129342966,,,2022,
Q129342972,,,2023,
Q129342976,,,2019,
Q129342991,,,2022,
Q129342996,,,2021,
Q129342999,,,2020,
Q129343001,,,2022,
Q129343013,,,2023,
Q129343023,,,2022,
Q129343039,,,2023,
Q129343049,,,2022,
Q129343050,,,2023,
Q129343052,,,2019,
Q129343063,,,2022,
Q129343075,,,2022,
Q129343076,,,2022,
Q129343082,,,2021,
Q129343118,,,2021,
Q129343135,,,2022,
Q129343142,,,2021,
Q129343148,,,2023,
Q129343153,,,2022,
Q129343162,,,2023,
Q129343166,,,2023,
Q129343170,,,2022,https://home.asaindo.ac.id/
Q129343178,,,2022,
Q129343183,,,2024,
Q129343187,,,2022,
Q129343191,,,,
Q129343195,,,2023,
Q129343213,,,2022,
Q129343220,,,2023,
Q129343236,,,2022,
Q129343248,,,2022,
Q129343253,,,2008,
Q129343282,,,2022,
Q129343294,,,2023,
Q129343303,,,2022,
Q129343311,,,2022,
Q129343334,,,2021,
Q129343342,,,2019,
Q129343344,,,2023,
Q129343348,,,2009,
Q129343350,,,2008,
Q129343354,,,2022,
Q129343366,,,2022,
Q129343379,,,2023,
Q129343392,,,2023,
Q129343399,,,2023,
Q129343403,,,2021,
Q129343427,,,2022,
Q129343429,,,2022,
Q129343455,,,2024,
Q129343457,,,2024,https://syedzasaintika.ac.id/
Q129343459,,,2024,
Q129343462,,,2022,
Q129343464,,,2021,
Q129343472,,,2021,
Q129343477,,,,
Q129343484,,,2021,
Q129343486,,,,
Q129343488,,,2022,
Q129343498,,,2022,
Q129343504,,,2022,
Q129343506,,,2022,
Q129343514,,,2022,
Q129343516,,,2021,
Q129343518,,,2021,
Q129343524,,,2020,
Q129343542,,,2020,
Q129343548,,,,
Q129343556,,,2022,
Q129343566,,,2022,
Q129343595,,,2022,
Q129343597,,,2022,
Q129343601,,,2023,
Q129343614,,,2023,
Q129343619,,,2021,
Q129343630,,,2022,
Q129343638,,,2022,
Q129343647,,,1976,
Q129343652,,,2021,
Q129343657,,,2023,
Q129343659,,,2023,
Q129343669,,,2014,
Q129343677,,,2017,
Q129343699,,,2020,https://pmb.umbanten.ac.id/
Q129343700,,,2020,
Q129343729,,,2022,
Q129343749,,,2022,https://ubn.ac.id/
Q129343756,,,2022,
Q129343758,,,2022,
Q129343779,,,2022,
Q129343783,,,2023,
Q129343785,,,2023,
Q129343804,,,2023,
Q129343814,,,2021,
Q129343816,,,2022,
Q129343963,,,2019,
Q129344062,,,2023,
Q129344074,,,2023,
Q129344082,,,2023,
Q129344104,,,2023,
Q129344111,,,2023,
Q129344112,,,2023,
Q129344127,,,2024,
Q129344157,,,2024,
Q129344164,,,2024,
Q129344176,,,2024,
Q129344184,,,2024,
Q129344189,,,2024,
Q129344203,,,2024,https://uicordoba.ac.id/
Q129421,36959,2021,1905,https://ucdavis.edu
Q129582274,,,2002,https://ogharapoly.edu.ng/
Q12962895,,,,https://dll.edu.ph
Q12964923,,,1998,
Q129676692,,,2023,https://rtvi.edu.iq/
Q129677204,,,,
Q12968012,,,,https://lemerycolleges.edu.ph
Q12969898,,,,
Q12985944,,,1953,https://fatimacollegemdu.org/
Q13018757,,,,
Q13018762,,,,
Q13018833,,,,
Q13021071,,,,
Q13021088,,,,
Q13021093,,,,
Q13021113,,,,
Q13021124,,,,
Q13021126,,,,
Q13021138,,,,
Q13021897,,,,
Q13021900,,,2007,
Q13021902,,,2012,
Q130219349,,,2022,https://esas-eloued.dz/
Q130242740,,,2016,
Q130286912,,,,
Q130293343,,,,https://catholic.tech/
Q130332179,,,,
Q130350550,,,,
Q130358817,,,2010,https://uninavarra.edu.co/uninavarra/
Q13036063,,,2019,https://sol-tech.co.za/
Q130377117,,,,
Q130394915,,,2016,https://www.infront.kyoto-u.ac.jp/
Q130408985,,,,https://fajr.edu.sd/
Q130478447,,,,https://www.esraa.edu.iq/
Q130527726,,,,https://coeakwanga.edu.ng/
Q13052798,,,1945,
Q130533271,,,,https://iscedbenguela.org/
Q130533282,,,,https://www.esm-tlemcen.dz/
Q130533312,,,,https://www.ensjsi.dz/
Q130537753,,,,https://www.inu.edu.et
Q130537832,,,,https://www.islagaia.pt
Q13054964,1668,2025,1969,https://vsu.am
Q1305521,6936,2021,1862,https://www.usd.edu/
Q130552808,,,2023,
Q13058508,,,,
Q13059056,,,1849,
Q13059486,,,1926,
Q130647048,,,,https://vub.hr/
Q13064815,,,1996,
Q13069491,,,,
Q130732912,,,,https://goldengatecolleges.net/main/index.php
Q1307345,9927,2021,1865,https://umaine.edu/
Q130914520,,,,
Q13096076,,,1985,https://www.pnb.ac.id
Q13096078,,,,
Q130965,15000,2021,1841,https://fordham.edu/
Q13096706,,,1997,https://www.stain-pekalongan.ac.id/
Q130981,875,2010,1859,https://cooper.edu/
Q131010034,,,2024,https://www.dmvri.in/
Q131101560,,,2023,
Q1311379,2685,2021,1869,https://www.trinity.edu/
Q13114341,,,1955,https://www.rajagiri.edu
Q131252,18504,2023,1890,https://uchicago.edu/
Q131293755,,,,https://www.tiu.uz/
Q131351679,,,1984,https://azimeti.az/az
Q131386640,,,2007,https://www.vhzk.hr/
Q131389878,,,,https://maaun.edu.ng
Q131428175,,,,https://istcarloscisneros.edu.ec
Q131429619,,,2022,https://ltu.edu.np/
Q131431929,,,,https://www.tecsanpedro.edu.mx
Q131553814,,,,https://pvpkottayam.in/
Q131560724,,,,https://akadmvd.uz
Q131590874,,,2014,https://eiu.edu.ye
Q131630078,,,,
Q13164,38150,,1755,https://www.msu.ru/
Q131692629,,,2020,https://midocean.ae/
Q131701781,,,,
Q1317143,18916,2021,1798,
Q131748084,,,2010,https://aituedu.org/
Q131756794,,,2003,https://www.uajs.edu.co/
Q131765600,,,1998,https://ouk.edu.kz/
Q13181847,,,1972,
Q13183198,,,1954,
Q131852534,,,,
Q131901726,,,,https://www.institutmetropoli.cat/en/
Q131921611,,,2021,https://www.gdiist.cn/
Q132018251,,,,
Q13202305,,,2006,https://dotr.tj
Q1320232,6000,2021,1878,https://www.udmercy.edu/
Q1321046,1712,2021,1848,https://www.rhodes.edu/
Q1321380,19038,2021,1891,
Q132173329,,,,
Q1323040,,,1880,https://www.hosei.ac.jp/
Q132496974,,,,
Q132602885,,,2019,https://cef.edu.do/
Q132603029,,,2023,https://utamed.es/
Q1326230,,,1889,https://www.nihon-u.ac.jp/
Q1326975,11829,2020,1886,
Q132765520,,,,https://www.universidadunie.com
Q132803465,,,2021,https://nec.edu.sa/en/ncn/
Q132853201,,,2022,https://constructor.university/
Q13311081,2933,2020,1888,
Q1331280,4307,2020,1954,https://www.usafa.af.mil/
Q133247549,,,,https://www.universidadatlanticomedio.es
Q133264472,,,,
Q133538136,,,2025,https://german-uds.de/
Q1335573,5115,2020,1880,https://emerson.edu/
Q13360891,83,2020,1844,
Q13371,21189,2024,1636,https://www.harvard.edu
Q133844856,,,,https://rathinamtechnicalcampus.com/
Q133846121,,,2025,https://zen.ac.jp/
Q133862021,,,2017,https://www.rp.ac.rw/
Q1339396,5828,2020,1863,
Q133998743,,,,
Q134005760,,,,
Q1340908,10238,2021,1866,https://www.kutztown.edu/
Q13415076,,,1972,
Q13417870,,,1944,https://qyzpu.edu.kz/kz/
Q1342151,,,1948,
Q13428213,78,2020,1981,
Q13428257,,,1854,
Q13428327,121,2020,1784,
Q134291891,,,1996,
Q13430595,,,1995,https://www.ap.be/
Q134318220,,,1996,https://www.northern.am
Q134359499,,,2011,https://adsm.ac.ae/
Q134383965,,,,
Q1343885,83137,,1943,https://tec.mx/en
Q134515438,,,1965,https://eastc.ac.tz/
Q134550052,,,,https://baustkhulna.ac.bd
Q1346110,1930,2021,1887,
Q1346135,16094,2020,1870,
Q134617189,,,2011,https://www.ucaribe.com
Q134695487,,,2013,
Q134703678,,,2022,https://www.ukf.ac.ae/en/
Q1347162,750,,1867,
Q134716511,,,2019,
Q134738326,,,,https://smart.org.cn
Q134879009,,,2020,https://www.misselasmo.org/
Q134950964,,,2014,
Q134969239,,,2007,https://kvkpharma.ac.in
Q134994017,,,2022,https://www.drpaiu.edu.in
Q135033980,,,2023,https://www.schoolofsextherapy.com/
Q135067824,,,,
Q135095397,,,2008,https://ilu.edu.mm
Q135190778,,,2004,https://www.ium.edu.mv/
Q135194482,,,1995,https://wilmetteinstitute.org/
Q135218300,,,,
Q1352632,1000,,1943,https://sais.jhu.edu/
Q13527017,9740,,1969,
Q1353248,18500,2021,1888,https://www.nmsu.edu/
Q1353679,43014,2021,1869,
Q135396483,,,2019,https://spingharkabul.edu.af/
Q135398351,,,2006,https://new.gaposa.edu.ng
Q135447701,,,,
Q135451195,,,1958,
Q135480040,,,2021,https://ccimcollege.com
Q135489760,,,2009,https://tabesh.edu.af
Q135497634,,,,
Q135559092,,,1947,https://umayor.edu.co/
Q13564053,14769,2020,1968,https://www.wilmu.edu/
Q135642295,,,1987,https://www.noroff.no/en/studies/university-college
Q135649196,,,1999,https://www.ese.cl
Q13572981,16055,2017,1963,https://www.southalabama.edu/
Q1357677,,,1738,https://vaganovaacademy.ru/
Q1357891,2500,2021,1800,https://www.middlebury.edu/
Q13580310,,,2000,
Q13582663,3400,2020,1909,
Q135831262,,,2000,https://jjmc.edu.np
Q135911709,,,,
Q135914996,77500,2025,1990,https://ufc.dz/en/
Q135975682,,,2012,https://www.esss.dz
Q1360303,27645,2021,1865,https://uky.edu
Q136035498,,,2010,https://iimscollege.edu.np
Q136089651,,,2019,https://istriobamba.edu.ec/
Q136090438,,,1995,https://bolashaq.edu.kz/
Q136222229,,,2025,https://newgateuniversityminna.edu.ng
Q136225104,,,1982,https://imst.edu.ly/
Q1363371,,,,
Q13634567,3706,2020,1961,https://www.lsua.edu/
Q136358928,,,1984,https://fcpc.edu.ph/
Q136384237,,,2020,https://www.unitedmedicity.com/
Q136386289,,,,https://www.uqs-ye.info/
Q136388681,,,2004,https://futureuniversity.com
Q136394803,,,,
Q136395138,,,,https://jums.edu.ye
Q136412851,,,2001,https://altamash.edu.pk/
Q136433554,,,2008,https://uds.edu.py
Q1364464,,,1857,
Q136463940,,,2025,https://www.universitasannasher.ac.id/
Q136505481,,,,
Q136524138,,,,
Q136542440,,,2000,https://www.geomatika.edu.my/
Q136560010,,,,https://iepa.ucc.edu.gh
Q13656445,,,,
Q136564719,,,2021,https://scd.edu.pk
Q136565002,,,2025,https://namdtu.uz/
Q136565008,,,,https://www.universitatcarlemany.com/
Q1366519,3113,2020,1854,
Q136655606,,,1997,https://ubas.edu.pk/
Q136674859,,,,https://nlumeg.ac.in/
Q136675175,,,2011,https://bkcd.edu.pk
Q136686649,,,,
Q136696860,,,2016,https://www.sfms.edu.sg
Q136700322,,,2009,https://www.acu.edu.au/about-acu/institutes-academies-and-centres/nursing-research-institute
Q136755817,,,,https://www.ecnz.ac.nz
Q136776501,,,2018,https://www.acu.edu.ly/
Q136803539,,,2012,https://nilgiricollege.ac.in/
Q137047476,,,,https://ekfz.uni-goettingen.de/
Q137285853,,,,
Q137294445,,,1988,https://www.maibangdegreecollege.edu.in/
Q137302554,,,2025,https://monarchuniversity.edu.ng/
Q137361020,,,1972,https://mnwc.edu.in/
Q137397370,,,2025,https://khwu.uz/
Q137402443,,,,
Q137426540,,,,
Q137435511,,,,
Q137456493,,,2007,https://ulsaoaxaca.edu.mx
Q137456629,,,,https://www.lasallevictoria.edu.mx/
Q137575145,,,2021,https://ar-rasheed.edu.ye/
Q1375986,7227,2022,1949,https://www.gifu-u.ac.jp/
Q137650231,,,2019,https://www.gandakiuniversity.edu.np
Q137655176,,,2015,
Q1377,60000,,1919,https://www.uni-lj.si/
Q137759473,,,2002,https://ssdc.ac.in
Q1378320,1651,2021,1864,https://swarthmore.edu
Q137843040,,,1983,https://pecit.edu.ph
Q137856187,,,1971,
Q137862900,,,2018,https://apcaurangabad.org
Q137874137,,,,https://www.svpcop.org
Q137882799,,,1964,https://jdsgcollege.edu.in
Q137908514,,,1979,https://ves.ac.in
Q137910260,,,,
Q137911079,,,2018,https://phsu.edu/about/locations-and-visits/st-louis.php
Q137920454,,,,https://gwfo.ca/index.php
Q137921345,,,2007,https://hthgse.edu
Q137942688,,,2021,https://onesb.edu.in
Q137942739,,,2021,https://khongnangthabauniversity.ac.in
Q1379613,11958,2020,1837,
Q137999510,,,2010,https://devshomoeopathy.com
Q138002732,,,1984,https://www.gprcp.ac.in
Q1380223,454,2012,1971,
Q138028309,,,2009,https://gci.edu.np
Q138052955,,,2023,https://www.iconicuniversity.edu.ng/
Q138052977,,,2022,https://www.babaahmeduniversity.edu.ng/index.html
Q138100821,,,,https://www.uni-goettingen.de/en/690135.html
Q138106459,,,2023,https://dharwad.nfsu.ac.in
Q138257290,,,2009,https://www.unigran.edu.py/
Q138296833,,,2023,https://brannerglobal.education/
Q138301887,,,2017,https://psvpharma.ac.in
Q138333434,,,2020,https://unisa.cdmx.gob.mx/
Q138335385,,,2023,https://caguniversity.uz/
Q138350072,,,2002,https://drgupopeengg.org
Q138460563,,,2024,https://research.digitalhealth.pe
Q138460718,,,,https://www.univ-toulouse.fr
Q138479125,,,2007,https://www.happyvalley.in
Q138514662,,,2008,https://sitrc.sandipfoundation.org/
Q138518851,,,1993,https://toshniwalcollege.ac.in/
Q138580848,,,1904,https://www.stpaulsschoolofnursing.edu
Q138587076,,,2020,https://giu.edu.pk
Q138587616,,,2006,https://www.greenhopeuniversity.edu.so
Q138610301,,,2002,
Q138610799,,,2000,
Q138610946,,,2018,https://burauen.cc
Q138611376,,,2009,https://aljazeeraibb.edu.ye
Q138655151,,,1922,https://qiriazi.edu.al
Q138662656,,,2025,https://ubsu.uz/
Q138662672,,,2019,https://sssuhe.ac.in/
Q138662877,,,2013,https://kespodak.edu.ng/
Q138711060,,,,https://ikkhg.ac.id/
Q13871735,,,1997,
Q138732135,,,1997,https://www.bitm.edu.in
Q138767204,1500,,1397,https://tsu.edu.af/
Q138773298,,,2026,https://www.csuc.edu.cn
Q138777363,,,,https://utarki.ac.id
Q138790025,,,1974,https://ucmb.edu.py/
Q138794701,,,2012,https://www.hillside.edu.np/
Q138794764,,,2025,https://sharqedu.uz/
Q138808563,,,2022,https://aiiu.edu.af/
Q138815099,,,2017,https://stephensgroupofinstitutions.com/stephens-nursing
Q138828692,,,1987,https://measiim.edu.in/
Q138828706,,,1992,https://www.acscpalus.edu.in/
Q1388299,,,1994,https://www.fh-wien.ac.at/
Q1388302,,,2006,https://www.fhg-tirol.ac.at/
Q1388304,,,2001,https://www.fh-campuswien.ac.at/
Q138844585,,,1991,https://shu.edu.mn
Q138891310,,,1994,https://www.vpasccollege.edu.in/
Q138937105,,,,
Q138953674,,,2009,https://avasctnj.edu.in/
Q139027873,,,2001,https://www.patriciancollege.ac.in/
Q139032353,,,1974,https://www.ctbs.org.za
Q139033490,,,2024,https://sarbon.university
Q1391187,113,2012,2010,
Q1391247,268,2012,1998,https://hpolbb.de/
Q1391271,15,2012,2012,
Q1393265,5513,2020,1942,
Q1393301,7479,2020,1942,https://www.fdu.edu/
Q1393841,,,1950,
Q139492524,,,2025,https://umkota.ac.id
Q139762202,,,2012,https://www.mili.edu.af
Q139782530,,,2016,https://ukmc.ac.uk
Q139784130,,,2005,https://iimspune.edu.in
Q139889697,,,2004,https://www.eesmajithia.edu.in
Q139894368,,,2002,https://mrvv.edu.in
Q139901,29566,2020,1899,
Q1399078,6726,2020,1867,https://www.uncfsu.edu/
Q139994581,,,1995,https://itred.edu.ec
Q140001467,,,,
Q140033219,,,1992,https://mandakh.edu.mn
Q140127974,,,,https://universitelumumba.org
Q140187541,,,1997,https://web.itslibertad.edu.ec/
Q140226022,,,2021,https://aucy.ac.cy
Q140226286,,,,https://shau.edu.iq
Q140290346,,,2024,https://newanglia.com
Q140307802,,,2020,https://rw.edu.ye
Q140314891,,,2001,https://www.nmrec.edu.in
Q140314968,,,1998,https://nasccbe.ac.in
Q1403504,,,1975,
Q140366450,,,2022,https://bitu.uz
Q140442435,,,2022,https://uchs.edu.pk
Q140450526,,,2015,https://zikura.edu.mv
Q140466953,,,2018,https://zamzam.edu.sd
Q140473456,,,1979,https://siiet.ac.in
Q140493957,,,1957,
Q140499546,,,1955,https://www.gtchooghly.ac.in
Q140532603,,,2015,https://dbcgolaghat.edu.in
Q140532917,,,2007,https://ajkcas.ac.in
Q140540772,,,2010,https://www.nguchc.com
Q140550643,,,2015,https://www.nsu.edu.af
Q140561799,,,2003,https://cidch.edu.bd/
Q1405689,,,,
Q140569977,,,2017,https://iusr.university
Q140569986,,,2020,https://www.msud.edu.ly/
Q140588841,,,1992,
Q140588884,,,2019,https://gtnbnyscollege.ac.in
Q140588946,,,1944,https://rac.ac.in
Q140588963,,,2007,
Q140589037,,,1996,
Q140638048,,,2024,https://www.smu.edu.ly
Q140645558,,,1959,https://hmmcollege.ac.in
Q140677041,,,2003,https://kazirangaenglishacademy.org
Q140689476,,,2019,https://tagorecop.ac.in
Q140707312,,,2020,https://jku.edu.in/
Q140736780,,,1946,https://www.mnc.edu.in/
Q1407897,12578,2021,1884,https://www.ferris.edu/
Q140877931,,,1996,https://cctben.edu.ly/
Q140893583,,,1979,https://east.university
Q140947626,,,2003,https://modernlawcollege.ac.in/
Q140963656,,,2018,https://www.ucpt.edu.pk/
Q140999813,,,2005,
Q141018806,,,2010,https://sriraajaraajan.in/
Q141066566,,,2018,
Q1411093,2319,2020,1856,https://www.stlawu.edu/
Q141112318,,,2019,https://eiu.ac
Q141120548,,,2008,https://rsu.edu.so/
Q1411222,38541,2020,1957,https://www.gmu.edu/
Q141137298,,,2002,https://vsit.edu.in
Q1420239,37367,2021,1884,https://www.temple.edu/
Q1420390,,,,https://www.ikgs.de/
Q1422594,17377,2021,1879,https://www.shsu.edu/
Q1423756,32327,,1923,https://www.ttu.edu/
Q142617,,,1945,
Q1430048,8077,2021,1887,https://www.famu.edu/
Q1430054,15358,2020,1991,
Q14323224,,,1990,https://www.stieken.ac.id
Q1432635,400,,1979,
Q143451,46717,2021,1963,
Q1438597,3469,2020,1911,https://www.fortlewis.edu/
Q1439629,4874,,1917,
Q1441652,4148,2020,1957,https://www.fmarion.edu/
Q1443288,,,2018,https://uaw.edu.ec/
Q14437811,5685,2021,1899,https://www.simmons.edu/
Q14438080,5395,2020,1838,
Q1446181,24052,2020,1870,https://hunter.cuny.edu/
Q14529898,,,,https://eapc.gencat.cat/ca/inici
Q1453964,300,2012,1928,
Q1454789,11245,2020,1966,https://www.tcc.fl.edu
Q14621135,,,1971,
Q1465303,22000,2021,1915,https://www.webster.edu/
Q1466001,9535,,1842,
Q14679337,2530,2020,1963,
Q14680335,,,1978,
Q14680717,7634,2020,1970,
Q14681302,1912,2020,2003,https://np.edu/
Q1468161,24723,2020,1912,
Q14681667,,,1994,
Q14682420,401,2020,1896,
Q14682464,7123,2020,1962,
Q14683818,20080,2020,1916,
Q14684169,377,2020,1980,
Q14685417,1184,2020,1886,https://www.gbc.edu/
Q14685856,13937,2020,1960,
Q1468607,96709,2022,1971,https://www.liberty.edu/
Q14686966,1417,2020,1886,https://www.yhc.edu/
Q14687525,,,1962,https://www.ccc.edu/colleges/washington/pages/default.aspx
Q14687535,4485,2020,1991,
Q14688450,4078,2021,1930,https://www.indianatech.edu/
Q14689503,,,1963,
Q14689766,,,1927,
Q14689828,1727,2020,1936,
Q14690128,10180,2020,2005,
Q14690940,,,1847,https://www.midway.edu/
Q14692174,,,1974,
Q14692455,58526,2020,1947,https://www.umgc.edu/
Q14692660,,,1970,
Q14704552,,,1939,
Q14704764,1014,2020,1878,https://rockymountain.bkstr.com/
Q14705363,,,1946,https://www.nec.edu/
Q1470544,4857,2020,1898,https://www.frostburg.edu/
Q14705495,2556,2020,1942,https://www.felician.edu/
Q14705934,,,2004,
Q14706889,2408,2020,1841,
Q14706973,,,1945,https://www.mirmesivta.com/
Q14707079,337,2020,1911,
Q14707354,,,1971,
Q14707819,,,,
Q14707890,167,2020,1973,
Q14707985,2042,2020,1964,
Q14707988,1202,2020,1960,
Q14708361,1168,2020,1889,
Q14708393,3799,2020,1959,
Q14708443,311,2020,1959,
Q1470949,,,,https://www.seminario.milano.it/
Q14709596,1256,2020,1856,https://www.newberry.edu/
Q14709668,,,1965,
Q14709772,1167,2020,1936,
Q14709796,1324,2020,,https://www.wdt.edu
Q14710034,4885,2020,1897,https://www.lmunet.edu/
Q14711364,,,1971,
Q14712798,3294,2020,1950,https://marymount.edu/
Q14713041,2050,2020,1962,
Q14713457,2086,2020,1967,
Q14714528,916,2020,1968,
Q14714546,12618,2020,1912,
Q14715332,775,2020,1961,
Q14715374,1575,2020,1994,
Q14715762,528,2020,1894,
Q14715789,294,2020,1924,
Q14715866,2404,2021,1948,
Q14716344,1058,2020,1967,
Q14716399,,,1850,
Q14716404,40036,2020,1968,https://egcc.edu/
Q1472315,23295,2021,1960,
Q1472347,11366,2020,1869,https://siu.edu/
Q1472358,47090,2020,1927,https://www.uh.edu/
Q1472663,18698,2014,1969,
Q1473615,26822,2020,1910,https://www.kent.edu
Q1473796,16926,2020,1969,https://www.unf.edu/
Q1474005,7490,2020,1899,
Q1474100,24286,2020,1930,https://www.odu.edu/
Q1474105,17517,2020,1906,https://www.wku.edu/
Q1474129,18921,,1866,https://www.towson.edu/
Q1474157,8375,2020,1958,https://lsuneworleans.edu
Q1475020,2880,2021,1826,
Q1475413,7500,2021,1851,
Q1476484,12753,2020,1891,https://ncat.edu
Q1481465,5148,2024,1980,https://hoems.hessen.de
Q14817590,,,2006,https://www.caodangvietmy.edu.vn/
Q14917447,,,2021,
Q14917448,,,1965,
Q1492903,,,,https://gc.edu.gm
Q1495387,37812,2020,1899,https://www.txst.edu/
Q14957031,,,1964,
Q14957078,,,1948,
Q14957090,,,2006,
Q14957098,,,1972,
Q14957112,,,1950,
Q14957119,,,,
Q149990,10778,2021,1850,https://www.rochester.edu/
Q15043606,,,1978,
Q15051796,,,1986,
Q15051869,,,1964,
Q15060585,,,,
Q1507218,7682,2020,1925,https://www.coloradomesa.edu/
Q15088248,,,1994,
Q1509333,30263,2018,1913,
Q1513891,,,1971,https://www.gess.edu.sg/
Q15142,31350,2019,1863,https://www.umass.edu/
Q15143,18150,2020,1975,https://www.uml.edu
Q15144,16259,2020,1964,https://www.umb.edu/
Q1515048,2866,2020,1909,https://www.nps.edu
Q151510,29762,2014,1386,https://www.uni-heidelberg.de/
Q1515763,2972,2021,1874,https://wp.stolaf.edu/
Q1517974,3000,,1940,
Q1518804,8078,2020,1909,https://www.nccu.edu
Q1520129,2600,2021,1832,
Q15210735,,,2011,https://www.cu.ac.ae/
Q15213548,2303,2020,1896,
Q1521725,34285,2020,1860,https://www.lsu.edu/
Q15222152,,,1974,
Q15222431,,,1990,
Q15229727,,,,
Q15233264,,,2009,https://www.kiut.ac.tz
Q1524124,2800,2020,1867,
Q15242208,6205,2020,1966,https://www.lccc.edu/
Q15256672,2806,2020,1853,https://www.mtaloy.edu/
Q1525831,358,2020,1941,https://www.mdanderson.org/
Q15260493,,,,
Q15260958,,,2009,
Q15261025,,,1964,
Q1526305,335,2020,1875,
Q15264996,,,1991,
Q15265894,,,1927,https://berks.psu.edu/
Q15265897,,,1963,
Q15265909,,,1914,
Q15292698,,,1979,https://www.polinema.ac.id
Q1532470,35420,2018,1963,https://www.kennesaw.edu/
Q153265,42421,,1819,https://www.uc.edu/
Q1534879,5060,2021,1901,
Q1536258,10372,2021,1911,https://www.smu.edu/
Q1537303,7637,2021,1887,https://www.gonzaga.edu/
Q1537759,16195,2021,1870,https://www.luc.edu/
Q1538540,768,,1894,
Q1538982,2673,2020,1903,https://www.msoe.edu/
Q1539696,,,1936,https://www.ipn.mx/
Q1540471,4650,2020,1969,https://www.govst.edu/
Q1542352,,,1829,
Q15440303,,,1987,
Q1546191,18266,2021,1903,https://wmich.edu
Q1547286,,,1882,https://madparis.fr
Q1548573,,,1962,
Q1551044,5333,2014,1875,
Q1552010,8140,,1931,
Q1552113,5246,2020,1893,
Q1552247,,,1937,https://www.keralauniversity.ac.in
Q15570,19861,,1963,https://cuhk.edu.hk
Q1563835,93,2020,1947,
Q1563992,11344,2021,1950,
Q15649262,,,1964,
Q15649450,,,2004,https://www.qdc.edu.cn/
Q1565621,493,2020,1957,
Q1566138,7117,2020,1900,
Q156725,43772,2020,1919,https://uni-hamburg.de
Q1567748,2047,2020,1795,https://www.union.edu/
Q1568237,18070,2020,1971,https://www.nu.edu
Q15692999,,,1965,https://www.kbncollege.ac.in/
Q1571390,2645,2020,1910,
Q15721678,,,2010,
Q1572917,,,,https://www.hamburgmediaschool.com/
Q15732430,,,1938,
Q1574185,21894,2019,1845,https://www.ucc.ie
Q158158,36962,2012,1828,https://tu-dresden.de/
Q15820219,,,1957,
Q15834578,,,,https://www.mvp.uni-muenchen.de/
Q15852343,160,2013,2013,
Q15899144,,,1953,
Q15913567,,,1940,
Q15914728,,,1956,
Q1591615,4243,2020,1965,https://www.hpu.edu/
Q1591654,1909,2020,1946,https://www.lssu.edu/
Q15917097,,,1958,https://www.sdca.edu.cn/
Q15918210,,,1951,
Q15920436,,,2001,https://www.qvc.edu.cn/
Q1592074,2712,2021,1826,
Q15921549,,,1999,
Q15925839,,,2001,https://www.cdpc.edu.cn/
Q15927405,,,,https://www.tjzj.edu.cn/
Q15935155,,,1998,https://www.szcu.edu.cn/
Q15935810,,,1948,https://www.lnist.edu.cn/
Q15938742,,,1996,
Q15940932,,,2003,
Q15941093,,,1992,
Q15941738,,,1979,
Q15944318,,,1836,
Q15963289,,,1933,
Q15972910,,,1991,
Q15983437,,,,
Q1601627,,,1984,
Q1604517,,,1996,
Q16047126,,,,
Q16047236,,,,https://mehralborz.ac.ir/
Q1604967,3163,2020,1890,https://www.hsu.edu/
Q16050004,,,,
Q1605137,1468,,1876,https://www.hendrix.edu/
Q1605513,2070,2020,1883,
Q16056625,,,1983,
Q16096532,,,1978,
Q16114732,,,1998,https://www.tvz.hr/
Q16121178,,,2002,https://eaeu.edu.sd/
Q16121271,,,1994,
Q1613236,7072,2020,1854,https://www.ric.edu/
Q16149853,,,1872,https://www.lyon.edu/
Q161562,2397,2021,1891,https://caltech.edu
Q16165042,,,2001,https://www.stkipaisyiyahriau.ac.id
Q16165176,,,1996,https://www.akperalkautsar.ac.id
Q16171239,,,1992,
Q16182620,,,1966,https://www.uinib.ac.id
Q16183288,,,2022,
Q1619104,224,2012,1896,
Q16201643,285,2020,1913,https://www.seminary.edu/
Q1622072,3500,2015,1994,
Q1622078,4550,1998,1971,https://www.hochschule-bochum.de/
Q1622099,5708,2012,1848,https://www.hs-fresenius.de/
Q1622174,151,2012,1996,https://www.dguv.de/hochschule/
Q1622191,38,2012,1948,
Q1622215,403,2014,1950,https://www.hfp.tum.de/hfp/
Q1622222,5168,2006,1992,
Q1623314,9266,2021,1935,https://www.hofstra.edu
Q1623675,66,2018,1880,https://www.th-elstal.de/
Q16248046,,,2012,
Q16250609,,,1998,
Q16252166,,,1921,
Q16253277,,,1979,
Q16256213,,,1986,
Q16258657,431,2020,1979,
Q1629024,1245,2023,1949,https://www.nara-edu.ac.jp/
Q1629641,4554,2020,1856,https://wou.edu/
Q16306342,,,,
Q16306361,,,,
Q16306394,,,,
Q16306405,,,1983,https://sites.google.com/smnc.ac.th/smncweb/home
Q16306408,,,,
Q16306429,,,,
Q16306485,,,,
Q16307808,,,,
Q16308969,,,1951,
Q16309416,,,1951,https://www.srcollege.edu.in/
Q16345880,,,2008,
Q1636837,,,1911,https://tecnico.ulisboa.pt/
Q16369106,,,1945,https://vbig.ge/
Q16413706,,,,
Q16414944,,,1981,
Q1641788,17649,2020,1892,https://www.uri.edu/
Q16423702,,,2013,https://vogu35.ru/
Q16432943,,,2003,
Q16433690,,,1961,
Q16433797,,,,
Q16480294,,,,
Q16480583,,,1977,https://www.ttn.edu.vn/
Q16480704,,,,
Q16481353,,,,
Q165053,,,1978,
Q16511695,,,2006,
Q16537075,,,1955,https://etudiant.gouv.fr/en
Q16552124,,,2010,https://www.cfe.edu.uy/
Q1656608,11766,2020,1901,
Q16579132,,,1961,
Q1658675,7289,2020,2002,
Q165980,93628,2017,1365,https://www.univie.ac.at/
Q1661325,10037,2020,1875,
Q16617278,,,2004,https://wam.edu.pl
Q16644557,,,,
Q16647785,14800,2021,2013,https://kedge.edu/
Q1665124,,,1963,https://www.iscparis.com
Q1665131,,,2004,https://www.iqb.hu-berlin.de/
Q1665209,,,1946,https://www.inba.gob.mx
Q16665962,9500,,2013,
Q1666981,3278,2020,1886,https://www.jcu.edu/
Q1667283,237,2018,2011,
Q1667749,,,1993,https://tu-dresden.de/ihi-zittau
Q16682075,12446,2021,1972,https://www.univ-antilles.fr/
Q1669453,3003,2020,1882,
Q16705458,,,2003,https://registry.edbo.gov.ua/university/1139/
Q16733330,,,1963,https://akatsico.edu.gh/
Q16733703,,,2007,https://kaafuni.edu.gh/
Q16737917,,,2013,
Q167733,2631,2019,1889,https://barnard.edu/
Q168000,12445,2021,1893,https://american.edu
Q168003,,,1998,https://www.hes-so.ch/
Q1681928,3975,2020,1819,https://www.norwich.edu/
Q1682329,2747,2020,1880,https://www.tuskegee.edu/
Q16828079,,,2010,
Q1683585,2817,2020,1871,
Q16842091,,,1921,
Q16846445,50000,,1879,
Q16848847,,,2002,
Q16850113,,,2001,
Q168515,33081,2020,1850,https://www.utah.edu
Q16862760,,,,
Q168751,18003,2021,1838,https://duke.edu
Q16875454,,,2014,https://hama-univ.edu.sy/
Q168756,45057,2021,1868,https://berkeley.edu
Q1688743,360,2020,1886,https://www.jtsa.edu
Q16890096,,,1965,
Q16890332,,,2007,
Q16890796,934,2020,1974,
Q16891666,,,1946,
Q16892571,212,2020,1936,
Q16892811,,,1995,
Q16894145,,,1976,
Q16895147,,,1922,
Q16895693,,,2009,
Q16899555,,,1880,
Q16899931,,,1989,
Q16900342,,,1967,
Q16900521,,,,
Q16902334,,,1998,
Q16902453,,,1998,
Q16902793,180,2020,1962,
Q1690564,,,1998,
Q16912035,780,2011,2014,
Q16915118,,,,
Q16928304,,,,
Q16934156,,,,
Q16934820,,,2013,
Q16935354,,,1981,
Q16938304,,,1962,
Q16938413,,,2011,
Q16947040,4202,2020,1973,
Q16951582,6812,2021,1950,https://www.mercy.edu/
Q16952,50481,2025,1898,https://english.pku.edu.cn
Q1695578,2676,2021,1934,https://salve.edu/
Q16959503,836,2020,1983,https://www.uat.edu/
Q16959509,,,1988,
Q16964997,,,,
Q16969696,,,1972,
Q16972508,,,1954,https://www.brokenshire.edu.ph
Q16973332,482,2020,1899,
Q16974705,,,1968,
Q16975104,1054,2020,1957,https://www.ohio.edu/eastern
Q16976054,,,,
Q16981182,4683,2020,1970,
Q1698206,2600,2020,1867,
Q16983276,2624,2020,1961,https://www.wvup.edu/
Q16983311,337,2020,2012,
Q16988497,,,1978,https://www.jibc.ca/
Q16989569,,,1962,
Q16993532,4173,2020,,
Q16994039,6168,2019,1970,
Q16994044,6608,2020,1962,
Q16994046,,,1958,
Q16994651,,,1984,
Q16997124,,,1981,
Q16997159,,,1889,
Q16997791,,,1946,
Q170027,45500,,1836,https://www.london.ac.uk/
Q17005538,,,1951,
Q1700617,15766,2020,1964,https://new.jjay.cuny.edu/
Q17006626,,,,
Q17008942,,,1998,
Q17008973,1153,2020,1906,https://lcuniversity.edu/
Q17010017,869,2020,1899,
Q17012153,1350,2020,1979,
Q17013236,,,2008,https://university.kiss.ac.in/
Q17013367,,,1950,
Q17014230,,,1930,https://www.acer.org
Q17016519,,,2006,
Q17018054,16736,2020,1954,
Q1702106,800,,1917,https://www.msmnyc.edu
Q17022954,,,1953,https://www.xmmc.edu.cn/
Q17024978,,,1991,
Q17025083,,,1956,https://www.gxtcmu.edu.cn/
Q17026946,495,2020,1965,
Q17027576,3790,2020,2011,
Q17028121,,,2015,
Q17029997,,,1999,
Q17030006,,,2004,https://www.wzut.edu.cn/
Q17030460,,,1952,
Q17032384,,,2000,https://www.ntit.edu.cn/
Q17032823,972,2020,1972,https://www.cooley.edu/
Q17033012,5742,2020,1970,
Q17034947,125,2020,1979,
Q17036156,,,2007,
Q17038565,1236,2020,1967,
Q17038708,,,1999,https://www.wzpt.edu.cn/
Q17040048,,,1952,https://www.nltcc.edu/
Q17047793,,,2010,
Q17049910,,,1972,
Q17050803,,,2002,
Q17052370,,,1990,
Q17054231,,,2011,
Q17056176,,,2013,https://www.iiitkota.ac.in
Q17056178,,,2013,
Q17058479,,,1992,
Q17058724,,,1949,
Q17062157,509,2020,1992,https://www.sonoran.edu/
Q17063212,,,1957,
Q17063259,,,1945,
Q17063745,,,,
Q17064955,,,1993,
Q17066372,18224,2020,1935,
Q1706859,522,2020,1965,https://www.hampshire.edu
Q17068871,,,1984,https://nium.in
Q17069477,,,1950,https://www.tgc.ac.in
Q17070667,,,1919,https://nct.ac.in/
Q17070669,,,1957,
Q17070764,,,2003,
Q17071776,,,2000,
Q17071873,,,2011,https://www.jaipur.manipal.edu
Q17076282,,,2012,
Q17078114,,,2009,
Q17078651,,,1994,
Q17083420,,,1980,https://www.nycda.edu/
Q17088549,,,2012,
Q17093214,,,1991,https://hafedpoly.edu.ng/
Q1709596,6851,2020,1955,https://www.nyit.edu
Q17109158,,,1980,
Q1711141,1231,,1963,
Q17122136,320,2014,2009,
Q17123097,119,2012,2009,https://www.fhsmp.de/
Q1714370,183,2018,1950,https://theologie-trier.de
Q17148784,,,1987,
Q17155660,,,2002,https://www.tkmit.ac.in
Q17174149,,,,
Q17183153,,,2003,
Q17212679,,,1989,
Q17213127,,,2017,https://kyoto.cseas.kyoto-u.ac.jp
Q17221658,,,,
Q172430,4497,2020,1904,https://www.loyno.edu/
Q1724577,4432,2020,1909,https://web.saumag.edu/
Q1725405,2208,2020,1955,https://chaminade.edu/
Q1726892,,,1916,https://www.sage.edu/
Q1727138,15565,2022,1929,
Q1728622,9018,2020,2002,https://www.ucmerced.edu/
Q17298593,,,1953,
Q1730032,453,2020,1856,
Q17307710,,,1976,
Q17317911,,,1957,https://www.vgsa.ru/
Q1736343,40,2010,1949,
Q17372996,,,2013,
Q17380687,,,2014,https://iiitkalyani.ac.in
Q1739079,887,2020,1858,https://kwc.edu/
Q1743331,,,2007,
Q174710,46000,2021,1919,https://ucla.edu
Q1747601,6921,2020,1877,
Q17480916,,,2012,https://www.mau.ac.in
Q17498859,,,1993,https://www.peizheng.edu.cn/
Q17509161,,,,https://esci.edu.in
Q17511738,,,1973,
Q17512879,,,1978,https://tucsin.org
Q1751487,22000,,1907,https://www.npi-tu.ru/index.php?id=226
Q1751928,24355,2020,2010,
Q1755318,24565,2020,1885,
Q1760438,19500,2020,1937,https://www.qc.cuny.edu/
Q17626162,,,2013,
Q17630946,,,1938,
Q17632375,,,2012,
Q17632385,,,2013,
Q176473,,,1917,https://orientale.it
Q1771451,12107,2020,1914,
Q1771717,23640,2020,1946,https://www.pdx.edu/
Q1780816,17500,,1844,https://www.albany.edu
Q1781094,10196,2022,1876,
Q1781384,10286,2021,1886,https://www.utc.edu/
Q1781394,28669,2020,1961,https://www.utdallas.edu/
Q1782724,10335,2020,1907,
Q1782948,10389,,1912,
Q1783148,9999,2020,1950,
Q1783178,27599,2021,1946,https://charlotte.edu
Q1783191,8673,2021,1908,
Q1783608,11460,2020,1889,https://unco.edu
Q1784748,16178,2023,1911,https://www.mtsu.edu/
Q1785291,2200,2018,1749,https://www.wlu.edu/
Q1786078,9858,2021,1865,
Q1786506,481,2020,1972,
Q1787152,13507,2021,1889,https://www.weber.edu
Q178848,12683,2019,1842,https://www.nd.edu/
Q179036,6700,2021,1887,https://www.catholic.edu/
Q1792453,965,2016,1777,
Q17929174,,,1979,https://fpmubieportal.edu.ng/
Q17929189,3141,2019,2010,https://www.fugashua.edu.ng
Q17929225,,,2009,https://iaue.edu.ng/
Q1795424,,,1828,https://www.gmpu.ac.at/
Q1795487,2229,2020,1867,https://drew.edu
Q1796042,,,1898,
Q1796553,1185,2020,1885,
Q1797448,1861,2010,1911,
Q1797609,993,2019,1775,https://www.hsc.edu/
Q1797768,1628,2018,1824,https://www.kenyon.edu/
Q1797817,3516,2020,1868,
Q1798499,20888,2020,1964,https://www.nova.edu/index.html
Q1798612,9006,2020,1833,
Q1798619,4884,2020,1891,
Q1798894,4112,2021,1966,
Q17989119,,,2006,
Q1799245,4174,2020,1875,https://www.su.edu/
Q1799642,8860,2020,1889,
Q17997867,,,1999,https://www.akpol.ac.id
Q17997875,,,2017,
Q1799872,16466,2021,1923,https://www.rowan.edu/
Q1800537,295,2020,1846,
Q18026629,,,,
Q1804942,1320,2021,1819,https://www.centre.edu/
Q1805085,9281,2021,1861,https://www.chapman.edu/
Q1805145,4885,2021,1906,
Q1805202,3069,2021,1845,https://www.bw.edu/
Q1805243,3230,2020,1871,
Q1806300,3029,2021,1842,
Q1806541,1045,2020,1943,https://www.usmma.edu/
Q180865,27651,2021,1827,https://www.utoronto.ca/
Q1809286,1500,2021,1847,https://www.lawrence.edu/
Q18110909,,,,
Q1811146,11000,2018,1978,https://www.uib.cat
Q18111608,,,2004,
Q1811567,4898,2020,1901,https://www.swosu.edu/
Q18118745,,,,https://en.zyufl.edu.cn/
Q18124474,,,1956,
Q18125039,,,1944,
Q1812600,1162,2020,1901,https://www.brooklaw.edu/
Q18126022,,,,
Q18126802,,,2012,
Q18128594,,,2009,https://www.nuv.ac.in
Q1813761,7917,2020,1881,https://www.uiw.edu/
Q1814758,1516,2020,1865,https://www.vuu.edu/
Q18151044,,,1945,
Q1815354,,,1925,https://www.albertus.edu/
Q18155496,3044,2020,1966,https://sunypoly.edu/
Q18155846,442,2020,1975,
Q1815710,,,1911,https://www.dlsu.edu.ph/
Q18162019,,,2014,
Q18163163,,,,
Q1817137,46634,,1976,
Q1817686,29580,2021,1887,
Q18204806,,,2007,https://geneva-academy.ch
Q18207057,,,1979,https://fptb.edu.ng/
Q1822063,,,1893,https://www.lcsc.edu/
Q182973,30318,2020,1847,https://uiowa.edu
Q183170,34742,2020,1969,
Q18343599,,,2006,
Q18345973,,,2011,https://gehu.ac.in
Q18345980,,,1978,
Q18353399,,,1998,
Q18354913,,,1979,https://federalpolyilaro.edu.ng/
Q18354922,12000,,2011,
Q18354935,8100,,2013,https://www.fugusau.edu.ng
Q18355930,,,2010,
Q18356199,,,2013,https://www.madhavuniversity.edu.in
Q18357123,,,,
Q18357152,,,2015,
Q18358232,,,2005,https://sssu.ac.in
Q18358956,,,2000,
Q18378066,,,1974,
Q18379267,,,,
Q18385964,,,1951,
Q18387919,,,2013,https://www.tantiauniversity.com
Q18388103,,,2004,
Q18388380,,,1975,
Q18392548,,,2012,
Q18394263,,,1998,
Q18407175,,,1925,
Q18409139,7494,2020,1922,
Q18415683,,,2013,https://tks.edu.vn/
Q18455299,,,1993,https://www.lu.ac.ae/
Q18458592,,,,https://hvpnvn.edu.vn/
Q18467813,,,,
Q18467838,,,2009,https://unikivi.ao/pt/
Q18467841,,,2009,
Q18467847,,,1974,
Q18477075,,,,
Q18477197,,,,
Q18484073,,,1965,
Q18484116,,,1992,
Q18484200,,,2003,
Q1848657,4187,2021,1894,https://utulsa.edu
Q1849843,6238,2021,1831,
Q18511386,,,2006,https://ligsuniversity.com/
Q1854488,8885,2021,1889,https://www.uidaho.edu/
Q18548139,,,,https://scdasuceava.ro
Q18577852,,,2013,
Q18588985,,,1989,
Q18601435,,,2013,
Q186047,1256,2014,1859,
Q1861687,16218,2020,1893,https://www.montana.edu/
Q18627429,,,1985,https://www.polnep.ac.id
Q186285,,,1479,https://www.ku.dk/
Q18636195,1162,2020,1968,https://www.mitchelltech.edu
Q18706107,4229,2020,1932,https://www.westhillscollege.com/coalinga
Q18706109,3932,2020,2002,https://www.westhillscollege.com/lemoore
Q1872239,11126,2020,1894,https://www.latech.edu/
Q18745224,,,2013,
Q18749126,426,2020,1969,
Q1877909,33,2012,1948,
Q18785312,,,1904,
Q18785812,,,1998,
Q1881867,1078,2013,2009,
Q188370,12002,2021,1881,https://www.marquette.edu/
Q1887879,10068,2020,1855,https://www.usfca.edu/
Q1888661,5140,2020,1872,
Q18914717,,,,
Q18914774,,,,
Q18914781,,,,
Q1893075,,,1981,
Q190080,12500,2021,1900,https://cmu.edu
Q191230,,,,https://www.uni-bremen.de/zemki
Q1916267,,,2012,
Q192334,30092,2020,1789,https://unc.edu
Q1927705,2235,2018,1823,
Q1932075,5860,2020,1922,https://msutexas.edu
Q1933558,22259,2012,1970,
Q19364994,,,2015,https://bauet.ac.bd/
Q193727,21186,2021,1876,https://jhu.edu
Q1937387,14761,2020,1868,https://www.mnsu.edu/
Q1939211,23086,2021,1878,
Q1939221,4911,2020,1915,https://missouriwestern.edu
Q194266,1850,2021,1842,https://www.owu.edu/
Q19457554,,,,
Q1946114,686,2020,1955,https://www.middlebury.edu/institute/
Q19462759,,,2012,
Q1949773,1935,2020,1883,https://www.setonhill.edu/
Q195046,6920,2020,1865,
Q1950740,780,,1963,https://www.icahn.mssm.edu
Q1951942,2340,2020,1848,
Q1952033,188,2020,1805,
Q19544834,,,,
Q1954777,,,1987,
Q19572759,,,2007,
Q19573661,,,1974,
Q19599885,,,2012,
Q19600080,,,1991,
Q19600089,,,,
Q19600175,,,1987,https://xim.edu.in
Q19605761,,,,
Q19610519,,,,
Q19610589,,,,
Q19612850,,,2015,https://www.sbu.edu.tr
Q19613824,,,2013,
Q19646412,,,2009,
Q19646433,,,1969,
Q19672701,,,,
Q19700111,,,2000,
Q1970344,,,1791,
Q19718499,,,1972,
Q19726442,,,2013,https://www.uinsyahada.ac.id/
Q19726444,,,2013,https://hhtp://iain-ternate.ac.id
Q19726445,,,2021,
Q19729007,,,2014,https://www.matanauniversity.ac.id
Q19730729,,,1995,https://buddhidharma.ac.id
Q19730994,,,2012,
Q19730995,,,,
Q19730996,,,2001,https://poltekkespadang.ac.id
Q19730997,,,,https://www.poltekkestasikmalaya.ac.id
Q19730999,,,2008,https://www.poltekom.ac.id
Q19731000,,,2011,https://www.poltekba.ac.id
Q19731001,,,2013,
Q19731003,,,1985,https://www.pnl.ac.id
Q19731004,,,1987,https://www.polimdo.ac.id
Q19731006,,,,
Q19731007,,,1990,https://www.polipangkep.ac.id
Q19731017,,,,https://www.poltekkes-banjarmasin.ac.id
Q19731019,,,,https://www.poltekkeskendari.ac.id
Q19732720,,,1974,https://stihtb.ac.id
Q19732724,,,2022,https://umkla.ac.id/
Q19732749,,,1998,
Q19732754,,,,https://www.sttal.ac.id
Q19732763,,,2011,https://www.sttaa.ac.id
Q19739111,,,2009,https://www.staba.ac.id
Q19739115,,,1984,https://www.stiakdmerauke.ac.id
Q19740784,,,2020,https://www.iain-takengon.ac.id
Q19741354,,,1992,https://www.stiepancasetia.ac.id
Q19741356,,,1992,https://www.lspr.ac.id/
Q19741362,,,2021,
Q19741364,,,2003,
Q19741367,,,1974,https://stkip.ypup.ac.id
Q19744834,,,2013,
Q19744843,,,2011,
Q19745632,,,2011,
Q19747206,,,2002,https://politeknik-kebumen.ac.id
Q19747208,,,2001,https://poltekkesjogja.ac.id
Q19747209,,,2012,
Q19747764,,,2020,
Q19747781,,,2007,https://www.ubs-usg.ac.id
Q19747794,,,1994,
Q19747809,,,1993,https://www.stikombanyuwangi.ac.id
Q19747811,,,,https://stkipbjm.ac.id
Q19747822,,,2012,https://www.nurulfikri.ac.id
Q19747826,,,,
Q19748461,,,2007,
Q19748493,,,2021,https://inaba.ac.id/
Q19748970,,,,https://stt-abdiel.ac.id/
Q19749144,,,2014,https://peradaban.ac.id
Q19749151,,,1956,https://www.utnd.ac.id
Q19751985,,,1956,
Q19752537,,,2001,
Q19752539,,,,https://poltekkes-solo.ac.id
Q19752728,,,2000,https://stietotalwin.ac.id
Q19752731,,,1946,
Q19752732,,,1976,https://www.stimykpn.ac.id
Q19752735,,,1993,
Q19752736,,,,https://ptdisttd.ac.id/
Q1982482,710,2023,1960,https://www.ncf.edu/
Q19847363,,,2002,https://www.dlust.edu.cn/
Q19856238,,,,
Q19864730,,,1886,https://www.an.edu/
Q19864963,367,2020,2005,
Q19877933,,,1973,
Q19880836,254,2020,2008,
Q19888178,,,2013,https://ur.ac.rw/
Q19891144,,,2014,
Q19891182,,,2016,https://www.cmu.edu.bd/
Q19892768,,,2005,
Q19896250,,,2014,https://www.seacomskillsuniversity.org
Q19899091,,,1954,
Q19900198,,,,
Q1991003,,,1995,https://www.kdg.be/
Q19944215,,,2002,https://www.assunnah.ac.id
Q19964930,,,2013,
Q19972112,,,1921,https://www.pdmu.edu.ua
Q19978516,,,2009,https://www.sanktignatios.org/
Q19983455,,,1974,
Q2000129,18025,2020,1907,https://manoa.hawaii.edu/
Q2000624,12846,2020,1890,https://www.ndsu.edu/
Q2000943,12227,,1867,
Q2001033,12582,2021,1968,
Q2001088,3500,,1901,https://northern.edu/
Q20011307,93,2020,2004,
Q20011419,,,2007,
Q20011838,,,2014,https://www.tnu.in
Q2001231,11447,2020,1884,
Q20016895,,,2014,https://www.unavarra.es/isc/
Q2002085,9558,2021,1964,
Q20024699,,,,
Q20026260,,,,
Q20026261,,,,https://daihocpccc.edu.vn/
Q20026262,,,,
Q20026263,,,2002,
Q20045009,,,1980,
Q20061213,,,1942,https://www.sp.senai.br/
Q20063259,,,1999,
Q20088593,,,2000,
Q20110165,,,1989,
Q2017028,,,1966,
Q2030894,1048,2020,1955,https://einsteinmed.edu
Q2034815,410,2020,1917,
Q2038878,26000,,1936,https://www.upb.edu.co/
Q20426785,,,2000,https://www.stabkertarajasa.ac.id
Q20426828,,,2014,https://uinbukittinggi.ac.id
Q20426861,,,2006,https://unpkediri.ac.id
Q20427183,,,2014,https://www.pnc.ac.id
Q20435809,,,1992,https://ifdt.bg.ac.rs
Q20436551,,,,https://nubl.org/
Q2044172,,,2013,https://www.phsz.ch/
Q204457,16900,2019,1946,https://uib.no
Q20446840,,,,
Q20447616,,,,
Q20452228,,,,
Q20452264,,,,
Q20452277,,,,https://ipgkg.moe.edu.my/
Q20452286,,,,
Q20452292,,,,
Q20454212,,,,
Q20458819,,,,
Q20458822,,,,
Q20458835,,,,
Q20458842,,,,
Q20458855,,,,
Q20459455,,,,
Q20459464,,,,
Q20459473,,,2007,
Q20464239,,,,
Q20467252,,,,
Q20552085,,,2015,https://www.durguniversity.ac.in
Q2056855,,,1932,
Q20570807,,,,
Q20573214,,,1969,
Q20574293,,,1929,https://bxa.edu.az/
Q20583856,,,,
Q20586446,,,,https://nac.edu.ph
Q20613210,,,2015,https://www.rub.ac.bd
Q20613499,,,,
Q20628553,,,,
Q20646619,,,1958,
Q20646623,,,2013,
Q20651870,,,1993,
Q2067315,26069,2017,1607,https://www.unica.it/
Q20708432,,,1975,
Q20708490,2885,2020,1962,
Q20708823,1382,2020,1967,
Q20709782,9363,2020,2016,
Q20714853,,,2007,
Q2072098,,,1976,
Q207460,337,2020,1967,
Q20746231,,,2007,https://www.tasuba.ac.tz/
Q20746315,,,,
Q2075221,6885,2020,1970,
Q20813059,3000,,2015,https://mdu.edu.az
Q20828998,,,2015,https://www.hfgg.de
Q2090107,,,2006,https://www.unicornuniversity.net/
Q2092214,14750,2021,1947,
Q2092392,11246,2021,1850,
Q2093110,24879,2020,1914,https://www.utep.edu
Q2093794,2450,2021,1861,https://www.vassar.edu/
Q2094177,15905,2021,1912,
Q2094960,,,1979,https://uklo.edu.mk
Q20950053,446,2020,1784,https://www.sjc.edu/annapolis
Q20950055,355,2020,1964,https://www.sjc.edu/santa-fe
Q20971033,,,,
Q20971346,,,1999,
Q2097334,6907,2021,1903,
Q20977975,,,2019,https://www.esic.edu
Q20982433,,,2006,
Q20992032,,,,
Q20992045,,,,
Q21006060,,,2011,https://www.miu.edu.my
Q21006070,,,2007,
Q21006090,,,2002,
Q21015787,,,,https://liasinstitute.com
Q21019957,,,,
Q21027898,3176,2020,1996,https://www.ridgewater.edu
Q2103165,,,1988,
Q21040611,176,2017,2014,https://www.berlin-international.de
Q21044489,196,2019,2015,https://augustineuniversity.edu.ng/
Q2105549,,,1986,
Q21188312,697,2020,,
Q21188660,,,1962,
Q21189252,,,2013,
Q21190683,,,2015,
Q21190858,,,2015,
Q21190895,,,2014,https://www.opju.ac.in
Q21190916,,,2012,
Q21190923,,,2011,https://www.pratapuniversity.in
Q2120232,,,2006,
Q2120263,,,,
Q2120374,,,1982,
Q21209209,,,1994,
Q2121899,46,2010,2009,
Q2123017,,,1903,
Q2124886,4680,2020,1945,https://www.roosevelt.edu/
Q212528,9781,2020,1971,https://www.uttyler.edu/
Q213439,21000,2021,1819,https://virginia.edu
Q2140778,15545,2021,1829,https://www.rit.edu/
Q21410979,843,2020,1964,https://www.ncktc.edu
Q21427194,,,1750,
Q214341,41000,2023,1632,https://www.uva.nl/
Q2150914,3165,2020,1941,https://hilo.hawaii.edu/
Q21523975,,,2015,https://www.alanya.edu.tr/
Q21574119,,,2013,
Q21574122,,,2012,
Q21574124,,,,
Q21574125,,,1996,
Q21574130,,,2011,
Q21578,8799,2021,1746,https://princeton.edu
Q2159219,1653,2021,1850,https://www.iwu.edu/
Q21619085,,,1965,
Q21619282,,,2014,
Q21634352,,,2014,
Q2164222,3104,2020,1885,
Q21654515,,,1933,
Q2166335,,,1998,https://www.sdu.dk/
Q2166712,1990,2020,1874,https://rose-hulman.edu
Q217741,40090,2021,1869,https://purdue.edu
Q217910,,,,
Q21825728,,,,https://ju.edu.af
Q218506,41000,2015,1666,https://www.lu.se
Q219563,47571,2019,1861,https://washington.edu
Q22032279,,,2002,
Q22060819,694,2020,1968,
Q22079793,328,2019,2014,https://aul.edu.ng/
Q22079827,,,2014,https://www.dsu.edu.in
Q22079853,123,2019,2015,https://www.chrislanduniversity.edu.ng/
Q22079930,,,2015,
Q22080012,,,2015,https://www.unimed.edu.ng/
Q22080528,,,2013,https://www.reva.edu.in
Q22080602,,,2014,https://www.presidencyuniversity.in
Q22080740,,,2011,
Q22080743,,,2010,
Q22080943,,,2011,https://rafflesuniversity.edu.in
Q22100490,,,1913,https://www.cdtu.edu.cn/
Q22101558,,,,
Q22110634,,,,
Q2212976,5152,2020,1912,https://www.smumn.edu/
Q2212983,1724,2020,1904,https://www.smcvt.edu/
Q222738,360883,2020,1910,https://www.unam.mx/
Q2242095,,,1967,https://ivdnt.org/
Q22569412,,,1992,https://fedpoffaonline.edu.ng/
Q2257594,2870,2020,1886,
Q22687002,,,2014,
Q22687006,,,2014,https://uos.edu.iq/
Q22687010,,,2015,https://tartous-univ.edu.sy/
Q2272814,1440,2020,1898,
Q2277304,,,,
Q2288251,1496,2020,1882,
Q22929389,,,2010,https://www.deraya.edu.eg
Q22948349,,,1993,
Q2299327,43,2020,1968,
Q23006203,,,1984,
Q23015035,525,2019,1977,
Q23016649,,,2011,
Q2302260,11405,2020,1881,https://sdstate.edu
Q2302280,10394,2021,1873,https://www.tcu.edu/
Q2302311,31142,2020,1957,https://unlv.edu
Q2302319,14038,2021,1872,
Q2302336,9808,2020,1893,https://www.umt.edu/
Q2302586,66378,2023,2012,https://www.univ-amu.fr/
Q2303536,29070,2020,1968,https://www.vcu.edu/
Q23043282,,,2013,https://iau.edu.bd/
Q230492,56000,2021,1817,https://umich.edu
Q23135700,68,2020,1997,
Q23198423,,,1945,
Q23214133,,,2010,https://garmian.edu.krd/en/university-of-garmian/
Q2323376,4140,2021,1961,
Q2324493,,,1939,
Q23302803,441,2020,,
Q2339907,,,1930,
Q2341039,4330,2017,1883,
Q2344683,12620,2020,1921,
Q235034,32277,2020,1787,https://www.pitt.edu
Q2350714,,,1939,https://www.cned.fr/
Q2352359,,,1993,
Q23662310,,,2011,
Q2378091,8954,2020,1965,
Q23807281,,,1982,
Q23808525,,,1960,
Q238101,67949,2018,1851,https://twin-cities.umn.edu/
Q23844905,,,2013,
Q2386124,,,1837,https://www.conservatoriliceu.es
Q23905972,,,1984,https://stienas-ypb.ac.id
Q23905976,,,2014,
Q2393647,16637,2020,1923,
Q2399553,,,1957,
Q2405067,,,1997,https://www.uh1.ac.ma/
Q24062130,2288,2020,1966,
Q24062830,5115,2020,1915,
Q240631,75047,2017,1808,https://www.bg.ac.rs/
Q2407584,12249,2020,1889,https://www.etamu.edu
Q2407703,,,2007,https://www.4tu.nl
Q2409878,,,2008,
Q2415456,,,2002,https://yacollege.edu/
Q24175530,430,2016,2013,
Q2418934,37,2009,1805,
Q2418963,67,2026,1912,
Q2418970,32,2008,1877,
Q24204910,,,2011,https://info.ufch.org/
Q24306461,,,1995,
Q24388511,,,2001,
Q24399,2305,2020,1932,https://www.usj.edu/
Q24456686,,,,
Q2453446,,,1994,
Q2453575,160,2020,1975,https://www.tas.edu
Q24570089,,,1999,
Q24590306,,,2015,
Q24590363,,,2008,https://sgbit.edu.in/
Q24590451,,,2014,
Q24590544,,,2004,
Q2465519,3891,2020,1964,
Q24693652,,,,
Q2471216,8286,2020,1824,https://www.jefferson.edu/
Q2475371,3025,2021,1862,https://hope.edu/
Q24880628,,,1994,https://misantla.tecnm.mx/
Q24882941,,,2015,
Q24884650,,,,
Q24884974,,,1976,
Q24885186,,,,
Q24887199,,,2014,
Q248970,5272,2021,1945,https://college.berklee.edu/
Q24906362,,,2015,https://www.jisuniversity.ac.in
Q24907755,,,2014,https://www.rlbcau.ac.in
Q24907776,,,1959,https://kac.edu.in/
Q24907822,,,2013,
Q24907953,,,2012,
Q24908384,,,2016,https://www.meu.edu.in
Q24912776,,,2009,https://www.sabarmatiuniversity.edu.in
Q24915008,,,2007,
Q24931886,,,1921,
Q24932388,,,2005,
Q24933786,,,1998,
Q24934135,,,2014,
Q24935136,,,,
Q24935146,,,1987,
Q24935435,,,1970,
Q24936436,,,,
Q24939254,,,2007,
Q24943422,,,2009,
Q24944030,,,1963,https://loyolacollegekerala.edu.in
Q24944066,,,,
Q24945360,,,1944,
Q24946891,,,1958,https://spcputtur.ac.in
Q24949227,,,,
Q24949311,,,2015,
Q24950025,,,2011,
Q24952056,,,,
Q24956933,,,,
Q2495708,,,1986,https://www.ute.edu.ec/
Q2495825,2668,2020,1873,
Q2495828,6584,2016,1928,https://uafs.edu/
Q2495841,12380,2020,1965,
Q2495874,11200,2019,1895,https://www.d.umn.edu/
Q2495890,15892,2020,1908,https://www.unomaha.edu/
Q2495907,4957,2020,1888,https://www.scranton.edu/
Q2495922,3692,2020,1947,
Q2495935,5530,2020,1973,
Q2495945,13308,2019,1906,
Q250205,27836,2021,1892,https://www.cmich.edu/
Q2503441,13461,2011,1871,
Q25040686,,,1963,https://www.alvanikoku.edu.ng/
Q25041230,,,2011,
Q25044411,,,,
Q25051576,,,1952,
Q25059155,,,1974,
Q2508061,11270,2019,1906,https://www.valdosta.edu/
Q25080782,,,,https://www.hrbipe.edu.cn/
Q25100914,,,,
Q25104613,,,2015,https://www.alueducation.com
Q25105603,,,,
Q25106087,,,,https://arsiun.edu.et/
Q25110403,,,2007,https://villacollege.edu.mv
Q25112938,,,1999,
Q2515136,,,1945,https://voeb-b.at/
Q25208128,,,1924,
Q25209621,,,2007,https://educacion.gob.ec
Q25230664,,,2015,https://www.univ-batna2.dz/
Q2526468,16048,2020,1801,
Q25325328,,,1971,
Q25378674,,,,https://cusanus-institut.de/
Q25409994,,,1973,https://www.cunef.edu/
Q25411285,,,1976,
Q25417473,,,,
Q25429257,,,1980,https://www.aese.pt/
Q25441029,,,2015,https://www.ipmaia.pt/
Q25449885,,,2009,https://alrayan-university.edu.ye
Q25450275,,,2014,https://uoninevah.edu.iq/
Q25450302,,,2010,https://hiuc.edu.iq
Q25450310,,,2010,https://www.uomus.edu.iq/
Q25450318,,,2014,
Q25450337,,,2012,https://alnoor.edu.iq/
Q25450382,,,2009,https://alqalam.edu.iq
Q25450384,,,2009,
Q25450390,,,2011,
Q25450401,,,2012,https://uoalfarahidi.edu.iq/
Q25450402,,,2013,
Q25450403,,,2013,
Q25450405,,,2014,
Q25450410,,,2014,https://bauc14.edu.iq
Q25450455,,,1993,
Q25450690,,,2015,
Q25452881,,,2017,
Q25453550,,,1998,
Q25454800,,,,https://iainh.ac.id/
Q25455357,,,2000,https://www.stiewijayamulya.ac.id
Q25455638,,,2002,
Q25457414,,,2018,https://polbangtanmalang.ac.id
Q25457507,,,1997,https://nscpolteksby.ac.id
Q25458380,,,2021,
Q25458628,,,2018,https://www.unjaya.ac.id
Q25460646,,,2012,https://www.pktj.ac.id
Q25461110,,,2008,
Q25465042,,,1985,https://www.sttrcepu.ac.id
Q25465074,,,2013,https://www.std-bali.ac.id
Q25465836,,,2012,https://www.poltera.ac.id
Q25467780,,,2014,https://www.unusida.ac.id
Q25468023,,,2016,https://universitaspertamina.ac.id
Q25468833,,,1991,
Q25469098,,,2006,https://almaata.ac.id
Q25469604,,,2014,https://staindirundeng.ac.id
Q25469612,,,2014,https://kampusmelayu.ac.id
Q25470003,,,2014,https://www.unugha.ac.id
Q25470437,,,,
Q25474292,,,1984,https://www.stma-trisakti.ac.id
Q25477809,,,2015,
Q25484101,,,,
Q25514536,,,1929,
Q25522033,,,1935,
Q25527783,4205,2017,1955,https://jtsu.uz/
Q25528138,,,,https://kstu.uz/
Q25529177,,,1981,
Q25536880,,,1931,
Q25539496,,,,
Q25539503,,,,
Q25541128,,,,
Q25551559,,,1970,
Q25551584,,,1973,
Q25567328,,,,https://geo.edu.al/
Q25586181,,,2012,
Q25586925,,,2013,https://barisal-eng.portal.gov.bd/
Q25587684,,,2015,
Q25588307,,,1962,
Q25588309,,,1969,https://hbuc.edu.bd
Q25632487,,,1934,https://www.uia.gov.mn/
Q25632677,,,,https://monos.edu.mn
Q2564975,3203,2020,1901,https://western.edu/
Q25658468,,,2011,
Q2566683,1619,,1954,
Q2570220,5726,2014,1780,https://artsetmetiers.fr/
Q25831351,399,2020,,
Q2585815,,,1967,
Q25864,35833,,1971,https://www.upm.es/
Q2587006,22278,2020,1910,
Q2587376,3995,2020,1944,https://www.fresno.edu/
Q2587890,1163,2020,1975,
Q258943,20614,2021,1908,
Q2590529,7061,2025,1891,
Q2590739,4452,2020,1968,https://www.uwp.edu
Q2590962,7547,2020,1866,
Q2618673,,,1896,https://www.adu.hr/
Q2620177,2970,2020,1843,
Q26257926,,,2015,
Q26258517,,,,
Q26258536,,,2016,https://www.brainwareuniversity.ac.in
Q26258550,,,2014,https://www.knruhs.telangana.gov.in
Q262617,1257,,1947,
Q262663,9041,2021,1949,https://www.sandiego.edu/
Q2628297,,,1923,https://www.nagpuruniversity.ac.in
Q2629906,,,1974,https://www.utesa.edu
Q263064,26314,2020,1891,https://ucsb.edu
Q2645880,1104,2021,1923,
Q2653975,1200,,1797,https://www.hartwick.edu/
Q2655186,,,1911,https://www.iseg.ulisboa.pt
Q2661844,1702231,2015,1982,
Q2687532,5855,2020,1874,
Q2687782,8302,2020,1894,
Q2688358,10531,2020,1909,
Q2698482,3307,2020,1876,https://calvin.edu/
Q270222,45100,2021,1855,https://msu.edu/
Q270272,200,2021,1901,https://rockefeller.edu
Q27139631,,,2008,
Q27139633,,,2010,
Q27139634,,,2010,
Q2725999,2299,2020,1943,https://utswmed.org/
Q2732297,,,1954,
Q273263,35853,2011,1870,https://www.rwth-aachen.de/
Q273466,147,2020,1926,
Q273593,,,1648,https://www.beauxartsparis.fr
Q273598,158,,1995,
Q2740389,3029,2020,1927,
Q2749572,3965,2020,1853,
Q27514821,,,1956,
Q27628128,,,2015,
Q277681,,,1951,https://semmelweis.hu/
Q27825818,,,2009,https://www.ovsq.uvsq.fr/
Q27832147,2740,2023,2014,https://www.unraf.edu.ar/
Q27888404,,,,https://unhz.eu/
Q2791079,25422,2020,1955,https://www.arc.losrios.edu/
Q27928975,,,2016,https://www.ahuuk.ac.in
Q27951746,,,,https://wise.dongguk.ac.kr
Q27961625,,,1998,
Q27962208,,,,https://gcoen.ac.in
Q27962533,1800,2021,2017,https://www.imt-atlantique.fr/
Q27963036,,,2008,
Q27963461,,,1990,
Q27963971,,,2016,https://www.hpnlu.ac.in
Q27981398,,,,https://www.act.org
Q28006255,,,2016,
Q28054180,,,2016,
Q28057967,,,,
Q28085949,,,2012,
Q2809940,3550,2021,1885,https://springfield.edu/
Q28136908,,,2005,https://www.ktech.edu.kw/
Q28153755,,,2015,https://www.adypu.edu.in
Q28159581,,,2015,
Q28163498,,,1983,
Q28169302,,,2014,https://www.jaypeeu.ac.in
Q28172384,,,2013,
Q28172782,,,2010,https://www.buat.edu.in
Q28173944,,,2002,https://sru.edu.in
Q28174125,,,2016,https://www.iimj.ac.in
Q28183913,,,,
Q2820640,127,2020,1882,https://www.mountangelabbey.org/
Q282097,2771,2021,1974,https://www.ohsu.edu
Q28220028,,,2013,https://cau.edu.tr/en/home/
Q28220884,,,1991,https://unik.edu.ge/locale/en
Q28221491,,,2015,
Q28221720,,,2016,
Q2822225,8928,2020,1929,https://www.academyart.edu/
Q28223339,,,1962,
Q28223489,,,2016,
Q2822399,,,2000,
Q28227714,,,1979,
Q28230919,,,2015,
Q28231439,,,1982,
Q28231758,,,,
Q28233223,,,1995,
Q2826926,1080,2021,1889,
Q283032,,,1985,
Q2830804,1118,2020,1881,
Q2831920,1507,2021,1835,https://www.albion.edu/
Q2837834,,,1961,https://www.allegany.edu/
Q28381317,,,2015,
Q2839974,,,1976,https://www.aragon.unam.mx/
Q28401916,,,1975,https://kanopoly.edu.ng/
Q28402688,,,2013,https://gw4.ac.uk/
Q28405158,288,2019,2013,
Q28407671,,,2011,
Q28410086,,,1976,
Q28416420,,,2006,
Q28419352,,,2013,
Q28419649,,,1921,
Q28446441,,,2007,
Q28448966,,,1996,
Q28450423,,,1909,
Q284508,1671,2020,1898,
Q28455187,,,1990,https://www.fcim.edu/
Q28458460,,,,https://abdocollege.org.uk
Q284777,15197,2020,1893,https://www.wwu.edu/
Q28501872,38695,2023,2014,https://unahur.edu.ar/
Q28517224,,,,
Q285706,,,1974,
Q2860268,2100,,1986,https://www.viaa.nl/
Q28679490,,,,
Q28687458,,,1996,
Q287072,26878,2009,1722,https://www.ube.fr/
Q28715338,,,2016,https://albayan.edu.iq/
Q28723622,,,2016,https://uiii.ac.id
Q28758377,,,,
Q28777051,,,1974,https://www.itconkal.edu.mx/
Q2882628,,,1916,
Q28840538,,,1928,
Q28866905,,,2009,https://www.rgu.ac
Q2892284,1607,2020,1900,https://www.bcm.edu/
Q2894666,2794,2021,1950,
Q2896792,,,1924,
Q2897191,2625,2020,1931,
Q29002767,,,,
Q29002771,,,,
Q2901181,,,1935,https://www.istitutomarangoni.com
Q29015031,,,2018,https://neu.ac.bd
Q29015679,,,2002,
Q29016368,,,2017,
Q29021567,,,,
Q29026751,,,2016,
Q2902978,1843,2019,1837,
Q2904179,,,1943,
Q2904557,978,2020,1846,
Q2904851,3601,2020,1891,https://spu.edu/
Q29049038,,,1993,
Q29052,12093,2021,1873,https://www.vanderbilt.edu/
Q29054535,,,,
Q29054558,,,,
Q29054631,,,,https://www.vsdanubius.sk/
Q2910878,,,1974,
Q29162586,,,,https://www.tuxtepec.tecnm.mx/
Q2935605,,,2008,
Q2935614,,,1907,
Q29388735,,,1993,https://imb.by/
Q2945328,,,1946,https://www.cfjparis.com/
Q2945442,,,2003,
Q2945913,,,1954,
Q2945947,,,1986,
Q2946087,,,1994,
Q2946102,1256,2021,2011,
Q29467511,,,2017,https://www.quantumuniversity.edu.in
Q29513905,,,2013,https://www.ecu.edu.eg/
Q29569913,,,,
Q29578572,,,2016,https://www.carl-remigius.de/
Q2962876,,,1924,https://www.chc.edu/
Q29641537,,,,
Q29641816,,,2017,
Q29659,38974,2017,1999,https://uni-pr.edu
Q2974556,19707,2020,1935,
Q2975783,855,2020,1974,
Q2982989,763,2020,1967,
Q2982991,1728,2021,1846,https://grinnell.edu
Q2982993,2663,2020,1847,
Q2983590,,,1999,
Q2983593,12199,2020,1965,
Q2983725,,,1970,
Q29877908,,,2008,
Q2989707,13672,2020,1965,https://www.ccp.edu/
Q29901623,,,2009,
Q2992101,2257,2020,1926,https://www.concordia.edu/
Q3009983,,,1968,https://www.cegepba.qc.ca
Q3009995,,,1968,https://www.cegepdrummond.ca/
Q3009996,,,1968,
Q3010004,,,1969,
Q3010005,,,1971,https://www.cegepstfe.ca/
Q3010021,,,,https://cegep-lanaudiere.qc.ca/joliette/
Q3010496,,,1951,https://www.usfa.edu.ua/
Q3020567,,,,
Q3022823,,,1987,https://vfs.edu/
Q302448,,,2006,https://vaa.edu.vn/
Q30257160,,,,
Q30257277,,,1873,
Q30257724,,,1992,https://www.shu.ru/
Q30257776,,,,
Q30257935,,,,
Q30258440,,,1912,https://botanospol.cz/
Q30259515,,,,
Q30260326,,,2003,
Q30261196,,,1946,https://www.pimr.eu/
Q30262431,,,1997,https://www.symmes.fr/en
Q30263353,,,1985,
Q30263355,,,1988,
Q30263356,,,1961,https://www.bsmcon.edu/
Q30263359,,,1996,
Q30263365,,,1926,
Q30263367,,,1966,
Q30263368,,,1966,
Q30263369,,,1932,https://www.theschoolofarchitecture.edu/
Q30263375,,,,
Q30263378,,,1987,
Q30263379,,,1996,
Q30263381,,,2002,
Q30263382,,,1994,
Q30263383,,,1999,
Q30263384,,,1971,
Q30263385,,,2005,https://www.maufl.edu/
Q30263386,,,1997,
Q30263387,,,,
Q30263388,,,,
Q30263389,,,,
Q30263390,,,1987,
Q30263394,,,2007,
Q30263397,,,1972,
Q30263400,,,1918,
Q30263401,,,,
Q30263402,,,1989,
Q30263406,,,1891,
Q30263411,,,1892,
Q30263412,,,2003,
Q30263414,,,1977,
Q30263415,,,1996,
Q30263417,313,2020,1985,
Q30263418,,,1916,
Q30263419,,,1931,
Q30263420,,,1970,
Q30263423,,,,https://www.socalsem.edu/
Q30263427,,,2001,
Q30263435,57,2020,1995,
Q30263440,,,1989,https://www.wmu.edu/en/
Q30263664,,,1828,
Q30263674,,,1975,
Q30263868,,,2006,
Q30263972,,,2011,
Q30263976,,,2007,https://wu.edu.et/
Q30265079,,,1985,
Q30265179,,,1976,
Q30265558,,,1919,
Q30266530,,,1995,
Q30266533,,,1976,
Q30270369,,,2004,
Q30274289,,,1964,https://www.dpsru.edu.in
Q30274500,,,,https://www.hevs.ch/fr/hautes-ecoles/haute-ecole-de-sante/
Q3027788,46523,2020,1959,
Q30279822,,,1888,
Q30280406,,,1997,
Q30282338,,,1903,
Q30283193,,,1964,
Q30286219,,,2003,
Q30288355,,,,
Q30289306,,,1989,https://yosan.edu/
Q30293236,,,,https://www.adler.ca/
Q30293640,,,,
Q30293747,,,1994,
Q30293752,,,1906,
Q30293759,,,,
Q30293888,,,,
Q30293895,,,,https://www.unicda.edu.do/
Q30293897,,,,
Q30293907,,,1977,https://www.southbaylo.edu/ca/home/index.htm
Q30294149,,,,
Q30294297,,,2002,https://www.smu.tn/
Q30294302,,,,
Q30294306,,,2002,https://www.ucaobenin.org/
Q30294486,,,,
Q30294536,,,2015,https://www.upri.ac.id
Q30294812,,,,
Q30296037,,,2022,https://www.cna-qatar.com/Pages/default.aspx
Q30312585,,,2017,
Q30314108,,,2012,
Q30314295,,,2016,
Q30314718,18603,2022,2015,https://idlib.edu.sy/
Q30314743,,,2003,
Q30315038,,,2016,
Q30320343,,,1989,
Q30324459,,,,https://www.dysoninstitute.ac.uk/
Q30421748,,,,
Q3046044,2500,2023,1925,
Q3046576,699,2020,1900,
Q3048047,6028,2023,1967,https://www.edmonds.edu/
Q3051594,,,1855,
Q3052113,13904,2020,1926,https://erau.edu/
Q30591100,,,,https://www.bsmrmu.edu.bd
Q30594328,,,1991,
Q30599641,,,2012,https://jaipur.uem.edu.in
Q30621544,,,1983,
Q30624340,,,1978,
Q30624947,3500,2020,1969,
Q30633398,,,2015,
Q30634702,,,1983,
Q30639323,,,2016,https://www.sanskriti.edu.in
Q3064281,,,1974,
Q3064283,,,1964,
Q30642896,,,2014,
Q30642919,,,2019,https://aiimskalyani.edu.in
Q3064349,,,1975,
Q30644257,,,2009,
Q30644276,,,2013,
Q30644482,,,1959,
Q30644602,,,2010,
Q30644624,,,2010,
Q30644802,,,2017,https://www.iiitbhopal.ac.in
Q30644965,,,2015,https://www.bsaeu.in
Q30674031,,,2006,https://atmu.edu.az/az/web/index
Q3073226,2587,2021,1968,https://www.flagler.edu/
Q30889474,,,,https://www.liceodini.it/
Q30930983,,,2007,
Q309331,61419,2021,1870,https://osu.edu
Q309350,15000,2019,1851,
Q30946111,,,1978,
Q309988,14409,2000,2009,https://www.kit.edu/
Q3105568,,,1931,https://www.isical.ac.in/index
Q3106542,6200,,1863,
Q3109591,,,1975,https://www.gobelins-school.com/
Q3112939,1662,2020,1955,
Q3113011,1850,2019,1793,
Q3113029,1517,2020,1895,
Q3113166,213,2020,1962,
Q31133203,,,2001,https://www.stpmsantaursula.ac.id
Q31173528,,,1967,https://uinjambi.ac.id
Q31173984,,,2023,https://www.stmik.banisaleh.ac.id
Q3117441,,,1975,https://www.inseec.com/
Q3117452,,,1963,https://www.junia.com/fr/
Q3117947,1307,2018,1992,https://yschools.fr
Q3117948,,,1969,https://www.esc-pau.fr
Q31187195,,,,
Q31188719,,,,
Q31190877,,,1937,
Q31191606,,,,
Q31194976,,,,https://www.ang.edu.kz
Q3121493,4317,2020,1963,https://oru.edu/
Q3124195,7349,2020,1851,
Q31249,16835,2021,1863,
Q3128574,,,,
Q3128591,,,1964,https://www.hetsl.ch
Q31351904,,,,
Q31352134,,,,
Q3135913,,,1948,https://www.unipune.ac.in
Q31367765,,,1974,
Q3137221,,,1964,https://www.utsc.utoronto.ca
Q3139537,3087,2020,1954,
Q314307,,,1958,https://www.bundeswehr.de/de/organisation/fuehrungsakademie-der-bundeswehr
Q3143507,1058,2020,1875,https://htu.edu/
Q3146547,3000,,1905,https://www.icn-artem.com
Q3146792,,,1969,
Q3151899,1131,2010,1956,
Q3151931,550,2026,1987,
Q3151958,1295,2007,1992,https://www.sciencespo-lille.eu/
Q3151965,878,2008,1991,https://www.sciencespo-rennes.fr
Q3152042,,,1957,https://www.isit-paris.fr/
Q3152130,4417,2020,1995,
Q3152136,,,1968,
Q3152284,,,1986,https://www.ifmparis.fr
Q3152438,,,1956,
Q3152518,,,1920,
Q3152533,,,2004,
Q3152535,,,1992,
Q3152537,,,2002,
Q3152544,,,1992,
Q3152566,700,,1991,
Q3152597,,,1961,
Q3152629,,,1970,
Q3152650,6775,2020,1958,https://www.fit.edu/
Q3152734,,,,
Q31666747,,,1967,https://uni-gjk.org
Q31669350,3500,,2016,https://unt.edu.mk/en/
Q317032,36070,2020,1965,https://www.hhu.de/
Q31724551,,,1932,
Q31725695,,,2013,
Q31726194,,,2013,
Q317296,,,1992,https://www.cp.edu.pl/
Q31757805,,,,
Q31757808,,,2003,https://ucsmub.edu.mm
Q31840545,,,2003,
Q319239,27173,,1956,https://www.tau.ac.il/
Q320642,,,1993,https://www.awk.nrw/
Q32166318,,,2005,https://www.xhsysu.edu.cn/
Q32178777,,,,
Q32180947,,,,https://www.gcc.edu.cn/
Q32287,1634,2020,1973,
Q3233786,7106,2020,1858,
Q3243730,3180,2020,1955,https://www.byuh.edu/
Q3244049,10974,,1878,https://usm.maine.edu
Q3244385,,,1956,
Q3246712,2118,2020,1860,
Q3269488,2447,2020,1924,https://www.dts.edu/
Q3269570,3232,2020,1962,https://www.lynn.edu/
Q3272013,11652,2020,1881,https://www.njit.edu/
Q3272069,2182,2020,1930,
Q3272997,21501,,1967,
Q327361,30,2020,1964,https://www.schiller.edu/
Q3275637,14132,2020,1890,https://www.uco.edu/
Q3296302,1722,2020,1936,
Q3297997,1528,2020,1950,https://www.upstate.edu/
Q3298337,2389,2020,1860,
Q3298359,8358,2021,1890,
Q3298369,2666,2021,1847,
Q3298397,2352,2021,1860,
Q3298457,2845,2020,1904,https://www.cookman.edu/
Q3301911,1499,2020,1891,https://www.tlu.edu/
Q3302016,2038,2020,1897,
Q3306469,9248,2020,1876,
Q3307047,2818,2021,1909,https://www.messiah.edu/
Q3307468,856,2020,1964,
Q3307837,751,2020,1849,https://www.jewell.edu/
Q3316928,2032,2020,1950,https://www.mvsu.edu/
Q3321306,6541,2020,1933,https://www.monroeu.edu/
Q3323609,389,2020,1848,
Q332498,36461,2020,1875,https://www.byu.edu/
Q3329652,9415,2022,1997,https://www.uic.es
Q3330734,,,1963,
Q333886,17500,2021,1789,https://www.georgetown.edu
Q3339059,1076,2020,1891,
Q3347298,,,2000,https://makautwb.ac.in
Q33526665,,,1967,
Q3360203,959,2020,1882,
Q3369346,934,2020,2001,
Q337512,,,1922,https://www.academieoutremer.fr
Q3378846,3133,2020,1899,
Q3388063,,,1991,
Q33888230,,,2002,https://alsaeeduni.edu.ye/
Q3392821,,,1717,
Q3395841,,,2005,https://polytech.univ-cotedazur.fr
Q3401223,,,2004,https://www.praguecityuniversity.cz/
Q3439925,2907,2020,1890,https://www.plu.edu/
Q34433,19791,,1096,https://ox.ac.uk/
Q3443325,4826,2021,1821,https://www.widener.edu/
Q3443493,1283,2020,1865,https://www.shawu.edu/
Q3443498,2617,2020,1904,
Q3443737,3197,2020,1872,
Q3443893,18000,,1871,
Q3444141,,,1846,
Q3444269,2651,2020,1958,
Q3444292,3771,2020,1908,
Q3444427,4277,2020,1905,https://www.stkate.edu/
Q3444458,1216,2021,1937,https://www.westmont.edu/
Q3444527,9635,2020,1855,
Q3444675,4868,2020,1961,
Q3444679,3740,2021,1846,
Q3444680,1530,2020,1968,https://www.ciis.edu/
Q3445010,2911,2020,1851,
Q3445045,3814,2020,1871,https://www.bethel.edu/
Q3445063,742,2020,1889,
Q3445253,2114,2020,1870,https://www.williamwoods.edu/
Q3445256,134345,2020,1932,
Q3445331,1132,2020,1884,
Q3445541,623,2020,1837,
Q3445783,2448,2020,1904,https://www.assumption.edu/
Q3446068,4075,2021,1874,https://www.worcester.edu/
Q3446076,10651,2020,1840,https://bridgew.edu
Q3446091,2187,2020,1836,https://www.alfred.edu/
Q3446272,779,2020,1836,https://www.wesleyancollege.edu/
Q3459863,,,,
Q3463654,1942,2021,1889,
Q3463909,,,1916,
Q3468084,2704,2020,1884,https://www.muw.edu/
Q3468361,14416,2021,1901,https://twu.edu/
Q3474474,4077,2018,1890,https://www.savannahstate.edu/
Q349055,20654,2021,1868,https://wayne.edu
Q3495253,3305,2021,1873,https://www.stedwards.edu
Q3510757,,,1875,
Q3519221,,,1886,https://bangaloreuniversity.karnataka.gov.in
Q351971,3164,2020,1921,https://www.adams.edu/
Q3524031,,,1837,https://mcc.edu.in/
Q3534400,,,1982,https://b-u.ac.in/
Q3535980,,,1952,
Q3539296,2100,,1897,
Q3540690,5354,2020,1892,https://www.ithaca.edu/
Q3546588,1500,,1979,https://imt-bs.eu
Q3547533,,,1991,https://www.apc.edu.ph
Q3550329,,,1962,
Q3551303,,,2009,
Q3551358,1334,2020,1893,https://www.umwestern.edu/
Q3551409,3536,2020,1905,https://www.gardner-webb.edu
Q3551429,4841,2020,1839,
Q3551466,2831,2020,1891,https://www.northpark.edu/
Q3551484,,,2004,
Q3551493,1506,2020,1840,https://www.southwestern.edu
Q3551510,968,2020,1904,https://www.wau.edu/
Q3551511,,,1946,
Q3551554,14016,2020,1896,https://www.tarleton.edu
Q3551578,2192,2021,1956,https://udallas.edu/
Q3551605,,,1999,
Q3551637,,,2004,
Q3551642,2116,2021,1846,https://www.mountunion.edu/
Q3551657,3544,2020,1856,
Q3551664,3636,2021,1865,
Q3551676,,,2010,https://udh.edu.ne/
Q3551688,1737,2020,1892,https://www.wallawalla.edu/
Q3551693,,,1993,
Q3551709,,,2005,https://ok.ubc.ca
Q3551736,,,2008,
Q3551743,,,2011,
Q3551751,3725,2020,1851,
Q3551758,1339,2020,1960,https://morris.umn.edu/
Q3551771,9074,2021,1916,
Q3551772,11989,2020,1868,https://www.uww.edu/
Q3555077,1111,2021,1932,
Q3566957,,,1919,https://hafa.haf.gr/
Q3567094,1322,2020,1898,https://weill.cornell.edu/
Q3577763,,,1908,
Q3577845,,,1988,https://www.lecolededesign.com/
Q3577853,1026,2020,1878,https://uclawsf.edu/
Q3577891,4500,,1871,https://www.em-normandie.com
Q3577907,,,1951,https://www.psycho-prat.fr/
Q3577929,,,1950,
Q3577986,,,1993,https://eost.unistra.fr/
Q3578092,,,,
Q3578095,,,1983,
Q3578104,,,1953,https://encpb.org
Q3578131,,,,
Q3578149,,,1984,https://ensi.rnu.tn/
Q3578152,,,1941,https://geodata-paris.fr
Q3578160,,,1952,https://engees.unistra.fr
Q3578180,,,1967,
Q3578193,,,,
Q3578196,,,1975,https://www.ensapc.fr
Q3578210,,,1973,
Q3578220,253,2018,1822,https://www.enscmu.uha.fr
Q3578223,506,2023,1919,https://www.ensc-rennes.fr
Q3578229,,,1982,https://www.ensp-arles.fr/
Q3578232,,,1941,https://www.ensp.interieur.gouv.fr/
Q3578242,203,2023,1941,https://www.ensatt.fr/
Q3578245,,,1756,
Q3578265,,,1971,
Q3578311,,,2002,https://polytech.univ-tours.fr
Q3578318,,,1913,
Q3578378,,,1899,
Q3578391,,,,https://www.esa-n.info
Q3578414,,,1993,
Q3578429,806,,1962,
Q3578432,2043,,1919,https://www.esc-clermont.fr/
Q3578434,2850,,1899,https://www.bsb-education.cn/
Q3578450,,,1924,
Q3578484,,,1904,
Q3578488,,,1947,https://www.esgt.cnam.fr
Q3578493,,,1993,
Q3578512,,,1968,https://www.esce.fr
Q3578513,,,1930,
Q35794,18977,,1209,https://www.cam.ac.uk/
Q3629946,39896,2020,1973,
Q3630817,,,1962,https://www.magadhuniversity.ac.in
Q3630937,,,1980,https://www.mangaloreuniversity.ac.in
Q3632682,,,1854,
Q3632758,,,1970,
Q3633101,,,1941,
Q3634524,,,1948,https://www.kashmiruniversity.net
Q3634752,,,1889,
Q3635611,,,1963,
Q3656374,,,,
Q367774,1763,2020,1910,https://www.okbu.edu/
Q3678632,15513,2020,1946,https://www.citytech.cuny.edu
Q3682959,,,1951,https://www.rca.edu/
Q3687231,,,,https://www.conservatoriosantacecilia.it
Q3695342,435,2020,1882,
Q3695687,,,1897,
Q3695713,2764,2020,1971,
Q3695722,1815,2006,1885,
Q3695750,7242,2020,1854,https://www.salemstate.edu/
Q3695816,9924,2020,1973,
Q3704937,9989,2020,1967,
Q371625,17094,,1930,https://www.brooklyn.edu/
Q37266789,,,1972,https://www.brau.edu.in
Q37548,33197,2021,1898,https://www.northeastern.edu/
Q3775604,,,1779,https://acad-ciencias.pt
Q3815099,,,2010,
Q38251697,,,2016,
Q38251806,635,2020,,
Q3847505,,,1958,https://ufrn.br/
Q3851554,2449,2020,1927,https://www.masters.edu/
Q386348,904,2020,1908,https://www.nesl.edu/
Q3878581,717,2020,1895,https://bushnell.edu/
Q3881299,,,1956,
Q3887993,2999,2020,1924,https://www.deltastate.edu/
Q38916258,,,2009,https://knu.edu.iq
Q3893320,1982,2020,1901,
Q389336,159,2020,1884,https://www.aada.edu/
Q3898136,468,2020,1872,
Q390087,4121,,1915,https://www.xula.edu/
Q39046130,,,2015,https://www.sggu.ac.in
Q39046360,,,2013,https://www.aujodhpur.ac.in
Q39046516,,,2012,
Q39046550,,,2011,
Q39046563,,,,https://www.petindia.org/eiem/
Q39046565,,,1965,
Q39046591,,,1972,
Q39047129,,,2012,https://www.policeuniversity.ac.in
Q39047141,,,2012,https://www.rrbmuniv.ac.in
Q39048034,,,2014,https://www.hnbumu.ac.in
Q39048530,,,2016,https://www.ctuniversity.in
Q39048599,,,2015,https://www.ppsu.ac.in
Q39049817,,,1954,
Q39049819,,,1965,
Q39049843,,,1972,
Q39049844,,,1962,https://panducollege.ac.in/
Q39049847,,,1944,
Q39049860,,,1943,
Q39049864,,,1986,
Q39049926,,,1981,
Q39049927,,,1959,
Q39049981,,,1946,
Q39050009,,,1995,
Q39050015,,,1962,
Q39050516,,,,
Q39050642,,,,
Q39054214,,,,
Q39054395,,,2004,
Q39054409,,,1956,https://www.polytechnic.wbtetsd.gov.in/riptkolkata
Q39054605,,,2010,https://recbanda.ac.in
Q39054954,,,2011,
Q39055282,,,2003,
Q39055741,,,2016,
Q39055749,,,2017,
Q39056078,,,,
Q39058354,,,1945,
Q39058892,,,2015,
Q39058927,,,2015,
Q39059776,,,1966,
Q39061140,,,2017,https://www.nsbm.ac.lk/
Q3908255,,,1980,
Q39089768,,,1989,
Q391028,71201,2023,1908,https://www.ubc.ca/
Q392667,8400,2021,1834,https://wfu.edu
Q3936030,1624,2020,1931,
Q3940116,4702,2020,1956,
Q3945126,3764,2020,1846,
Q39949,10249,2013,1971,https://kaist.ac.kr
Q39997,24351,2010,1905,
Q40006,,,1939,https://hanyang.ac.kr
Q40018,,,1986,https://postech.ac.kr/
Q4005868,3478,2020,1959,
Q4019812,636,2023,1873,
Q4026847,962,2021,1876,
Q4026988,2323,2020,1854,
Q4027436,,,1985,https://www.pnp.ac.id
Q402829,79,2020,1938,https://www.svots.edu/
Q40378878,,,2017,https://uowa.edu.iq/
Q40387612,230,,2017,https://code.berlin
Q4058272,,,1930,
Q4059261,,,1929,https://а.мвд.рф/
Q4062566,1332,2021,1815,
Q4062927,,,1943,
Q406402,,,1857,https://mu.ac.in
Q4087768,,,1930,
Q4094801,,,1982,
Q4111614,,,1921,https://vnmu.edu.ua/
Q4115972,1604,2020,1860,
Q4117087,,,1973,
Q4117960,,,2007,
Q4118040,7869,2020,1895,https://umassd.edu
Q4118781,593,2020,1956,https://www.covenantseminary.edu/
Q4119316,1671,2021,1822,https://www.hws.edu/
Q4119470,7137,2020,1807,https://www.umaryland.edu/
Q4119816,5274,2020,1979,
Q4124432,,,1796,
Q4127435,,,1931,
Q4134258,1502,2021,1885,
Q4144467,,,1949,
Q4146801,,,1945,
Q4146980,5918,2021,1889,https://suny.oneonta.edu
Q41497113,53767,2020,2018,https://www.sorbonne-universite.fr/
Q41497702,,,2017,https://www.karnavatiuniversity.edu.in
Q41497730,,,2017,https://www.sandipuniversity.edu.in/sijoul
Q41506,16424,2018,1885,https://stanford.edu
Q4151520,3312,2020,1962,
Q4154233,,,1949,https://www.dalgau.ru/
Q4163228,,,1966,https://dduvs.edu.ua
Q4166619,,,1882,
Q41715113,,,,
Q4173330,59418,2023,2012,https://www.univ-lorraine.fr/
Q4179041,,,,https://www.ipn.pt/
Q4201524,693,2020,1962,https://iaia.edu
Q4201665,,,,
Q4201806,,,1946,
Q4201815,,,1935,
Q4208077,,,1980,
Q4208095,,,1998,
Q4208096,,,1929,https://www.kaznau.kz/?lang=en
Q4211795,,,1958,
Q42238,,,1991,
Q4227955,3504,2021,1867,
Q42317858,,,2010,
Q42417604,16,2020,1983,
Q4243511,,,1969,https://kgufkst.ru/
Q42529237,,,2017,https://bnu.karnataka.gov.in
Q4253367,,,1867,https://www.lkouniv.ac.in
Q4257876,6828,2020,1958,
Q427553,5323,2020,1947,
Q42847577,,,,https://www.rotman-baycrest.on.ca/
Q4288141,,,1992,https://mubint.ru/
Q42955474,,,2017,
Q429561,11289,2021,1886,https://www.wichita.edu/
Q4296923,599,2020,1938,
Q429863,26857,2021,1961,https://www.fau.edu/
Q4304031,,,1930,
Q4309890,1072,2020,1819,
Q43147119,,,1991,
Q4314791,,,1992,
Q4318615,,,1927,
Q4318940,,,,
Q43241744,,,1976,https://www.cpc.gc.ca/en
Q4325171,,,1938,https://www.npi.edu.ru
Q4325440,,,1989,
Q432637,24500,2021,1821,https://www.gwu.edu
Q43305,,,1979,https://www.telecom-sudparis.eu/
Q4331409,7395,,1900,https://suitt.edu.ua/
Q4331412,,,1944,
Q43398922,,,2017,https://unuja.ac.id
Q4348556,,,1985,
Q4351539,,,1921,https://www.pspu.ru
Q4359408,3685,2020,1967,
Q4359655,1215,2020,1869,
Q4361450,,,1967,
Q43658,,,1816,
Q4366451,,,1981,
Q4366452,,,1956,https://www.psuti.ru
Q4374296,13844,2020,1890,https://post.edu/
Q4380853,7642,2020,1870,https://www.mst.edu/
Q4381563,,,1873,
Q4385790,,,1943,
Q43895339,,,1967,https://www.edgecombe.edu/
Q43895359,,,1945,
Q43895381,,,1961,https://www.statetechmo.edu/
Q43895452,,,1973,https://www.morrisontech.edu/
Q43895483,,,1998,
Q43895495,,,1946,
Q43896002,,,1973,https://en.bbgu.edu.cn/
Q43896870,,,1971,
Q4397933,,,1987,
Q4397991,20000,,1970,
Q4398497,,,1931,
Q4400868,1452,2020,1835,https://oglethorpe.edu/
Q44011525,,,,
Q4408456,,,1913,https://www.vavilovsar.ru
Q44176404,,,2006,
Q4438810,,,1999,https://sdamp.ru
Q4454907,130,2020,1975,
Q4458746,100,2020,1866,
Q4475791,,,1948,
Q4475843,,,1927,https://www.dbrau.ac.in
Q4493503,2312,2021,1831,
Q4494336,,,1970,
Q4496116,120,2020,1833,
Q4496336,,,,
Q4500472,1014,2017,1883,
Q4507421,10384,2020,1770,
Q45086388,,,2001,
Q45133425,,,,https://www.unsw.adfa.edu.au/
Q45135063,,,,
Q4513533,,,1960,https://stu.cn.ua/
Q45135502,,,,
Q45137368,,,2004,https://hbi.ucalgary.ca/
Q4525141,,,1950,
Q4537262,4173,2019,,
Q4564294,1664,2020,1794,https://site.tusculum.edu/
Q4564494,1584,2020,1856,https://www.albright.edu/home/
Q4564567,1467,2010,1723,https://www.washcoll.edu/
Q4568893,6960,2021,1889,https://www.elon.edu
Q4568903,10165,2020,1875,https://www.park.edu/
Q4569311,1999,2020,1955,
Q4570025,75200,,1949,https://www.gcu.edu/
Q4570064,8339,2020,1871,https://suny.buffalostate.edu/
Q4570194,2651,2021,1902,https://www.franklin.edu/
Q4570781,2077,2020,1854,https://www.lincoln.edu/
Q4570883,,,1961,
Q4571885,2961,2020,1942,
Q4571902,2605,2020,1742,https://www.moravian.edu/
Q4572296,3776,2020,1865,https://www.cau.edu/
Q4572396,,,1971,
Q457281,42606,2021,1867,https://illinois.edu
Q4583636,,,1899,https://www.apu.edu/
Q4614,48500,2019,1880,https://usc.cn
Q4647420,3995,2020,1892,
Q4647425,,,1956,
Q46492,,,1881,https://www.meiji.ac.jp
Q4650294,,,2000,
Q4650771,,,1990,
Q4652009,,,1992,https://aissmscoe.com/
Q4652574,,,2009,
Q4655135,,,2001,https://www.awhengg.org
Q4661582,143,2020,1984,
Q4667363,,,1965,
Q4667533,,,1992,https://abiastatepolytechnic.edu.ng
Q4668762,4291,2018,1908,
Q4669049,265,2020,1996,
Q4671403,,,,
Q4671422,,,2004,
Q4671433,97,2020,1982,
Q4671475,,,1764,
Q4673520,,,1888,
Q4673527,,,2000,
Q4673528,,,1968,
Q4677656,,,,
Q4678070,,,2008,https://awmc.addinmedical.org/
Q4682076,7584,2020,1896,https://www.adelphi.edu
Q4683035,,,2008,https://adithyatech.edu.in/
Q4683068,,,2001,https://adityauniversity.in/
Q4683283,,,1967,
Q4683288,,,1952,
Q4684938,,,1859,
Q4686323,,,,
Q4686466,1802,2020,1992,
Q4688919,,,1960,
Q4694611,,,1995,
Q4696945,,,1972,https://www.atc.edu
Q4697183,5981,2020,1967,
Q4699645,,,1998,
Q46996953,,,1952,
Q46996954,,,,
Q46996955,,,1965,https://adacoe.edu.gh/
Q46996956,,,,
Q46996957,,,1962,
Q46996958,,,1965,
Q46996960,,,1944,
Q46996961,,,,
Q46996962,,,,
Q46996964,,,1965,
Q46996965,,,,
Q46996966,,,1962,
Q46996967,,,1965,
Q46996969,,,,
Q46996970,,,,
Q46996971,,,1946,
Q46996972,,,1952,
Q46996973,,,,
Q46996974,,,1948,
Q46996975,,,1967,
Q46996976,,,1947,
Q46996978,,,1982,
Q46996979,,,,
Q46996980,,,,
Q46996982,,,,
Q46996983,,,,
Q46996984,,,,
Q46996985,,,1946,
Q46996986,,,,
Q46996987,,,1962,
Q46996988,,,,
Q46996989,,,1958,
Q46996990,,,,
Q4700816,,,2008,
Q4701998,,,1992,https://portal.akwaibompoly.edu.ng/
Q4702441,,,1994,
Q4705202,705,2020,2010,
Q4705569,,,1947,https://agacollege.in/
Q4705810,4037,2020,1958,
Q4706362,,,1964,https://igu.org.ua
Q4708506,40,2020,1966,
Q4709336,566,2020,1851,https://www.albanylaw.edu/
Q4709349,835,2020,1839,https://www.amc.edu
Q4709390,6371,2018,1903,https://asurams.edu/
Q4709395,3022,2020,1961,
Q4713718,,,1965,
Q4720997,2549,2020,1961,
Q4723471,,,1908,
Q47249304,20000,,2018,
Q4725961,,,1923,
Q47285400,21982,2022,2018,https://www.nkust.edu.tw/
Q4730667,10248,2020,1920,
Q4731591,2113,2020,1923,
Q4733529,1419,2010,1886,https://www.alma.edu/
Q4734793,1436,2020,1952,
Q4737977,2560,2020,1958,https://alvernia.bkstr.com/
Q4737981,,,1887,
Q4738072,5737,2020,1948,
Q4740262,,,,
Q4741376,1103,2020,1971,
Q4742862,,,,
Q4743138,55,2020,1924,
Q4743139,42,2020,1871,
Q4743445,,,2005,
Q4743453,856,2020,1978,
Q4744166,15415,2020,1970,https://www.aiuniv.edu/
Q4744555,1399,2020,1964,
Q4744872,,,1970,
Q47462448,,,,https://singapore.digipen.edu
Q4748638,625,2014,1967,https://www.amridgeuniversity.edu/
Q4748684,24500,2023,2003,https://www.amrita.edu
Q4750556,107,2020,1894,https://ambs.edu
Q4751293,,,1942,
Q4751304,,,1908,
Q4751340,,,1961,
Q47526979,,,,
Q4754215,3848,2020,1911,https://andersonuniversity.edu/
Q4754216,1406,2020,1917,https://anderson.edu/
Q4756641,,,1854,
Q4762731,,,1966,
Q4767291,1492,2020,1946,https://annamaria.edu/
Q4767796,,,2008,
Q4767797,,,1997,
Q4768125,11948,2020,1961,
Q4769881,8482,2020,1965,
Q4769889,1683,2020,1968,
Q4771201,12057,2020,1929,
Q4775012,116,2020,1850,
Q4775035,924,2020,1978,
Q4775038,,,1988,https://www.antioch.edu/
Q4775041,895,2020,1964,
Q4775042,276,2020,1977,
Q4775043,735,2020,1975,
Q477988,,,1997,https://www.upo.es
Q4780834,225,2020,1950,
Q4780841,180,2020,2003,
Q4780856,170,2020,1994,
Q4782984,,,1886,
Q4782996,124,2020,1939,
Q4784195,12001,2020,1965,
Q4785174,3300,2020,1853,https://www.arcadia.edu/
Q4791274,925,2020,1960,
Q4791459,6487,2020,1963,
Q4791744,523,2018,1884,
Q4791874,1271,2020,,
Q4791875,,,1927,
Q4791876,1941,2020,1976,
Q4792279,160,2020,1939,
Q4796670,235,2020,1869,
Q4803762,1741,2020,1890,
Q4804103,,,,
Q4804932,6601,2020,1959,
Q4805015,31115,2020,1918,
Q4805237,2400,2020,1938,
Q4806696,,,2008,
Q4807851,,,1987,https://www.aspen.edu
Q4810344,,,,https://assumptioncollege.edu.in/
Q4810350,45,2020,1953,https://acs350.org/
Q4810352,,,1958,
Q4811950,,,1916,
Q4813398,160,2020,1829,
Q4813522,4294,2020,1958,
Q4813523,3063,2016,1822,https://www.athens.edu/
Q4816111,2187,2018,1974,
Q4816162,3030,2020,1945,
Q4816324,4464,2020,1964,
Q4819300,,,,
Q4820976,,,1961,
Q4823037,1302,2020,1849,
Q4823243,181,2020,1902,
Q4824314,2,,1968,
Q4824340,,,1993,
Q4826832,,,1957,
Q4827950,286,2020,2000,https://www.avemarialaw.edu/
Q4828300,887,2020,1859,https://www.averett.edu/
Q4828763,,,2009,
Q4828842,1414,2020,1916,
Q4833663,232,2020,1986,
Q4833841,,,1946,https://www.campusoption.com/college/bms-evening-college-of-engineering
Q4835554,,,1999,
Q4835563,,,1968,https://www.firelands.bgsu.edu/
Q4835740,,,1996,
Q4841390,,,1978,
Q4848655,,,1964,
Q4848899,,,1964,
Q4849134,6028,2020,1888,
Q4849228,2279,2020,1858,
Q4849288,24903,2020,1913,https://www.bakersfieldcollege.edu/
Q4849468,159,2020,1990,
Q4849802,,,1985,
Q4852809,4181,2020,1947,
Q4855006,,,1965,
Q4855007,,,1965,
Q4855008,,,1887,
Q4855356,,,1976,
Q4855392,,,2008,
Q4856306,,,1955,
Q4857336,,,1944,
Q4857601,222,2020,1950,
Q4857614,418,2020,1943,
Q4857615,,,1912,
Q4857642,,,,
Q4857662,110,2020,1955,
Q4857700,117,2020,1947,
Q4857747,,,1979,
Q4858451,,,1950,
Q4859925,215,2020,1917,
Q4860034,343,2020,1964,
Q4861586,,,1902,https://www.barnesjewishcollege.edu/
Q4865029,2444,2020,1959,https://www.barstow.edu/
Q4865605,4094,2020,1965,
Q4865607,1177,2020,1902,https://www.barton.edu/
Q4866248,,,1959,
Q4866951,,,,https://e.paaet.edu.kw/colleges/EN/CollegeofBasicEducation/Pages/default.aspx
Q4867557,,,1957,
Q4868388,904,2020,1978,
Q4868824,3369,2020,1940,https://www.batestech.edu/
Q4869472,7376,2020,1995,
Q48725239,,,1965,
Q48725327,,,1965,
Q48725356,,,1964,
Q48725396,,,1965,
Q48725492,,,1966,
Q48725521,,,1966,
Q48725689,,,1946,https://www.udc.ac.in
Q48725777,,,1957,
Q48726095,,,1994,
Q48726519,,,1971,
Q48726559,,,1906,https://iscnagpur.ac.in/
Q48726568,,,1932,
Q48726989,,,2016,https://spu.ac.in
Q48727743,,,2016,https://www.starexuniversity.com
Q48728051,,,,
Q48728630,,,2014,https://www.abhilashiuniversity.ac.in
Q48728810,,,2016,
Q48730835,,,2017,https://www.arkajainuniversity.ac.in
Q48731025,,,2013,https://www.gardencity.university
Q48731308,,,2005,https://www.williamcareyuniversity.ac.in
Q48731590,,,2016,https://www.iimtu.edu.in
Q48732096,,,2010,https://www.mgu.edu.in
Q48732924,,,2017,
Q48733023,,,2016,
Q48733090,,,2015,https://www.svvv.edu.in
Q48733671,,,,
Q4874042,438,2020,1981,https://www.bmcc.edu/
Q4874178,1898,2020,1962,
Q487556,63602,2019,1850,https://www.sydney.edu.au/
Q4876120,,,1891,https://beal.edu
Q48780701,,,1930,
Q48798578,,,,
Q48798628,,,2007,
Q48798645,,,2011,
Q48798646,,,2011,
Q48800046,,,,
Q4880661,,,1963,https://www.behalacollege.in
Q4881177,,,1981,
Q48815184,,,1987,
Q4882717,4999,2020,1883,
Q4883929,12286,2020,1966,
Q4883967,13059,2020,1966,https://www.bellevue.edu/
Q4884040,,,,
Q4884322,1467,2020,1876,https://belmontabbeycollege.edu/
Q4884341,802,2020,1971,
Q4886877,,,2010,
Q4886879,,,2009,
Q4887262,1731,2020,1870,https://benedict.edu/
Q4887341,2217,2020,1971,
Q4887352,3779,2020,1887,
Q48880972,,,1952,
Q4888646,,,1908,
Q48896669,,,2016,https://ru.smbu.edu.cn/
Q4889676,232,2020,1873,
Q4891499,11409,2020,1965,
Q4891998,6097,2020,1974,
Q4892251,1465,2020,1960,
Q48936483,,,,https://www.lzit.edu.cn/
Q4894781,2272,2021,1902,
Q48971537,,,2013,https://unisnu.ac.id
Q48975826,,,,
Q4897590,,,1945,
Q4897733,,,1881,
Q4897734,576,2020,1840,https://www.bethanywv.edu/
Q4897735,,,1948,https://bethanygu.edu/
Q4897766,710,2021,1927,
Q4897784,71,2020,1905,
Q4897887,,,1947,https://www.betheluniversity.edu
Q4897888,,,1887,https://www.bethelks.edu
Q4897957,4001,2020,1842,
Q48990054,,,2006,
Q4899661,3204,2020,1992,
Q4900785,,,1968,
Q4903268,223,2020,1971,
Q4903273,,,,
Q49041,705,2020,1870,https://www.allenuniversity.edu/
Q4904155,,,1984,
Q4905091,1892,2020,1962,
Q4906269,2426,2020,2003,
Q4907267,,,1947,
Q4907286,,,2002,https://www.bput.ac.in
Q49087,780,,1866,https://www.fisk.edu/
Q49088,4100,2021,1754,https://columbia.edu
Q49089,2384,2021,1886,https://www.umes.edu/
Q49108,11836,2021,1861,https://mit.edu
Q49109,2051,2010,1860,https://www.bard.edu/
Q49110,30009,2021,1869,https://bu.edu/
Q49112,5477,2014,1701,https://yale.edu
Q49114,10338,2021,1765,https://www.brown.edu/
Q49115,23620,2020,1865,https://cornell.edu
Q49116,6700,2024,1769,https://home.dartmouth.edu
Q49117,26552,2020,1740,https://upenn.edu
Q49118,14395,2021,1863,https://bc.edu
Q49119,5265,2021,1948,https://www.brandeis.edu/
Q49120,9517,2021,1852,https://tufts.edu
Q49165,1855,2018,1821,https://www.amherst.edu/
Q4916521,,,2013,https://www.bgu.ac.in
Q49166,2055,2021,1793,https://www.williams.edu/
Q49167,3440,2021,1831,https://www.wesleyan.edu/
Q4917588,,,1966,
Q4917715,2176,2020,1927,
Q4918312,3716,2020,1939,
Q49204,2475,2021,1871,https://www.smith.edu/
Q49205,2474,2021,1870,https://www.wellesley.edu
Q49206,28812,2021,1881,https://uconn.edu/
Q49207,14348,2020,1866,https://www.unh.edu/
Q49208,2576,2021,1877,https://www.risd.edu/
Q4920876,3743,2020,1946,
Q4920974,3608,2020,1883,https://www.bhsu.edu/
Q49210,51848,2018,1831,https://nyu.edu
Q49211,6912,2022,1824,
Q49212,53743,2018,1876,https://www.tamu.edu
Q49213,40804,2018,1883,https://www.utexas.edu/
Q4921669,1350,2020,1972,
Q4922670,516,2020,1837,https://blackburn.edu/
Q4922829,417,2020,1974,https://bfcc.edu/
Q4922972,2232,2020,1911,
Q492318,40846,2024,1831,https://www.ua.edu/
Q4923738,1057,2020,1967,
Q4926268,54,2020,1964,
Q4926785,18220,2020,1883,
Q4928235,,,1868,https://www.bloomfield.edu/
Q4929506,952,2020,1873,
Q4929509,1292,2020,1962,
Q4929702,2399,2020,1969,
Q4929703,3462,2020,1967,
Q4929705,,,2005,
Q4930299,965,2020,1922,https://www.bluefield.edu/
Q4930306,1243,2020,1895,https://bluefieldstate.edu/
Q4936100,,,1963,
Q4938441,101,2020,1945,
Q4940019,,,1950,
Q4946345,22496,2020,1963,
Q4947595,6090,2020,1967,
Q4947745,60,2020,1976,
Q4947923,,,1973,
Q4955549,,,1956,
Q4959024,3852,2020,1968,
Q4960619,2813,2020,1878,
Q4961841,986,2020,1950,
Q4962515,,,1934,
Q4962789,835,2020,1904,https://www.bpc.edu/
Q4965764,1076,2020,1930,
Q4966838,1455,2021,1880,https://www.bridgewater.edu/
Q4967681,,,2001,https://www.bimm.ac.uk/
Q4967947,,,1943,
Q4968880,6256,2020,1965,
Q4969329,,,,
Q4974180,8370,2020,1957,
Q4974383,10438,2020,1967,https://www.brookdalecc.edu/
Q4974694,1552,2020,1979,
Q4975271,5386,2020,1946,
Q4980029,1412,2020,1930,https://www.bryan.edu/
Q4980435,,,,https://bryanuniversity.edu/
Q4980834,,,1877,
Q4981651,3848,2020,1865,
Q4982077,4876,2020,1839,https://www.framingham.edu/
Q4982087,6728,2020,1894,https://www.fitchburgstate.edu/
Q4983461,6988,2020,1964,
Q498407,15250,2021,1990,https://www.lu.lv/
Q498451,33,2020,1984,
Q498526,28609,2021,1857,https://www.sjsu.edu/
Q4985470,1863,2020,1891,https://www.bvu.edu/
Q4986394,,,,
Q4986806,,,2006,
Q499451,61260,2021,1766,https://www.rutgers.edu/
Q4999226,7316,2020,1966,https://rcbc.edu/
Q500131,13106,2020,1909,https://www.astate.edu/
Q50015,1949,2020,1925,https://www.cgu.edu
Q500154,8899,2020,1927,https://ualr.edu/
Q5002596,7175,2020,1927,
Q5002600,2984,2020,1965,
Q5002793,9335,2020,1967,
Q50038190,,,1982,
Q50039998,,,1959,
Q5004696,47,2020,1950,
Q500606,47646,2012,1956,
Q5015257,526,2020,1942,https://www.carolinashealthcare.org/education/cabarrus-college-of-health-sciences
Q5017530,2920,2020,1913,https://www.minotstateu.edu/
Q501758,49500,2021,1853,https://www.ufl.edu/
Q5017672,1229,2020,1913,
Q5018694,21005,2020,1908,https://www.montclair.edu/
Q5019135,,,,
Q5019139,3845,2020,1964,
Q5019140,,,1939,https://www.caldwell.edu
Q5019761,8278,2020,1949,
Q5020643,537,2020,1996,
Q5021183,796,2020,1924,https://www.cwsl.edu
Q502352,10483,2020,1978,https://regent.edu
Q5024072,,,1951,https://www.ccsj.edu/
Q5024150,469,2020,1932,
Q5024245,,,,https://www.calvertnet.k12.md.us/
Q5024513,245,2020,1876,
Q5025749,,,1967,
Q5025905,,,2007,
Q5028213,12771,2020,1906,https://www.campbellsville.edu/
Q5030206,,,1989,
Q50321093,,,2001,
Q503246,800,,1905,
Q5032498,182,2020,1970,
Q503415,40521,2017,1856,https://umd.edu
Q503419,45601,2020,1885,https://www.arizona.edu
Q503424,,,1904,https://leeds.ac.uk/
Q5034681,2710,2020,1961,
Q5034785,8680,2020,1958,
Q5035532,2715,2020,1992,
Q5035685,2623,2021,1830,https://www.capital.edu/
Q5035867,754,2020,1927,
Q50376894,,,1977,https://www.usp.ac.fj/index.php?id=5681
Q50379463,,,1965,
Q5039438,,,1969,
Q5039806,,,1933,
Q5040755,1755,2020,1966,
Q5041723,2413,,1966,
Q5042180,,,1954,
Q5042860,1976,2020,1929,https://www.carlow.edu/
Q5044794,74,2020,1945,
Q5044906,,,1990,https://www.cutofnova.org
Q5044931,,,,https://www.carolinashealthcare.org/education/Carolinas-College-of-Health-Sciences
Q5046528,3060,2020,1976,https://www.carrollcc.edu/
Q5046531,1108,2020,1909,
Q5047231,1347,2020,1963,
Q5048210,2597,2020,2000,https://www.cascadia.edu
Q5049081,,,1945,
Q5051423,,,1961,
Q5051596,1371,2020,1851,
Q5051600,4328,2020,1958,
Q5053147,180,2020,1983,https://www.cdu.edu
Q5053247,227,2020,1968,
Q5055461,2906,2020,1953,
Q5055561,5231,2020,1968,
Q5056011,2090,2020,1968,
Q5056666,1097,2021,1867,https://www.cedarcrest.edu/
Q5057029,4207,2021,1887,https://www.cedarville.edu/
Q50575545,,,2009,https://www.southuniversity.edu/virginia-beach
Q5059073,,,1867,
Q5059076,563,2020,1825,
Q5059476,,,1968,
Q5060306,1546,2020,1989,https://www.cacc.edu/
Q5060345,4076,2020,1961,
Q5060434,,,1952,
Q5060438,,,1956,
Q5060508,5154,2020,1961,
Q5060545,629,2020,1884,
Q5060546,186,2020,1957,
Q5060595,,,1853,https://central.edu/
Q5060624,5974,2020,1966,
Q5061124,8140,2020,,
Q5061331,,,1938,
Q5061387,3115,2020,1963,
Q5061424,1155,2021,1855,https://www.centralmethodist.edu/
Q5061506,21398,2020,1964,
Q5061542,3029,2020,1971,
Q5061559,4304,2020,1949,
Q5061634,963,2020,1881,
Q5061651,11525,2021,1963,https://www.cpcc.edu
Q5061855,4021,2020,1887,https://www.centralstate.edu/
Q5061907,,,1965,
Q5061968,,,1976,
Q5061999,3370,2020,1966,
Q5062043,,,1966,
Q5062174,2314,2020,1925,
Q5062340,,,,https://www.cmm.minesparis.psl.eu
Q5062855,,,,https://cnad.cv/
Q5063141,,,1967,
Q5064834,20406,2020,1955,
Q5064897,5159,2020,1973,
Q5066011,11922,2020,1961,
Q5066497,2330,2020,1911,https://csc.edu
Q5066795,18192,2012,1883,
Q5070172,4137,2020,1878,https://www.champlain.edu/
Q5071020,,,1862,
Q5071217,13395,2020,1985,
Q5081831,872,2020,1966,https://www.cdrewu.edu/
Q5084121,,,,
Q5084173,558,2020,2003,
Q5084184,3350,2020,1964,
Q5086729,,,1985,
Q5086970,,,1947,
Q5087708,2353,2020,1869,
Q5087818,,,1994,
Q5087846,,,1963,
Q5087847,1399,2020,1973,
Q5087893,7452,2020,1963,
Q5090359,8328,2020,1969,
Q5092856,,,1965,
Q5095808,294,2020,1855,https://www.ctschicago.edu
Q5096717,,,1975,
Q50968648,,,,
Q5097298,8274,2022,1965,
Q5100537,,,1935,
Q5101627,,,1947,
Q5101687,,,,
Q5105527,1100,2020,1848,https://www.chowan.edu/
Q51077272,,,,https://www.cpbd.ac/
Q5108793,,,1866,
Q5109383,1918,2020,1871,
Q5110194,104,2021,1855,
Q5116581,71,2020,1893,
Q5120243,,,1882,https://www.ccms.edu
Q5120311,6873,2020,1969,
Q5122144,3256,2020,1939,
Q5122883,11863,2020,1915,
Q5123110,,,1984,
Q5123111,,,1881,
Q5123124,,,2006,
Q5123486,677,2020,1983,
Q5123487,2052,2020,1973,https://www.cityu.edu/
Q5123501,127,2020,2008,
Q5124879,5555,2020,1966,
Q5125034,2048,2020,1869,https://www.claflin.edu/
Q5126317,300,2020,2011,https://www.claremontlincoln.edu/
Q5126318,1349,2015,1946,
Q5126331,287,2020,1885,
Q5126855,1334,2020,1898,
Q5127175,7665,2020,1933,
Q5127383,5396,2020,1962,
Q5127510,853,2021,1843,
Q5127634,,,1888,
Q5128598,754,2020,1958,
Q5130334,7145,2018,1969,https://clayton.edu/
Q5130680,131,2020,1926,
Q5130976,658,2020,1883,
Q5132088,,,,
Q5132104,2269,2020,1965,
Q5132172,342,2021,1920,
Q5132245,3074,2020,1967,
Q5134090,1060,2020,1966,
Q5134167,119,2020,1894,
Q5135655,1589,2020,1965,https://www.cloud.edu/
Q5135907,3591,2020,1942,
Q5135988,2321,2020,1969,
Q513658,3752,2021,1901,https://www.up.edu/
Q5137668,1612,2020,1924,
Q5138254,4105,2020,1965,
Q5138264,3571,2020,1957,
Q5138391,8826,2020,1976,
Q5139329,7983,,1964,
Q5139809,3289,2020,1991,
Q5140489,1394,2020,1851,
Q5140993,1368,2020,1921,
Q5141289,,,1887,https://usv.edu/
Q5141504,,,1956,https://www.cit.edu.in
Q5142015,1327,2020,,https://colbycc.edu
Q5142055,807,2021,1837,https://www.colby-sawyer.edu/
Q5142862,,,1687,
Q5144788,46,2020,1970,
Q5146598,1512,2020,1906,https://ccsdetroit.edu
Q5146625,5107,2020,1968,
Q5146660,1703,2021,1957,
Q5146666,3546,2018,1961,
Q5146678,21010,2020,1967,https://www.cod.edu/
Q5146680,,,,
Q5146708,,,2021,https://coeruniversity.ac.in
Q5146733,1114,2020,1891,https://www.collegeofidaho.edu/
Q5146744,11854,2020,1967,https://www.clcillinois.edu/espanol
Q5146760,4509,2020,1926,
Q5146774,173,2020,1993,
Q5146775,,,1978,
Q5146779,1526,2021,1920,https://www.msj.edu/
Q5146820,,,1913,https://www.csbsju.edu/
Q5146821,,,1899,https://www.steu.edu
Q5146822,,,1923,
Q5146837,,,1965,
Q5146839,,,1958,https://www.csmd.edu/
Q5146840,,,1971,
Q5146845,12797,2020,1976,https://www.csi.cuny.edu/
Q5146859,2508,2020,1960,
Q5146875,,,2007,
Q5146880,370,2020,1969,https://www.coa.edu/
Q5146881,20573,2020,1969,
Q5146883,10932,2020,1958,
Q5146887,,,1966,
Q5146888,,,1993,
Q5146889,252,2020,2004,
Q5146892,1489,2020,1906,
Q5146897,12571,2020,1926,
Q5146898,1276,2020,1957,
Q5147228,,,1985,
Q5148025,,,1990,https://www.cinec.edu
Q5148756,7839,2020,1914,https://www.ccu.edu/
Q5148844,5315,2020,1967,
Q5148854,993,2020,1962,
Q5148912,,,,
Q5148968,28244,2020,1965,
Q5149544,,,1961,
Q5149615,,,1955,
Q5149653,2132,2020,1968,
Q5149654,371,2020,1999,
Q5149656,,,1851,
Q5149659,,,1854,
Q5149660,760,2020,1952,
Q5149662,6769,2020,1890,
Q5149698,825,2020,1977,
Q5149845,,,1993,https://www.columbiasouthern.edu/
Q5149848,5931,2020,1966,
Q5149859,201,2020,1828,
Q5149957,1445,2020,1966,
Q5150026,1009,2020,1879,
Q5150126,27621,2020,1963,https://www.cscc.edu/
Q5150130,6595,2021,1958,
Q5150133,2999,2020,1961,
Q5154662,,,1995,
Q5154677,,,1994,
Q5154687,13217,2020,1966,
Q5154688,7835,2020,1983,
Q5154689,17573,2020,1957,https://www.ccbcmd.edu/
Q5154691,,,1967,https://www.ccd.edu/
Q5154693,13684,2020,1964,
Q5154694,5102,2020,1970,
Q5154696,,,1966,
Q5157501,,,2007,
Q5157504,,,2001,
Q5157506,,,2001,
Q5157509,,,2004,
Q5157510,,,2001,
Q5158896,1807,2020,1872,https://www.concord.edu/
Q5158956,1864,2021,1891,https://www.concordiacollege.edu/
Q5158997,1165,2020,1963,https://cuaa.edu
Q5158998,4071,2020,1976,
Q5159000,3224,2020,1894,
Q5159001,5585,2020,1893,https://www.csp.edu/
Q5159004,6491,2020,1864,https://www.cuchicago.edu/
Q5159009,6167,2021,1881,https://www.cuw.edu/
Q5162061,,,1908,
Q5163150,,,1959,
Q5165598,6249,2020,1949,
Q5166453,1377,2020,1889,
Q5166726,,,1972,
Q5166813,,,2012,https://www.cbpbu.ac.in
Q51681544,,,1970,https://www.envsn.sports.gouv.fr/
Q5168572,2907,2020,1915,
Q5168753,1539,2020,1966,
Q5168881,2348,2020,1900,https://www.coppin.edu/
Q5169375,,,1959,https://www.cjc.edu.ph/
Q5169711,1160,2020,1935,https://www.corban.edu/
Q5171517,1041,2021,1853,https://www.cornellcollege.edu
Q5171546,,,2012,https://tech.cornell.edu/
Q5171563,,,1925,
Q5171689,1668,2021,1941,https://www.cornerstone.edu
Q5171775,4063,2020,1957,
Q5172644,,,,
Q51736099,,,2010,
Q5174697,1386,2020,1975,
Q5175230,14667,2020,1970,
Q5175262,,,1967,
Q5175610,283,2020,1884,
Q5177637,,,1968,
Q51780523,,,1999,
Q51781390,,,2010,https://osuna.univ-nantes.fr/
Q51782208,,,2016,
Q51782279,,,1992,
Q51782598,,,2010,https://aecc.hypotheses.org/
Q51783941,,,2012,
Q51784271,,,2013,
Q51784362,,,1998,https://gtsiea2432.wordpress.com/
Q51785558,,,1979,
Q51785579,,,2008,
Q5178987,865,2021,1955,
Q5179758,2475,2020,1922,
Q5180556,6012,2020,1971,
Q5182720,2629,2020,1965,
Q5186546,209,2020,1970,
Q51882842,,,1992,
Q51882866,,,2018,https://ufcat.edu.br/
Q51882893,,,2018,
Q51882897,,,2018,
Q5189182,,,1963,
Q5189258,192,2020,1964,
Q5189332,1485,2020,1916,
Q5192620,10093,2020,1963,
Q519349,10608,2021,1957,https://www.siue.edu/
Q5193756,878,2021,1853,
Q5193865,,,1966,
Q519427,10631,2021,1864,https://www.du.edu
Q5195204,2086,2021,1879,https://www.curry.edu/
Q5195644,,,2008,https://curtin.edu.sg/
Q5197072,10324,2021,1963,
Q5197087,8720,2020,1978,
Q5200315,15325,2020,1966,
Q5203187,2785,2020,1908,https://www.dyc.edu
Q5204344,,,1958,
Q5205959,,,2004,
Q5207513,1075,2020,1962,
Q5208240,2536,2020,1947,
Q5209997,,,1907,
Q5210002,,,1970,
Q5210049,1978,2021,1881,https://dsu.edu/
Q5210062,933,2020,1885,https://www.dwu.edu/
Q5211272,4247,2020,1898,https://www.dbu.edu/
Q5211292,246,2020,1950,
Q5211714,4964,2019,1963,https://www.daltonstate.edu/
Q52158476,,,,
Q52162244,,,2018,https://tinaztepe.edu.tr
Q52162250,,,2018,
Q52162252,8000,,2018,https://ankaramedipol.edu.tr/
Q52162254,,,2018,
Q52162263,,,2018,
Q52162273,,,2018,
Q52162277,,,2018,https://trabzon.edu.tr/
Q52162282,,,2018,https://www.sivas.edu.tr/
Q5220742,1345,2020,1906,https://www.swu.edu/
Q5221341,2171,2020,1946,
Q5221347,2411,2020,1890,https://danville.edu/
Q5223072,,,1948,
Q52236336,,,2018,
Q52236454,,,2018,
Q5228135,,,1979,https://www.davangereuniversity.ac.in
Q5230267,6127,2020,1866,https://www.davenport.edu/
Q523926,,,1904,https://www.rada.ac.uk/
Q52413,26744,2020,1864,https://www.ku.edu
Q5241643,3765,2020,1958,
Q5241825,738,2020,1904,https://www.dewv.edu/
Q5241855,79,2020,1900,
Q5241858,109,2020,1858,
Q5242645,377,2020,1939,
Q5243051,,,1979,https://www.dsce.edu.in
Q5243619,12728,2020,1957,
Q5243798,,,1928,https://demontmorency.edu.pk
Q5244080,2645,2021,1964,https://www.desales.edu/
Q5244524,,,1979,
Q5246081,,,1865,https://www.dean.edu/
Q5248521,,,2006,
Q5248534,,,1949,
Q5249124,,,,
Q5250021,,,1990,
Q5251144,,,1772,https://www.da.mod.uk/
Q5252909,10678,2020,1935,
Q5253711,13251,2020,1921,
Q5254597,4644,2021,1961,
Q52575621,,,2007,
Q5257948,491,2020,1947,
Q5259781,689,2021,1950,
Q52604182,,,,https://osur.univ-rennes1.fr/
Q52604431,,,,
Q52609922,,,,
Q52610248,,,,
Q52611103,,,1977,https://www.cef.es/
Q52619206,,,,
Q52619519,,,,https://www.escuelanaval.edu.co
Q52620115,,,,https://www.nbs.edu.pe/
Q52633512,,,,
Q52633855,,,,
Q5263500,23051,2020,1966,
Q5263531,1559,2020,1898,
Q52635371,,,,https://www.poltekkes-pontianak.ac.id
Q52635489,,,,
Q52635711,,,,
Q52636114,,,1971,
Q52636186,,,1984,https://www.stkip-pgri-sumbar.ac.id
Q52636645,,,2009,
Q52636687,,,,
Q52636930,,,2014,
Q52637421,,,2014,https://www.umaha.ac.id
Q52637498,,,,https://info.syekhnurjati.ac.id/
Q52637674,,,2011,https://www.stkipsingkawang.ac.id
Q52637707,,,2013,
Q52637715,,,,https://www.cps.sp.gov.br
Q52660807,,,,https://www3.centro.edu.mx/
Q52662329,,,,
Q52662516,,,1986,
Q52662844,,,,
Q52663306,,,,
Q52664711,,,,
Q5268746,,,1994,https://www.dnmc.edu.bd/
Q5270173,18693,2020,1949,
Q5273748,1441,2020,1918,https://dickinsonstate.edu/
Q5277877,,,1956,
Q5278773,1369,2020,1968,https://dinecollege.edu
Q52813001,,,1918,
Q5284145,69,2020,1931,
Q52847830,,,1919,
Q5286494,2281,2020,1872,
Q5287843,1459,2020,1935,https://dc3.edu/
Q5289309,,,1881,
Q5290724,,,1947,
Q5290735,1724,2020,1952,https://www.duny.edu/
Q5290747,83,2020,1905,
Q5290854,2235,2021,1901,https://www.dom.edu/
Q5290855,,,1890,
Q5292276,,,2001,
Q5292277,,,2001,
Q5296589,,,1949,
Q5301436,,,1904,
Q5303969,,,2000,
Q530424,2735,2020,1859,
Q5305629,4090,2021,1881,https://www.drake.edu/
Q53076757,,,2018,https://www.u-nagano.ac.jp
Q5309401,1538,2021,1873,
Q5313577,,,1950,
Q5315811,1281,2020,1914,
Q5316419,,,1970,https://durgapurgovtcollege.ac.in
Q5316567,4672,2020,1961,
Q5317480,8034,2020,1957,
Q5318575,2650,2020,1969,
Q5322616,,,,https://www.eccouncil.org
Q5322728,14353,2020,1966,
Q5324195,,,2000,
Q5326502,710,2021,1847,
Q5328042,,,1968,
Q5328044,2388,2020,1928,
Q5328060,3608,2020,1909,https://www.ecok.edu
Q5328416,2942,2018,1970,
Q5328880,33397,2020,1945,
Q5329000,3392,2020,1927,
Q5329446,5835,2020,1893,https://www.esu.edu/
Q5329516,1714,2020,1912,https://www.etbu.edu/
Q5329984,4392,2020,1888,
Q5330206,1803,2020,1969,https://cei.edu/
Q5330227,,,,
Q5330269,2042,2020,1966,
Q5330346,,,,
Q5330447,677,2020,,
Q5330550,3504,2020,1925,
Q5330559,1289,2020,1973,https://www.evms.edu/
Q5330572,,,,
Q5330580,1430,2020,1948,
Q5330990,,,1985,
Q5331048,419,2020,1980,
Q5331052,,,1996,
Q5332227,,,1975,
Q5332879,1822,2020,1958,https://www.eckerd.edu/
Q5336928,117,2020,1850,
Q5337885,2007,2020,1927,
Q5338425,,,1962,
Q5345719,2123,2020,2002,
Q5345817,2273,2020,1866,https://www.ew.edu/
Q5350875,20418,2020,1947,
Q5350877,4612,2020,1927,
Q5350976,,,1966,
Q5351764,26034,2020,1972,
Q5358247,,,1986,https://www.pens.ac.id
Q5360020,7882,2020,1949,
Q5361029,,,1924,
Q5361290,48329,2020,1971,
Q5362587,2002,2020,1891,https://www.ecsu.edu/
Q5363873,1716,2021,1899,https://www.etown.edu/
Q5363875,5850,2020,2004,
Q5366145,731,2020,1890,
Q5366768,3564,2021,1871,
Q5366900,1355,2020,1928,
Q536709,10775,2020,1928,
Q5370252,,,1926,https://daytonabeach.erau.edu/
Q5373192,883,2020,1919,
Q5373193,1946,2020,1919,https://www.emmanuel.edu/
Q5373396,194,2020,1941,
Q5373734,1230,2020,1836,https://www.emoryhenry.edu/
Q5373859,228,2020,1983,
Q5374138,10724,2020,1971,
Q5376124,4287,2020,1939,
Q5380357,1808,2020,1965,
Q5380989,,,2007,
Q5382442,170,2020,1974,
Q5388284,8364,2020,1946,
Q5389059,457,2020,1966,https://www.erikson.edu/
Q5390871,13408,2020,1969,
Q5395822,943,2020,1839,https://www.erskine.edu/
Q5396930,,,1934,
Q5397328,,,1952,https://www.ebape.fgv.br
Q5397361,,,2002,https://direitosp.fgv.br/
Q5397363,,,2003,https://eesp.fgv.br
Q5397366,,,1960,https://epge.fgv.br/
Q5397468,,,1870,
Q5397474,,,1922,https://www.espe.edu.ec
Q5399470,5282,2020,1852,https://www.loyola.edu/
Q5399674,,,1966,
Q5401812,8768,2020,1992,
Q540672,25469,2021,1856,https://auburn.edu
Q5411163,511,2020,1855,https://www.eureka.edu/
Q5415755,,,1919,
Q5415758,,,,
Q5416998,7580,2020,1967,https://www.everettcc.edu/
Q5417138,2247,2020,1998,https://www.evergladesuniversity.edu/
Q5417253,8699,2020,1975,https://www.evc.edu/
Q542498,600,,1998,https://www.avemaria.edu/
Q5428831,,,,
Q5428837,,,1993,
Q5431147,504,2020,1921,
Q5431182,318,2020,,
Q5431576,,,1948,
Q54321655,,,2000,https://iti.edu.sg/
Q5435301,,,1991,
Q5435862,,,1912,https://www.farmingdale.edu/
Q5438129,6653,2020,1965,
Q5439014,,,,https://www.fcps.net/
Q5439067,10932,2020,1961,
Q5439212,,,1959,
Q5439587,1821,2020,1968,
Q5440259,,,2002,https://www.fisat.ac.in
Q54409652,,,,
Q5445466,972,2020,1913,https://www.ferrum.edu/
Q5447173,1071,2020,1974,
Q5450199,5640,2020,1965,
Q5453567,,,1980,
Q5454775,1419,2020,1903,https://www.fisher.edu/
Q54552577,,,2018,https://www.snuniv.ac.in
Q5455840,349,2020,1984,
Q5456170,632,2020,1972,
Q5457900,2049,2020,,
Q5460831,3315,2020,1963,
Q5461285,488,2020,1946,
Q5461388,,,1947,https://www.fgc.edu/
Q5461515,928,2020,1879,https://www.fmuniv.edu/
Q5461548,1422,2020,2012,
Q5461600,3413,2020,1883,
Q5461608,22344,2020,1966,
Q5464862,9542,2020,2004,
Q5465153,1112,2020,1923,https://www.fontbonne.edu/
Q5466480,14605,2020,1957,
Q5470661,7587,2020,1960,
Q5470816,179,2020,1973,
Q5471807,328,2020,1978,
Q5471998,1617,2020,1919,
Q5472214,2776,2018,1939,https://www.fvsu.edu/
Q5476651,,,1932,
Q5477034,11711,2020,1912,https://www.fvtc.edu/
Q54817808,,,2020,https://kmms.ac.uk/
Q54823899,,,1998,
Q5483015,57,2020,1854,
Q5483039,3304,2020,1946,https://franciscan.edu/
Q54855421,,,,
Q54870504,,,2015,
Q54871104,,,2003,
Q54871163,,,,
Q54874651,,,,
Q54874667,,,2017,https://alameen.edu.iq/
Q54874671,,,2017,https://alameed.edu.iq/
Q5488991,,,1948,
Q5491372,1000,2010,1834,https://franklincollege.edu/
Q5491762,1928,2020,1962,
Q5492094,310,2020,1997,https://www.olin.edu/
Q54958341,,,1987,
Q54958451,351,2020,2015,https://www.cusm.org
Q5497565,5756,2020,1957,
Q5500864,1709,2021,1869,
Q5501566,,,1986,
Q5505816,,,1968,
Q5506030,,,1939,
Q5507332,,,2006,
Q55074849,,,,https://www.purdueglobal.edu/
Q55075099,,,2018,https://www.biumed.com/
Q55075123,,,2017,https://sageuniversity.in
Q55075139,,,1994,https://www.sgrru.ac.in
Q55075257,,,2001,
Q5508130,24627,2020,1972,https://www.fullsail.edu/
Q5508288,21427,2020,1913,https://www.fullcoll.edu/
Q5508483,1946,2020,1963,
Q55095934,,,,https://www.aereshogeschool.nl
Q55106540,,,1948,
Q5510680,41,2020,2003,https://future.edu/
Q5513788,,,1997,https://gmrit.edu.in/
Q5516461,3993,2020,1925,https://www.gadsdenstate.edu/
Q5518340,,,1990,
Q5519422,2060,2020,1967,
Q5521017,,,1944,https://www.gmuniversity.ac.in
Q5521430,3977,2021,1925,https://www.gannon.edu/
Q5522202,1868,2020,1919,https://www.gcccks.edu/
Q55222300,,,,
Q5523877,624,2020,1967,
Q5523962,283,2020,1853,https://www.garrett.edu/
Q5526717,5345,2020,1963,https://www.gaston.edu
Q5526971,4670,2020,1968,
Q5527226,4299,2020,2002,
Q5527291,7839,2020,1972,https://www.gtc.edu/
Q5528065,4494,2020,1919,
Q5532715,4735,2020,1966,
Q5532987,1418,,1848,https://www.geneva.edu/
Q5539406,4140,,1885,https://www.georgefox.edu
Q55394452,,,2017,https://www.hgu.ac.in
Q55394977,,,2004,
Q55413453,210,2020,,https://bcsmn.edu
Q55453818,,,1958,https://www.bpi.edu.cn/
Q5546219,,,1989,
Q5546985,1565,2020,1829,
Q5547419,7031,2019,1889,https://www.gcsu.edu/
Q5547517,12831,2019,2005,
Q5547599,7501,2020,1879,
Q5547660,2615,2020,1961,
Q5547686,9274,2019,1828,https://www.augusta.edu/
Q5547746,2907,2018,1906,https://gsw.edu/
Q5548012,2231,2020,1908,
Q5551021,,,1991,https://www.gmi.edu.my
Q5551132,,,2002,
Q5551972,7679,2020,1970,
Q5553275,,,,https://coljal.mx/
Q55588478,,,,https://matmor.unam.mx/
Q556098,11147,2021,1906,
Q55616244,,,2018,https://krea.edu.in
Q55624802,,,2002,https://nspp.gov.pk
Q55625215,,,2018,https://nmu.edu.ng/
Q5562547,,,1946,
Q55627945,,,,
Q55633763,,,2013,https://www.srinivasuniversity.edu.in
Q55648280,,,2013,https://www.lucg.edu.gh
Q55650595,,,2015,
Q55657279,,,2017,https://bolgar.academy
Q55669420,,,2017,https://baucyprus.edu.tr/
Q55670387,,,1970,https://www.setu.ie
Q556733,40784,2018,1959,
Q5567925,950,2020,1965,
Q5568198,,,1952,
Q5568352,14374,2020,1965,
Q5568357,12973,2020,1927,
Q5569419,1583,2020,1872,
Q55697553,,,,
Q5570075,,,2001,
Q5570399,,,2002,https://www.globalindianschool.org/
Q55705045,103,2018,2018,https://ait.edu.az/
Q55707753,,,,
Q5572036,6369,2020,1966,https://www.rcsj.edu/
Q55721694,,,2011,https://univ-constantine3.dz
Q5574372,,,,
Q5575209,,,1955,
Q5575411,,,1947,
Q5575518,,,1985,
Q5575668,335,2020,1900,
Q5575794,,,1879,
Q5577338,896,2020,1932,
Q5577487,,,1979,
Q5579962,11396,2020,1965,
Q55830253,,,,
Q5585003,3663,2018,1852,
Q5585004,1816,2020,1889,https://www.gordon.edu/
Q5586069,1489,2020,1969,https://www.gordonconwell.edu/
Q5588380,,,1985,
Q55886289,,,1987,
Q5588690,,,1960,https://kalahandiuniversity.ac.in
Q5588720,,,,
Q5588733,,,1854,
Q5588742,,,2009,
Q5588748,,,1981,
Q5588753,,,1941,
Q5588754,,,1919,
Q5588822,,,1999,https://www.gecwyd.ac.in
Q5588825,,,1957,https://www.gectcr.ac.in
Q558922,20720,2020,1857,https://illinoisstate.edu/
Q558957,5418,2020,1947,
Q5589829,,,,https://www.gbpssi.in
Q5591004,1052,2020,1945,
Q5591059,1901,2020,1948,
Q5591138,2849,2021,1946,
Q5591503,1191,2020,1830,
Q5593620,5438,2020,1901,
Q5594651,2652,2021,1910,https://www.rockhurst.edu/
Q5595242,1874,2020,1896,
Q559549,4400,2019,1845,https://www.usna.edu/homepage.php
Q5595931,1879,2020,1972,
Q5596645,6465,2020,1951,
Q5597737,454,2020,1895,
Q5598352,,,1930,https://www.ghc.edu/
Q5598396,4066,2020,1960,
Q5598715,,,1967,https://greatbasin.bkstr.com/
Q5599153,1071,2020,1969,
Q5599431,169,2020,1949,https://www.glcc.edu/
Q5603127,,,1963,
Q5603955,1620,2020,1962,
Q5604445,944,2020,1838,https://www.greensboro.edu
Q5604671,994,2020,1892,
Q5604737,,,1962,
Q56064397,,,2018,https://miu.edu.in
Q5608252,,,1957,
Q5610609,15426,2020,1961,https://www.grossmont.edu/
Q5611381,2277,2020,1876,https://www.gcc.edu/
Q56118082,568,2020,,https://www.scitech.edu/
Q5613414,,,1977,
Q5615915,1429,2020,1837,https://www.guilford.edu
Q5615941,10821,2020,1958,
Q5616948,,,1941,
Q5617027,,,2007,https://www.gtu.ac.in
Q5617079,,,,
Q5617088,7382,2020,1827,
Q5617466,,,1957,https://www.gulfcoast.edu/
Q56187114,20,2023,2021,https://www.utn.de/
Q5620408,,,2003,
Q5620464,,,1956,
Q5621541,2230,2020,1862,
Q5623660,,,1976,
Q5623662,,,,
Q5623834,2737,2020,1948,
Q56240907,,,2018,
Q56261064,,,,
Q56271873,,,,
Q56271941,,,,
Q56271958,,,,
Q56276432,,,2018,
Q5628144,1526,2020,1963,
Q56291289,,,2001,
Q5629969,,,1977,
Q56359046,,,,
Q56364986,,,2018,https://khim.edu.ua/
Q56368232,,,1898,https://duit.edu.ua/
Q56377773,,,1958,
Q5638638,3433,2020,1946,
Q56388631,,,2000,
Q56390099,,,2002,https://politeknikraflesia.ac.id
Q56390827,,,2015,https://poltekpar-makassar.ac.id
Q56393409,,,2017,https://www.stainkepri.ac.id
Q56393491,,,,https://stigmalang.blogspot.com/
Q56393961,,,2014,https://www.unusu.ac.id
Q56394012,,,,https://stitnualhikmah.ac.id/
Q56394013,,,2014,https://www.stitnualfarabi.ac.id
Q56394021,,,2013,https://www.unhasy.ac.id
Q56394043,,,2014,https://unugiri.ac.id
Q56394051,,,2016,
Q56394052,,,2014,https://unulampung.ac.id
Q56394054,,,2014,https://www.uniramalang.ac.id
Q56394057,,,,
Q56394061,,,2014,https://www.unukaltim.ac.id
Q56394105,,,2014,
Q56394129,,,2011,
Q56394393,,,2018,https://iainfmpapua.ac.id/
Q56399085,,,2004,https://www.piksi.ac.id/
Q56399408,,,2016,https://stainmajene.ac.id
Q56399412,,,2018,
Q56399789,,,2014,
Q5640316,,,2005,
Q5641271,,,1988,
Q56414517,,,2017,https://www.stpmataram.ac.id
Q56415701,,,2008,https://www.polindra.ac.id
Q56416982,,,2002,https://www.poltekindonusa.ac.id
Q56417072,,,2014,https://www.iaisambas.ac.id
Q5642145,,,1959,
Q5645170,120,2020,1969,
Q5646575,,,1999,
Q5649147,739,2020,1858,https://www.hlg.edu/
Q5649375,999,2021,1827,https://www.hanover.edu/
Q5655059,,,1915,
Q5656138,4617,2020,1924,
Q5656978,5256,2020,1957,
Q56583004,,,,https://www6.bordeaux-aquitaine.inra.fr/st_pee_eng/UR-NuMeA
Q56649378,,,2015,
Q5665208,15376,2020,1964,https://www.hacc.edu/
Q5665307,3997,2020,2001,
Q56661664,,,2013,
Q56661716,,,2012,https://www.zhsust.edu.bd/
Q56662104,,,2012,
Q5666316,1400,2020,1857,
Q56682998,,,2018,https://www.nhlstenden.com/
Q5672155,6365,,1956,
Q5675100,8673,2020,1920,
Q56753731,,,,
Q567899,,,1882,https://www.puchd.ac.in
Q5680304,,,1882,https://www.hastings.edu/
Q5680372,,,1970,
Q56806290,,,,
Q56816080,,,2017,https://www.rmu.edu.bd/
Q56837,7200,,1942,https://www.mephi.ru/
Q56840371,,,,
Q56840804,,,,
Q56841038,,,,
Q56841178,,,,
Q56841223,,,,
Q56841246,,,,https://www.institutoivoti.com.br/
Q56841473,,,,
Q56841482,,,,
Q56841516,,,,
Q5684264,2430,2020,1941,
Q56844764,,,,
Q56846729,,,,
Q56846951,,,,
Q5685070,5042,2020,1966,https://www.hawkeyecollege.edu/
Q56868032,,,1970,https://www.arub.cz
Q568705,,,1751,https://www.milak.at/
Q5687437,,,1965,
Q5687641,,,1968,
Q5688277,,,2008,
Q5695836,137,2020,1921,
Q5698693,1230,2020,1850,https://www.heidelberg.edu/
Q5698722,,,1964,https://www.umm.uni-heidelberg.de/
Q5707189,126,2020,1937,
Q5713257,1331,2020,1960,
Q5714836,4094,2020,1972,https://hennepintech.edu/
Q57208533,,,,
Q5721408,11345,2020,1938,https://www.hfcc.edu
Q572430,38930,2020,1993,
Q57313,,,,
Q5738742,110,2020,1971,https://www.hcu.edu/
Q5738904,,,2001,
Q573894,,,1983,
Q5739095,999,2020,1981,
Q5739244,2224,2020,1966,
Q574316,1096,2021,1829,https://www.ic.edu/
Q5743365,,,1897,
Q574586,7286,2021,1922,
Q5746274,359,2020,1909,
Q5750676,913,2020,1916,
Q5750711,,,2000,
Q57517262,,,2017,https://www.gurugramuniversity.ac.in
Q5756235,5781,2021,1924,https://www.highpoint.edu
Q5758114,,,,
Q5758717,1276,2020,1962,
Q5758719,2700,2020,1858,
Q5758983,,,1922,
Q5761194,801,2020,1957,
Q5761563,,,,
Q5761712,,,1948,https://www.cesag.org/
Q5761885,,,1979,
Q5763679,,,1968,
Q5763774,1486,2010,1844,https://www.hillsdale.edu/
Q5764876,,,1970,https://www.hpuniv.ac.in
Q5766201,11181,2020,1917,
Q5769100,1110,2020,1850,https://www.hiram.edu/
Q5784190,,,1908,
Q5784208,,,,
Q579611,1419,2021,1833,https://www.haverford.edu/
Q57980451,,,2018,https://poltek-furnitur.ac.id
Q57987212,,,2009,
Q57987734,,,2010,
Q57987898,,,2011,
Q57987995,,,2013,
Q579968,32777,,1839,https://missouri.edu/
Q58057626,,,,
Q5808016,,,,https://policia.edu.co/
Q5811553,,,2002,https://i3a.unizar.es
Q58310020,20418,,2022,https://www.atu.ie/
Q58355427,,,1983,
Q5838701,,,,
Q5838712,,,1950,https://www.emi.edu.bo/
Q5839196,,,1977,https://phsu.edu
Q5847262,,,1980,https://ekh.aja.ir/
Q5854873,,,1975,https://www.acatlan.unam.mx/
Q5854907,,,,
Q585828,9814,2020,1856,
Q5871111,,,1948,https://www.blanquerna.edu/
Q5873994,,,2006,
Q5874998,159,2020,1960,
Q5875780,,,1968,https://www.hocking.edu/
Q5883533,5409,2020,1911,
Q5885180,455,2020,1966,
Q5887074,4209,2020,1946,https://www.hcc.edu/
Q5892894,,,,https://www.hondros.com
Q5896667,3378,2020,1920,
Q5897438,1200,2021,1893,https://www.hood.edu/
Q5899317,1201,2020,1928,
Q5900701,,,,https://www.hopkinsschools.org/
Q5900754,2076,2020,1965,
Q590201,14578,2008,1969,https://www.ut-capitole.fr/
Q59050231,,,2018,https://nvu.edu.eg/
Q5905297,,,1966,
Q590643,21626,2021,1809,https://miamioh.edu/
Q5909476,6136,2020,1968,https://www.hostos.cuny.edu/
Q591131,,,1914,https://www.zoo.gov.taipei
Q591426,15033,2020,1902,https://www.fhsu.edu/
Q5916417,3963,2020,1960,
Q5917230,,,1859,
Q5917794,,,2003,
Q5917797,,,2002,
Q5917848,,,1973,
Q5917852,,,1972,https://leon.tecnm.mx/
Q5917875,,,1938,
Q5917885,,,1970,https://slp.tecnm.mx/
Q5917900,,,1972,
Q5918116,,,2000,
Q5919327,,,1945,
Q5919334,9566,2020,1966,
Q5920583,1060,2020,1889,
Q5927506,,,1984,
Q5928620,7039,2020,1974,
Q5928989,8933,2020,1953,
Q5929270,3808,2020,1849,
Q5932856,,,1944,https://www.snnu.edu.cn/
Q59386762,,,,https://www.hunimed.eu
Q5940463,,,2010,https://www.abzums.ac.ir/
Q5941008,,,1979,https://miu.ac.ir/
Q5945112,920,2020,1854,https://www.huntingdon.edu/
Q59452271,,,1977,
Q5945524,1391,2020,1897,
Q5946948,,,1863,https://huronatwestern.ca/
Q5949943,3473,2020,1898,https://www.husson.edu/
Q5950653,4907,2020,1928,
Q59535271,,,2010,https://www.qatar.exed.hec.edu
Q59547976,,,1993,https://www.esci.upf.edu/en
Q5955020,,,1921,
Q5957704,,,1982,https://www.shariaty.ac.ir/fa
Q5958474,,,1999,
Q5961585,,,,
Q5962950,,,1974,
Q5969379,,,1897,
Q597236,27642,2021,1959,https://wsu.edu
Q5974512,,,1981,
Q5978689,941,2020,1941,https://mainemaritime.edu/
Q59798,,,,
Q59821447,,,,
Q59822615,,,,
Q5984659,,,2002,
Q59851238,,,2016,https://www.vskk.cz/cz/
Q5989870,,,2008,
Q599316,10007,2021,1919,https://newschool.edu/
Q5998152,215,2020,1892,
Q5998168,,,1975,
Q5999373,7813,2020,1967,
Q5999410,531,2020,1955,
Q5999827,2413,2020,1924,
Q6000961,,,1957,
Q6002003,,,1999,https://nu.edu.az/
Q6004301,2563,2020,1920,https://www.immaculata.edu/
Q6015698,,,2006,
Q6020480,3279,2020,1966,
Q6021484,,,1959,https://irsc.edu/
Q6023582,,,1971,https://www.iue.edu/
Q6023619,3801,2020,1963,https://northwest.iu.edu/
Q6023656,,,1941,
Q6023665,,,1916,https://southbend.iu.edu/
Q6023669,8093,2020,1964,
Q6023698,12230,2021,1920,https://www.indwes.edu/
Q6028455,,,2010,https://www.ytb.gov.tr/
Q603034,23589,2020,1891,https://drexel.edu/
Q6038966,,,2004,
Q6038998,,,,
Q6039015,,,1987,
Q6039214,54,2020,1996,
Q6039770,392,2020,1997,https://divinemercy.edu/ips/
Q6039967,27,2020,,
Q6039982,,,1989,https://ibsu.ac.pg
Q6040058,,,1965,
Q6040501,,,1974,
Q6040520,,,2006,
Q6040818,,,1984,
Q6040925,1279,2020,,
Q6040956,,,1975,
Q6041504,,,2014,https://www.ustp-edu-st.com
Q6041598,,,2000,https://www.itla.edu.do/
Q604470,,,1901,https://www.sdu.edu.cn/
Q60450,167,2010,1924,
Q6045485,,,1982,
Q6045490,,,1962,
Q6046045,285,2020,1958,
Q60463842,,,2016,https://uftb.ac.bd
Q6048168,,,2006,
Q6050252,,,1983,
Q6051112,,,1977,
Q6053947,,,1998,
Q60573538,,,2020,https://ksiu.edu.eg/
Q6063486,3590,2020,1940,https://www.iona.edu
Q6064292,4704,2020,1966,
Q6064720,5791,2020,1966,
Q60673567,,,2018,
Q60743039,,,1969,
Q6074403,12199,2020,1985,
Q60748108,,,2017,https://vitap.ac.in/
Q60749640,,,2017,https://bbmku.ac.in
Q60752247,,,2015,https://www.bnuniversity.ac.in
Q60752859,,,2018,https://www.aiimsmangalagiri.edu.in
Q60756486,,,2005,https://lldims.edu.in
Q60764316,,,2011,
Q60782733,,,1894,
Q60785255,,,1976,
Q60785258,,,1967,
Q60786040,,,2008,
Q6082132,,,2009,
Q6082145,,,1961,
Q6082651,,,2004,https://iunajaf.edu.iq
Q60847633,,,,https://unitaldili.wordpress.com/
Q6087580,,,,
Q6089196,,,2008,
Q6090137,,,,
Q60914723,,,,https://sphinx.edu.eg/
Q6094155,4696,2020,1941,
Q609586,,,1959,
Q6096546,,,2007,https://www.bilecik.edu.tr/
Q60994106,,,1999,
Q6099948,63809,2020,1963,
Q61000134,,,1980,
Q6103572,,,2006,
Q6105653,825,2020,1961,
Q6105983,,,1956,
Q6107066,7759,2020,1972,
Q6107895,,,,
Q61082653,,,2009,https://ipgm.moe.edu.my
Q61083125,,,,
Q6109954,,,1947,https://www.jecjabalpur.ac.in/index.aspx
Q61113783,,,,
Q61113786,,,,
Q61128838,,,,
Q61128886,,,2013,https://www.nctu.edu.vn/
Q6116999,4140,2020,1928,
Q6117327,,,2009,
Q6117378,4203,2020,1967,
Q611995,,,1988,https://www.uai.cl
Q6122149,,,1930,https://jbu.ac.in
Q6126046,,,1961,
Q6128246,3324,2020,1971,https://www.rhodesstate.edu/
Q6132876,1985,2020,1927,
Q61365375,,,1969,
Q61365816,,,2015,https://kau.ac.bd/
Q613736,23000,,1965,
Q6137503,,,1982,
Q61376233,,,1993,
Q61376249,,,,https://umo.edu.ua
Q61376250,,,2007,
Q6140137,,,1990,
Q6146207,1147,2020,1883,https://www.uj.edu
Q6146214,3430,2020,1950,
Q61483495,,,,
Q6149540,4911,2020,1871,https://www.geneseo.edu/
Q615154,,,1968,https://www.us.edu.pl
Q6154050,,,1950,
Q6156341,,,,https://atlantida.edu.ar/
Q6156377,,,1977,
Q6156399,,,1982,https://www.catolica.edu.sv
Q6156459,,,2023,https://uf3ceu.es/
Q6156468,,,1982,
Q6156513,,,1967,https://www.unila.edu.mx/
Q6156552,,,2010,
Q6156576,,,2006,https://www.gob.pe/untels
Q6156583,28071,2023,2009,https://www.unpaz.edu.ar/
Q6156585,,,2007,
Q6156598,3775,2023,2009,https://www.unvime.edu.ar/
Q6156635,,,1998,https://www.upct.es/
Q6156647,,,2004,
Q6156693,,,2000,
Q6156698,,,1998,
Q6156707,,,2008,
Q6156709,,,1998,
Q6156717,,,2012,https://utec.edu.uy/es/
Q6156806,,,1971,
Q6156842,,,2008,https://udc.edu.ar/
Q615873,7050,2020,1891,https://seattleu.edu
Q615998,17000,,1925,
Q6161219,719,2020,1912,
Q616591,2942,2021,1833,https://www.oberlin.edu/
Q6165980,,,1962,
Q6165985,,,1980,
Q6165999,,,1965,https://www.jntuh.ac.in
Q6168471,,,1997,
Q617433,22850,2020,1870,https://www.syracuse.edu
Q6175404,,,1963,
Q6175407,2658,2020,1961,https://www.sunyjefferson.edu/
Q6175409,,,2005,
Q6175594,8526,2020,1965,
Q61801427,,,,https://www.ktncollegeofpharmacy.net
Q61801461,,,,https://www.kmeacollege.ac.in
Q61801485,,,2011,https://www.lead.ac.in
Q61801766,,,,https://www.mbanimit.ac.in
Q61802255,,,,https://www.vjim.ac.in
Q6180452,,,2001,
Q6185114,,,1995,
Q61861351,,,2017,https://www.unavarra.es/icommunitas
Q61861353,,,2017,https://www.unavarra.es/imab/
Q61861355,,,2016,https://www.unavarra.es/isfood/
Q6191740,,,1902,
Q61995979,,,,
Q620640,20023,2020,1899,https://www.appstate.edu/
Q62067267,,,1874,
Q620973,43722,2020,2012,https://www.uopeople.edu/
Q621043,12756,2021,1836,https://emory.edu
Q6214723,,,1965,https://www.jogeshchaudhuricollege.org/
Q6217783,3328,2020,1967,https://www.jalc.edu
Q622137,7067,2020,1865,https://www2.lehigh.edu/
Q6223569,1761,2021,1919,
Q622664,38798,2021,1960,https://ucsd.edu
Q624090,11775,2021,1910,https://www.usm.edu/
Q624560,5285,2021,1913,https://www.humboldt.edu
Q624564,11163,2020,1957,https://www.csustan.edu/
Q624571,8018,2020,1960,
Q624686,6806,2021,1994,
Q6246901,299,2020,1933,
Q624691,16367,2020,1989,
Q624959,26054,2019,1906,
Q624970,9379,,1899,
Q624985,8626,2020,1895,
Q625103,13874,2020,1963,https://www.umsl.edu/
Q625138,,,1997,
Q625150,,,1997,https://www.af.ac.kr/
Q6252298,274,2020,2003,
Q6261498,9440,2020,1967,
Q6264778,1881,2020,1974,https://www.jwcc.edu/
Q626591,7015,2020,1947,
Q62678694,,,,
Q6268234,497,2020,1918,
Q6268244,13891,2020,1969,
Q6268628,4182,2020,1969,
Q6269247,,,,
Q6269988,10267,2020,1901,
Q627271,6917,2020,1880,
Q6275177,4535,2020,1911,
Q6278855,,,1960,
Q630226,6196,2021,1851,https://www.pacific.edu/
Q630461,,,1872,
Q63091828,,,,
Q631066,25066,2021,1889,https://www.clemson.edu/
Q6313025,1282,2021,1876,https://www.juniata.edu/
Q632004,19137,,1923,https://www.ru.nl/
Q63226588,,,2020,https://www.villanueva.edu
Q63226728,,,1949,
Q6323970,,,,
Q632465,7497,2021,1910,
Q632506,5016,2021,1935,https://nsu.edu
Q632573,12582,2020,1897,
Q6326776,,,1998,
Q6329957,,,,
Q633040,9304,2020,1922,
Q634396,7284,2020,1939,
Q634651,10820,2020,1947,
Q634669,13713,2020,1911,
Q63479721,,,2019,https://hmu.gr/
Q63491101,,,2004,
Q6349290,,,1961,https://www.kmcwgl.com/
Q6350193,,,2009,https://swehg.com/swce/
Q6350383,1451,2020,1833,https://www.kzoo.edu/
Q6350423,6656,2020,1966,
Q635118,10300,,1873,https://library.semo.edu/
Q6356958,1848,2021,1891,https://www.hsutx.edu/
Q6358707,,,1975,
Q6361476,,,1950,
Q6363574,2245,2020,1966,
Q6364655,698,2020,1885,
Q6364783,5148,2020,1923,
Q6364916,1275,2020,1916,
Q6365093,,,1991,
Q6365149,803,2020,1886,https://www.kwu.edu/
Q6365497,,,1998,
Q6366682,6369,2020,1946,
Q637346,5734,2020,1835,https://www.uwa.edu/
Q6374573,2785,2020,1940,
Q6374846,,,,
Q6378632,1461,2020,1965,
Q6379803,,,1970,
Q6381094,1380,2023,2012,https://www.knu.ac.in
Q6381586,5729,2020,1841,
Q6382148,14064,2020,1855,https://www.kean.edu/
Q6382470,573,2021,1997,
Q6382897,3210,2020,1909,
Q6383859,20330,2020,1977,
Q6385846,3469,2020,1956,
Q638859,1454,2021,1852,https://oakland.northeastern.edu/
Q6389547,2297,2020,1969,
Q6389707,1878,2020,1935,
Q6391348,68,2020,1818,
Q6391915,2049,2020,1958,
Q6391917,1173,2020,1965,
Q6391918,1729,2020,1962,
Q6391919,4950,2020,1946,
Q6392195,689,2020,1919,
Q6392309,87,2020,1931,
Q6395480,2030,2020,,
Q6395612,1535,2020,1890,https://www.keuka.edu/
Q6397946,79,2020,1975,https://www.kbocc.edu/
Q6398457,,,1868,https://www.keystone.edu/
Q6399651,,,2007,
Q64011667,,,,
Q64012167,,,2018,https://cuap.ac.in
Q6403458,,,1991,
Q640652,27772,2020,1890,
Q6406863,5100,2020,1935,
Q6410885,,,1901,
Q6410887,,,1946,
Q6411130,,,1954,https://www.kings.uwo.ca/
Q6412129,1746,2020,1867,https://www.king.edu/
Q6413125,15116,2020,1963,
Q6414075,,,1965,https://www.kinneret.ac.il/ar/
Q64153182,,,,https://www.monash.edu/prato
Q6415889,12277,2020,,
Q6416228,1330,2020,1966,
Q6416672,2626,2020,1968,
Q6419629,1492,2020,1996,https://www.klamathcc.edu
Q6425796,,,1993,https://www.kogistatepolytechnic.edu.ng/
Q6427183,,,1998,
Q6427195,,,1998,
Q6429262,,,1994,
Q6431288,,,1977,
Q64343228,,,1873,
Q6437512,,,1846,
Q6439351,,,1995,
Q6443532,,,1984,
Q6445080,,,1966,
Q6448715,,,1975,https://www.tehuacan.tecnm.mx/
Q6449111,,,1939,
Q6456995,249,2020,1996,
Q6457519,,,1886,https://www.ensign.edu/
Q6458722,,,1939,
Q6460011,2827,2020,1931,
Q6460745,854,2020,1831,https://www.lagrange.edu/
Q6460759,16971,2020,1968,
Q6464919,,,1963,https://www.laroche.edu/
Q6465112,,,1959,
Q6465284,1993,2020,1922,
Q6467012,1464,2020,1923,
Q6467575,1188,2020,1892,
Q6467825,278,2020,1982,
Q646842,50715,2024,1991,https://www.apus.edu
Q6468687,2043,2020,1894,
Q6469995,,,1939,
Q6470082,,,1948,
Q6472813,782,2020,1961,https://www.lcad.edu
Q6472815,,,1930,
Q64744448,,,2021,
Q64744500,,,,https://www.ncerd.edu.eg
Q6474813,2217,2020,1965,
Q6475773,,,1856,
Q6475778,4336,2020,1992,
Q6475861,1583,2020,1857,https://www.lakeforest.edu/
Q6475863,395,2020,1946,
Q6476553,3862,2020,1966,
Q6476901,2499,2020,1946,
Q6477507,,,1941,
Q6477887,,,1995,
Q6477941,2332,2020,1975,
Q6478429,,,1949,
Q6478782,3973,2021,1862,
Q6478785,,,,
Q6478788,2498,2021,1967,
Q6479236,,,1894,
Q6479473,,,1962,
Q6479779,,,2003,
Q6480842,723,2020,1937,
Q6480920,,,1969,
Q6480921,,,1909,
Q6483113,2038,2020,1933,https://www.lbc.edu
Q6483177,,,1903,https://www.pacollege.edu/
Q6483254,99,2020,1925,
Q6484421,3513,2020,1872,https://lander.edu/
Q6484763,,,1985,
Q6485360,1095,2020,1882,
Q6485363,7702,2020,1964,
Q6485557,9225,2020,1953,
Q6487078,5045,2020,1964,
Q6487450,10306,2020,1957,https://www.lcc.edu
Q6487738,4055,2020,1826,https://www.fredonia.edu
Q6488658,3838,2020,1968,
Q6488884,9292,2020,1947,
Q6492422,8005,2020,1963,
Q6492933,1428,2021,1851,
Q649299,6310,2020,1877,https://www.regis.edu/
Q6493966,1821,2020,1925,
Q6496201,,,1926,
Q649868,46000,,1903,https://www.hnu.edu.cn
Q650167,3697,2021,1919,https://www.babson.edu/
Q6504630,2812,2020,1932,https://www.ltu.edu/
Q65047697,,,2012,https://chsu.edu/
Q6505007,2823,2020,1950,
Q65051317,,,2019,
Q65058031,,,2002,
Q65058557,,,2019,https://gfu.edu.ng/
Q65063780,,,2016,
Q6506386,654,2020,1968,
Q6506488,2028,2021,1946,
Q65065205,,,2019,
Q65071274,,,1953,
Q65072501,67,2020,1957,
Q65073483,,,2012,
Q65074155,,,2018,https://www.skduniversity.com
Q65076950,,,2018,https://www.csmu.ac.in
Q65080544,,,2010,
Q65082081,,,2014,https://singapore.dulwich.org/
Q65085827,,,,
Q65090067,,,2015,https://bcu.ac.in
Q65091076,,,2009,
Q650935,973,,1876,https://www.uscga.edu/
Q6511142,1878,2021,1866,
Q651233,23123,2023,1931,https://www.osaka-u.ac.jp/ja
Q65132918,,,,https://www.amzh.hr
Q6513309,7487,2020,1934,
Q6515384,5204,2020,1918,https://www.leeuniversity.edu/
Q6515757,133,2020,1990,
Q6516492,,,1900,https://www.lmc.edu/
Q65165405,,,2007,https://uveg.edu.mx/
Q6516572,6363,2020,1968,
Q65171665,,,2020,https://uninjingambande.ed.ao/
Q65171866,,,2009,
Q65172352,,,,https://www.vnkgu.edu.vn
Q65199602,,,,https://jami.edu.af
Q65204244,,,1987,https://www.akmicirebon.ac.id
Q65210580,,,2018,
Q65210583,,,2016,https://www.uinsuna.ac.id/
Q65212314,,,2014,
Q65214051,,,2018,
Q65214087,,,2012,
Q6523043,2361,2020,1958,
Q6523054,2686,2020,1891,https://www.lr.edu/
Q65280964,,,,
Q65283573,,,,https://www.univ-silkroad.uz/
Q65283740,,,,https://www.tdtukokand.uz/
Q65291964,,,1963,
Q65292790,,,2015,
Q6529933,,,1954,https://www.lesroches.edu/
Q6530549,2602,2021,1909,
Q65318701,,,2020,https://hau.ac.bd/
Q653440,1406,2020,1965,https://www.nmjc.edu//
Q6537128,6437,2020,1932,
Q6537868,88,2020,1865,
Q65379,28470,,1872,https://www.vt.edu/
Q6540147,,,,
Q6544942,,,1923,
Q6545022,2761,2020,1974,https://www.life.edu/
Q6549316,,,1845,
Q65494763,,,1955,
Q6550804,4977,2020,1967,
Q6551169,371,2020,1919,
Q65512610,,,2002,
Q6552441,,,2008,
Q6552909,2590,2016,1903,
Q6553672,1392,2020,1858,https://www.linfield.edu/
Q6554657,4956,2020,1966,https://www.linnbenton.edu
Q65654935,,,2018,https://muoc.ac.in
Q657222,7257,2020,1870,https://www.stevens.edu/
Q657374,4293,2020,1908,https://www.umw.edu/
Q6583860,,,2005,
Q659255,13265,2021,1963,https://uwf.edu/
Q659706,8565,2023,1940,
Q65973058,,,2011,https://uma.edu.pe/
Q6603941,775,2020,1869,
Q6631334,855,2020,1854,
Q66424102,,,2002,https://www.tia.ac.tz
Q664881,2254,2020,1787,
Q6649089,211,2020,1980,
Q665105,,,1922,https://www.du.ac.in/
Q6651407,113,2020,1989,
Q6658319,,,1708,
Q66587451,,,2018,https://dbuas.de/
Q6659715,845,2020,1879,
Q666128,10534,2021,1865,
Q6666966,1806,2020,1935,https://www.logan.edu
Q6673302,,,,
Q6674563,202,2020,1915,
Q6678731,10138,2020,1963,https://www.lorainccc.edu/
Q6678799,,,1839,
Q6679233,6337,2020,1970,
Q6680900,,,1912,
Q6682225,,,1999,
Q6682269,9451,2020,1975,
Q6682339,5216,2020,1967,
Q6682369,15957,2020,1949,https://lavc.edu/
Q6682943,8521,2020,1974,
Q6684388,,,1987,https://www.poliban.ac.id
Q6688580,,,1814,https://www.louisburg.edu/
Q6689093,,,2002,
Q6689304,982,2020,1965,
Q6689310,3142,2020,1964,
Q6689312,9955,2020,1967,
Q6689522,151,2020,1853,https://www.lpts.edu/
Q6689785,,,1958,
Q6693401,2325,2020,1934,
Q669442,1407,,1837,https://www.knox.edu
Q6694542,,,1925,
Q6694576,,,,
Q6695115,1664,2020,1957,
Q6704953,1666,2020,1969,
Q6705538,1802,2020,1861,https://www.luther.edu/
Q6705628,693,2020,1962,
Q6705636,501,2020,1869,
Q6705732,145,2020,1962,https://lstc.edu/
Q6705746,390,2020,1826,
Q6706215,,,2009,
Q6706571,4454,2020,1967,
Q6707331,1083,2021,1812,https://www.lycoming.edu/
Q6708469,2692,2020,1903,
Q670897,42844,2018,1885,https://www.asu.edu/
Q6712189,,,1968,
Q6712644,,,1936,
Q6713103,,,1962,
Q6715708,,,1985,
Q67179842,,,,
Q67179846,,,2000,https://stieparapi.ac.id
Q67179864,,,,
Q67179871,,,,https://www.stikessuryaglobal.ac.id
Q67179881,,,1982,https://www.stieww.ac.id
Q67179885,,,1987,https://www.ampta.ac.id
Q67179981,,,2009,https://www.stikes-yogyakarta.ac.id
Q67180064,,,2008,https://www.stsrdvisi.ac.id
Q67180072,,,1995,https://www.sttkd.ac.id
Q6719155,,,1982,
Q67212715,2145,2023,2019,https://www.insa-hautsdefrance.fr/
Q6721774,,,1904,
Q6727868,13057,2020,1912,https://madisoncollege.edu
Q6728231,3104,2020,1968,
Q6728390,2792,2020,1937,
Q6728798,,,1889,https://www.maduracollege.edu.in
Q6730059,,,1865,
Q673111,10829,2020,1909,https://www.atu.edu/
Q6733207,,,1875,
Q6733237,,,1941,
Q6733250,,,1999,
Q6733315,,,1999,
Q6733411,2015,2020,1971,https://www.miu.edu
Q6733497,,,1997,
Q6733526,,,2007,https://www.mguniversity.ac.in
Q6733535,,,1983,
Q6736402,30,2020,1996,
Q6741972,,,1967,
Q6741983,,,,
Q6742723,7273,2020,1911,
Q6744015,,,,
Q6744514,1463,2020,1892,https://www.malone.edu/
Q6746666,,,1956,https://www.mdis.edu.sg/
Q6746824,,,1971,
Q6747091,,,2004,https://www.mru.edu.in
Q6747337,,,1945,
Q6747552,1449,2020,1860,https://www.manchester.edu/
Q6749226,,,1965,
Q6751309,700,2026,1947,
Q6752127,,,1999,
Q6754392,,,1997,
Q6761106,864,2020,1958,
Q6761994,3706,2020,1851,
Q6761997,1593,2020,1936,
Q6763222,1254,2020,1835,
Q6765309,,,1842,
Q6765382,,,1970,https://www.mtc.edu/
Q67654472,,,2019,
Q6765664,,,1929,
Q6773136,1049,2020,1856,https://www.mhu.edu/
Q6773873,1836,2020,1927,
Q677503,,,1951,
Q6776047,,,1995,https://mlc-wels.edu/
Q6776185,812,2020,1870,https://utsouthern.edu/
Q6776789,220,2020,1977,https://www.martin.edu/
Q6778564,,,,
Q6778997,1715,2021,1842,https://marybaldwin.edu
Q6779823,,,1898,
Q67807829,,,2000,https://cam-ed.com/
Q6781349,1986,2021,1826,
Q6781811,6303,2021,1872,
Q6781819,2613,2020,1915,
Q6784172,,,1992,
Q6784196,3762,2020,1961,
Q6784220,896,2024,1894,https://www.mcla.edu/
Q6784222,,,1823,https://www.mcphs.edu/
Q6784318,,,1891,https://www.maritime.edu/
Q6784361,295,2020,1988,
Q6784362,805,2020,1974,
Q6784557,5665,2020,1966,
Q6785518,,,,
Q67897548,,,2006,
Q678982,21575,2006,1831,https://www.uni-hannover.de/
Q6797536,1223,2020,1972,https://college.mayo.edu
Q679759,714,2020,1977,
Q6797991,3446,2020,2004,
Q6800587,221,2020,1829,
Q6800835,2931,2020,1867,
Q6801562,7814,2020,1967,
Q6802193,7742,2020,1965,
Q6802425,1094,2020,1923,https://mcm.edu/
Q6802590,819,2021,1887,https://www.mcpherson.edu
Q6805332,5237,2020,1970,https://www.mec.cuny.edu/
Q6806299,,,1992,https://www.medicalcollegeforwomen.edu.bd/
Q6806307,1506,2020,1893,https://www.mcw.edu/
Q6806451,3083,2020,1824,https://web.musc.edu/
Q6807705,,,1892,https://www.mcm.ac.in/
Q6809087,,,2001,
Q6810079,,,2001,
Q681025,32347,2020,1846,https://www.buffalo.edu/
Q6811806,,,1996,
Q6814187,,,1981,
Q6815887,183,2020,1852,
Q6816680,3338,2020,1973,
Q68167558,,,2019,
Q6817140,,,1927,
Q6818062,10645,2020,1962,
Q6818271,6342,2020,1966,
Q6818726,,,1917,
Q6818830,2790,2020,1926,
Q6818913,1802,2020,1891,https://www.meredith.edu/
Q6819301,3003,2020,1937,
Q6820339,6261,2020,1954,
Q6821056,16948,2020,1965,
Q6821115,709,2020,1979,
Q6821345,,,1907,
Q6821881,,,1987,
Q6823846,139,2020,1956,
Q6823850,1773,2020,1956,https://www.methodist.edu/
Q6825056,13244,2020,1974,
Q6825262,7552,2020,1971,
Q6827453,,,1968,
Q6827457,1640,2020,1966,
Q6837572,,,,
Q6837668,209,2020,1980,https://msp.edu/
Q6840587,2083,2020,1953,
Q6840595,,,1981,
Q6840626,165,2020,1948,
Q6840792,1203,2020,1993,
Q6840815,2648,2020,1913,
Q6840874,1636,2020,1966,https://www.mnu.edu/
Q6840980,3291,2020,1965,
Q6841434,7714,2016,1884,https://www.mga.edu/
Q6841624,229,2020,,
Q6841902,,,1964,
Q6842319,4737,2020,1972,https://www.midland.edu/
Q6842463,1765,2020,1883,https://www.midlandu.edu/
Q6842555,5617,2021,1947,
Q6843354,,,1979,
Q6843458,3432,2020,1957,https://www.mbts.edu
Q6843477,2980,2020,1900,https://www.midwestern.edu/
Q6843491,238,2020,1980,https://www.midwifery.edu/
Q6850968,466,2020,1917,
Q6851351,567,2020,1939,
Q6852059,,,1998,
Q6859396,8500,2021,1855,
Q6859616,1338,2020,1866,https://www.milligan.edu/
Q6859802,,,2007,
Q6860022,712,2020,1890,
Q6861698,231,2020,2001,
Q6861755,925,2020,1974,https://www.miad.edu/
Q6863631,,,,https://msutcto.edu.ph/
Q6864512,1000,,2012,https://www.minerva.edu/
Q6867974,760,2020,1886,
Q6867977,,,1996,
Q6868459,,,1949,
Q6868461,5757,2020,2003,
Q6868559,5547,2020,1919,https://www.mnstate.edu/
Q6868628,,,1997,https://www.mnwest.edu/
Q6872180,12645,2020,1934,
Q6875342,1855,2021,1924,https://www.misericordia.edu/
Q6878561,6504,2020,1975,
Q6879096,4667,2020,1826,https://www.mc.edu/
Q6879118,2096,2020,1926,
Q6879156,8677,2020,1925,https://www.mgccc.edu
Q6879494,4860,2020,1957,
Q6879708,5045,2020,1937,
Q6879735,,,1963,
Q68800103,,,2013,
Q6881169,3373,2020,1917,https://mitchellcc.edu/
Q6886673,4878,2020,1927,
Q6888540,,,2000,
Q6889228,16365,2020,1921,
Q6893709,3654,2020,1970,
Q6893825,5704,2020,1946,https://www.mvcc.edu
Q689400,29341,2017,1815,https://www.tuwien.at/
Q689475,,,1998,https://www.laureate.net/
Q689617,2862,,1996,https://www.usi.ch/
Q6896481,4910,2021,1955,https://www.molloy.edu/
Q6901065,,,1853,https://www.monmouthcollege.edu/
Q6902141,10161,2020,1961,
Q6902155,2302,2020,1964,
Q6904331,1024,2020,1929,https://www.msun.edu/
Q6904332,4000,2020,1927,https://www.msubillings.edu
Q6904341,2339,2021,1900,https://www.mtech.edu/
Q6904550,1414,2020,1965,
Q6905338,7154,2020,1947,
Q6905671,21260,2019,1946,https://www.montgomerycollege.edu/
Q6905673,679,2020,1967,
Q6906389,950,2020,1916,https://www.montreat.edu
Q6906574,362,2020,1970,
Q6906986,,,1998,
Q6908463,14361,2020,1967,
Q6909043,,,1917,https://www.morainepark.edu/
Q6909049,11026,2020,1967,https://www.morainevalley.edu/
Q6911272,665,2020,1975,
Q6911396,8731,2014,2010,
Q6911609,1934,2024,1970,
Q6912982,2411,2020,1894,https://www.morningside.edu/
Q6913630,,,1881,https://morrisbrown.edu/
Q6913648,538,2010,1908,
Q6914146,2486,2020,1908,https://www.morrisville.edu/
Q6914831,3618,2020,1924,
Q6917927,6616,2020,1969,
Q6918618,5920,2020,1923,
Q6922044,1200,2020,1913,
Q6922161,1351,2021,1928,
Q6922541,,,1951,https://umo.edu/
Q6923424,,,1960,
Q6923797,2745,2020,1925,https://www.msmu.edu/
Q6923804,2560,2020,1808,https://msmary.edu/
Q6924393,2140,2020,1968,https://www.mvnu.edu/
Q6924782,,,2001,
Q6924935,2253,2020,1972,
Q6925847,1292,2020,,
Q6930281,6812,2020,1966,
Q6930336,28393,2020,1946,
Q6930337,13988,2020,1962,
Q693069,,,2006,https://www.fhnw.ch/
Q693674,5177,2020,1917,https://www.bentley.edu/
Q6939474,,,1908,
Q694219,35000,2017,1946,https://sute.edu.ua/
Q69422633,,,1996,
Q6942755,3456,2020,1926,https://www.muskegoncc.edu/
Q6942807,1763,2021,1837,https://www.muskingum.edu/
Q69431457,,,1996,
Q69458530,,,1997,
Q6946763,,,,
Q6947792,,,2007,
Q69525298,,,2014,
Q6953682,,,1985,
Q6955645,,,2005,
Q69610610,,,2005,
Q6964796,4931,2020,1942,
Q6965405,,,1998,
Q6965447,,,1924,
Q6966772,2623,2020,1967,
Q6966890,106,2020,1842,
Q6966902,1352,2020,1970,
Q6967013,7064,2020,1970,
Q6967558,13864,2020,1959,https://www.ncc.edu/
Q6970129,,,1970,
Q6970347,1440,2020,1941,
Q6970484,,,,
Q6971598,,,1746,https://www.ncad.ie/
Q6971607,485,2020,1956,
Q6973642,,,,
Q6973652,,,1966,
Q6973718,,,2010,
Q6974219,5239,2021,1886,
Q6974729,693,2020,2002,
Q6978817,,,1915,
Q6978818,,,1922,
Q6979247,529,2020,1906,https://www.nuhs.edu/
Q6982160,7139,2020,1946,
Q6982552,,,1994,
Q6983269,608,2020,1964,
Q6983281,160,2020,1945,
Q6983313,2523,2021,1924,
Q6984688,,,1965,
Q6984746,210,2020,1973,
Q6984754,1212,2020,1891,
Q6984798,1924,2020,1887,
Q6994346,,,2001,
Q6998614,,,1986,
Q6998615,,,1967,
Q6998630,,,1998,
Q7001462,,,1953,
Q7001944,2506,2020,1965,https://www.neumann.edu/
Q7001981,,,2003,
Q7003622,,,1968,
Q70041395,,,2000,
Q7005138,,,1980,https://newschoolarch.edu/
Q7005276,,,1963,
Q7006613,,,1977,
Q7006662,,,2011,https://guttman.cuny.edu/
Q7008327,,,1961,
Q7008785,52,2020,1925,https://www.newhope.edu/
Q7008837,,,2001,https://newhorizoncollegeofengineering.in
Q7009262,,,1954,https://njms.rutgers.edu/
Q7009838,182,2020,1996,
Q7010189,2777,2020,1893,https://www.nmhu.edu/
Q7010214,,,1891,
Q7010288,941,2020,1958,
Q7010292,1203,2020,1950,
Q7011240,4137,2020,1959,
Q7011241,1053,2020,2003,
Q7011390,221,2020,1994,
Q7012997,97,2020,1980,
Q7013116,531,2021,1919,
Q7013368,,,1984,
Q701554,2700,,1995,
Q7018497,2053,2020,1998,
Q7023609,3858,2022,1962,https://sunyniagara.edu
Q7024374,,,1952,
Q7026557,1518,2020,1815,
Q7038662,,,2001,
Q7047596,,,2001,
Q7050484,9304,2014,1991,
Q7053028,9420,2020,1968,
Q705316,,,1958,https://www.iese.edu/
Q7053618,,,1978,
Q7053745,785,2020,2007,
Q7053960,,,1974,
Q7054645,,,1956,https://ncwu.edu/
Q7054728,2667,2021,1861,
Q7054750,,,1958,
Q7054751,1591,2020,1925,
Q7054763,2729,2020,1961,
Q7054764,,,1924,
Q7054767,1062,2020,1930,https://www.northcentral.edu/
Q7054810,,,1958,
Q7054934,1602,2020,1967,
Q7055057,2829,2020,1903,https://www.ndscs.edu
Q7055219,,,1998,https://www.nemc.edu.bd/
Q7055270,,,1973,
Q7055358,1181,2020,1958,
Q7055483,,,1907,
Q7055505,2280,2020,1891,https://www.ngu.edu/
Q7055585,5756,2020,1966,
Q7055690,,,1933,
Q7055704,2681,2020,1918,
Q7055897,,,1952,https://nlu.ac.in
Q7056015,,,1990,
Q7056622,5240,2020,1970,
Q7057598,8951,2020,1967,
Q7057734,,,1912,
Q7057736,12471,2020,1996,
Q7057861,5105,2020,1973,
Q7057914,4162,2020,1966,
Q7057927,6657,2020,2007,
Q7057941,3243,2020,1948,
Q7057949,985,2020,1973,
Q7057982,5397,2020,1966,
Q7057986,2758,2020,1984,
Q7057999,10763,2020,1912,
Q7058010,,,1941,
Q7058041,1293,2020,1941,https://www.njc.edu/
Q7058046,,,1919,
Q7058057,206,2020,1998,https://www.nes.edu/
Q7058061,1465,2020,1967,
Q7058332,4715,2020,1961,
Q7058747,,,1912,https://www.melbournepolytechnic.edu.au/
Q7058785,,,1909,
Q7058805,3374,2020,1901,
Q7059510,570,2020,1892,https://www.northland.edu/
Q7059512,2962,2020,1949,
Q7059526,2700,2020,1972,
Q7059946,7411,2020,1989,
Q7059996,1145,2021,1946,
Q7060000,101,2020,1982,
Q7060041,5004,2020,1963,
Q7060093,1666,2020,1966,
Q7060100,,,1964,
Q7060118,7092,2020,1927,
Q7060123,7267,2020,1905,https://www.nwmissouri.edu/
Q7060132,2109,2020,1913,https://nnu.edu/
Q7060206,3736,2020,1968,
Q7060212,825,2020,1965,
Q7060260,1184,2020,1934,https://www.northwestu.edu/
Q7060267,18542,2020,1995,https://alamo.edu/nvc/
Q7060296,3506,2020,1902,https://www.unwsp.edu/
Q7060311,1132,2020,1941,
Q7060343,3278,2020,1951,https://www.nmc.edu/
Q7060346,,,1971,
Q7060359,1833,2020,1897,https://www.nwosu.edu/
Q7060428,3360,2020,1993,
Q7060498,1736,2021,1959,https://www.northwood.edu/
Q7063485,585,2020,1851,
Q7063504,2233,2020,1873,https://ndm.edu
Q7069822,2166,2020,1992,
Q7073595,,,1946,
Q7073702,,,,
Q7073984,1241,2020,1885,
Q7073987,14511,2020,1964,https://oaklandcc.edu
Q7074230,4562,2021,1969,https://www.oakton.edu/
Q7075131,,,1903,
Q7075448,,,1985,
Q7075687,,,1966,
Q7075970,,,1969,https://www.ocean.edu/
Q7076613,1835,2020,2011,
Q7077704,,,1946,
Q7079987,,,1987,
Q7080082,1251,2020,1971,
Q7080767,2186,2020,1948,
Q7080808,1415,2020,1911,https://www.ohiodominican.edu/
Q7080960,998,2020,1960,https://lima.osu.edu/
Q7080961,,,1958,
Q7080962,,,1957,
Q7080963,,,1957,
Q7080965,,,1969,
Q7081004,,,1956,https://www.ohio.edu/southern
Q7081006,,,1946,https://www.ohio.edu/chillicothe
Q7081007,,,1946,https://www.ohio.edu/zanesville
Q7081084,9060,2020,1965,
Q7081914,3606,2020,1962,
Q7082127,2055,2020,1950,https://www.oc.edu/
Q7082136,12227,2020,1972,
Q7082284,1337,2020,1909,
Q7082377,1219,2020,1972,
Q7082388,4949,2020,1961,
Q7082389,,,1946,
Q7087996,1023,2020,1844,https://www.uolivet.edu/
Q7088000,3764,2020,1907,
Q7088010,1955,2020,1970,
Q7088448,906,2020,1963,
Q7089045,,,1946,
Q7094484,8545,2020,1961,
Q7094936,,,1862,https://www.uoguelph.ca/ovc
Q7099536,18125,2020,1947,
Q7099552,5862,2020,1950,
Q7099794,2257,2020,1968,
Q7101137,417,2020,1987,
Q7101371,1374,2020,2001,
Q7105570,,,1884,
Q7108021,,,1992,https://www.ospoly.edu.ng/
Q7108531,1216,2020,1941,
Q7108771,1073,2020,1918,
Q7109265,797,2020,1865,https://www.ottawa.edu/
Q7109428,2652,2020,1846,https://www.otterbein.edu/
Q7110141,1704,2020,1886,https://obu.edu/
Q7111019,,,1923,https://franu.edu/
Q7111021,2771,2020,1895,https://www.ollusa.edu/
Q7114740,7536,2020,1965,https://www.owens.edu
Q7114753,3901,2020,1986,
Q7115703,6994,2020,1975,https://www.oxnardcollege.edu/
Q7116478,629,2020,1942,
Q7116523,1033,2020,1975,
Q7116527,11237,2020,1990,
Q7120606,,,1964,
Q7121494,,,2001,
Q7121809,,,2008,
Q7122399,,,1986,
Q7122532,,,1976,
Q7122577,569,2020,1909,https://pnca.willamette.edu/
Q7122592,573,2020,2005,https://www.pnwu.edu/
Q7122600,1238,2020,1945,
Q7122708,26,2020,1928,https://psuca.edu
Q7122801,,,1976,
Q7124862,189,2020,1882,
Q7125592,,,1967,
Q7127976,3004,2021,1968,https://www.pba.edu/
Q7128010,26666,2020,1933,
Q7128504,,,1983,
Q7128537,3854,2020,1947,
Q7128599,21141,2020,1946,
Q7129041,,,2003,
Q7129473,,,2011,https://www.pau-au.africa/
Q7131449,2513,2020,1947,
Q7131589,,,1960,
Q7134381,6575,2020,1985,
Q7137314,4421,2020,1924,
Q7138388,1697,2020,1982,
Q7138560,5758,2020,1967,https://parkland.edu/
Q7141532,25034,2020,1924,
Q7141850,9886,2020,1967,
Q7142508,5549,2020,1971,
Q7145115,,,2021,
Q7145255,,,1981,https://dev.orthodoxinstitute.org
Q714962,,,1949,
Q7150086,1237,2020,1970,
Q71523226,,,1996,https://stifarm-padang.ac.id
Q71523348,,,1971,https://www.stba-prayoga.ac.id
Q71523877,,,1984,https://www.stkip-ahlussunnah.ac.id
Q71524555,,,1962,https://stisipimambonjol.ac.id
Q71524767,,,1984,https://stiaadabiah.ac.id
Q71525039,,,1972,https://akademiakuntansi.unespadang.ac.id/
Q71525224,,,2002,https://fdk.ac.id/
Q71529015,,,2000,https://www.apikesiris.ac.id
Q7153646,,,1946,
Q7158147,5065,2020,1908,
Q7160940,1046,2020,1865,https://www.peirce.edu
Q7161582,9334,2020,1974,
Q7162922,,,1961,
Q7163224,,,1950,
Q7163226,,,1939,https://altoona.psu.edu/
Q7163236,,,1967,https://www.brandywine.psu.edu/
Q7163245,,,1935,
Q7163248,,,1948,https://behrend.psu.edu/
Q7163249,,,1965,
Q7163254,,,1966,https://harrisburg.psu.edu/
Q7163256,,,1934,
Q7163261,,,1912,
Q7163262,,,1903,
Q7163264,,,1958,
Q7163294,,,1934,https://schuylkill.psu.edu/
Q7163296,,,1965,
Q7163304,,,1923,
Q7163306,,,1939,
Q7163689,242,2020,1982,
Q7163756,,,1993,
Q7163984,,,1953,
Q7164705,9226,2020,1948,
Q7170975,,,1865,
Q7171165,,,1657,
Q7178957,,,1973,
Q7182919,799,2020,1877,
Q7185205,,,1992,
Q7185218,,,1964,https://pshs.edu.ph
Q7185877,,,1902,
Q7185889,,,1965,
Q7185940,170,2020,1906,
Q7186815,9538,2020,1920,
Q7186986,260,2020,1987,
Q7191499,2350,2020,1897,https://www.piedmont.edu/
Q7191501,1329,2020,1970,https://www.piedmontcc.edu/
Q7191535,,,1966,
Q7191541,4864,2020,1972,https://www.pvcc.edu/
Q7191942,,,1974,
Q7193577,,,,
Q7193647,12506,2020,1968,
Q7194574,15544,2020,1969,
Q7195368,,,1965,
Q7196285,,,,
Q7199069,7688,2020,1961,
Q7199301,567,2020,1929,
Q7199302,191,2020,,https://pims.edu
Q7199405,209,2020,1794,https://www.pts.edu/
Q7199570,1168,2023,1963,
Q7203590,914,2020,1916,
Q7205857,4491,2020,1871,https://www.plymouth.edu/
Q7208069,4616,2020,1902,https://www.pointloma.edu/
Q7208107,3591,2020,1960,https://www.pointpark.edu/
Q7208182,,,1937,https://point.edu/
Q72083411,,,,https://live.kokanduni.uz/uz
Q7209508,,,,
Q7209798,,,2011,
Q7210149,,,2015,
Q722186,648,2020,1956,
Q7225469,,,1964,
Q7227078,,,2002,
Q7227384,1125,1947,1887,https://www.pomona.edu
Q7228261,,,1962,
Q7231406,,,1968,
Q7231703,3964,2020,1927,
Q7231908,22904,2020,1961,https://www.pcc.edu/
Q72342707,,,,https://jbnuu.uz/
Q7235085,,,1901,https://www.potomacstatecollege.edu/
Q7237976,2716,2020,1957,
Q7238753,1164,2020,,https://prattcc.edu
Q7238831,,,1981,
Q7240768,930,2021,1880,
Q7240840,970,2020,1966,
Q7241530,152,2020,2003,
Q7243998,11357,2020,1958,
Q7244998,,,1898,https://www.princetonk12.org/
Q7245134,340,2020,1912,https://www.principiacollege.edu/
Q7246487,,,1990,
Q7247886,,,1960,https://www.klyuniv.ac.in
Q7248033,350,2020,1984,
Q7252400,121,2020,2005,
Q7252777,,,1984,
Q7258436,5551,2020,1933,
Q7259217,,,1945,
Q7259274,,,,
Q7260302,,,1997,https://www.ptu.ac.in
Q7268475,,,1971,
Q7270829,2338,2020,1857,https://www.queens.edu
Q7270850,12405,2020,1959,https://www.qcc.cuny.edu/
Q7271572,,,,https://qerc.snu.edu
Q7272130,,,1958,
Q7272195,1273,2020,1860,https://www.quincy.edu/
Q7272348,6942,2020,1963,
Q7273419,,,1963,https://rvce.edu.in//
Q7275731,,,1994,
Q7278541,,,1903,
Q7283043,,,1961,https://raghunathpurcollege.ac.in/
Q7283682,,,2012,https://www.raiuniversity.edu
Q7283820,,,1986,
Q7285407,,,1885,
Q7285511,,,1887,
Q7285639,,,1955,
Q7285849,,,1981,https://www.rtu.ac.in
Q7285939,,,2008,https://rithassan.ac.in/
Q7288807,,,1960,
Q7288820,,,1963,
Q7289009,6042,2020,1969,https://www.ramapo.edu/
Q7289780,,,1942,
Q7289847,,,1957,
Q7291803,566,2020,1891,
Q7291805,2548,2020,1962,
Q7291901,1554,2020,1830,
Q7292764,,,1926,
Q7292909,,,1970,https://rpmc.edu.bd/
Q7293233,1823,2020,1907,
Q729391,,,1973,https://www.unex.es
Q7294304,2629,2020,1969,
Q7294576,7080,2020,1965,
Q7295639,,,,
Q7300469,3924,2020,1971,
Q7300869,,,1990,
Q7304449,106,2020,1987,
Q7304941,6029,2020,1969,https://www.rrcc.edu/
Q7306031,1917,2020,1938,
Q7306738,6796,2020,1926,
Q7307513,18,2020,1887,
Q7307545,,,1966,
Q7309324,,,1927,https://www.regiscollege.edu/
Q7309992,,,1963,
Q7310359,1399,2020,1883,
Q7312772,1802,2020,1955,
Q7313558,,,1942,
Q7323380,798,2020,1973,
Q7324209,,,1960,
Q7326695,,,1922,https://www.ivey.uwo.ca/
Q7326714,4929,2020,1960,
Q7329259,9893,2020,1969,
Q7330616,2235,2020,1971,
Q7331083,,,1933,
Q7335261,15692,2020,1963,
Q7335324,17362,2020,1978,
Q7335662,816,2020,1851,
Q7336033,,,1947,
Q7337691,2755,2020,1992,
Q7338244,3494,2020,1940,
Q7338302,,,1987,https://ceapoly.edu.ng/
Q7338849,1689,2021,1933,https://www.rivier.edu/
Q7339755,5172,2020,1971,
Q7339779,1789,2021,1842,https://www.roanoke.edu/
Q7343902,,,1999,
Q734774,11990,2021,1818,https://www.slu.edu/
Q7347821,4134,2020,1921,https://www.rmu.edu/
Q735049,13662,2017,1966,https://www.umbc.edu/
Q735057,4783,2020,1965,https://www.northshore.edu/
Q7352053,1621,2023,1866,https://www.roberts.edu/
Q7352160,1828,2020,1965,
Q7353220,,,1977,
Q7353226,,,,
Q7353961,1231,2020,1959,
Q7354310,,,,
Q7354736,5762,2020,1965,
Q7355238,,,1847,
Q7355383,1922,2020,1966,https://www.rockinghamcc.edu
Q7355439,5735,2020,1959,
Q7355881,1643,2020,1963,
Q7355942,1193,2020,1998,https://rmuohp.edu
Q7359139,522,2020,1993,https://law.rwu.edu/
Q7359513,3765,2020,1970,
Q7365412,,,1990,
Q7365465,,,,
Q7365489,,,,
Q7365503,,,,
Q736674,37437,2020,1876,https://www.colorado.edu/
Q7367225,2099,2020,1912,https://www.rosalindfranklin.edu/
Q7367940,,,1970,
Q7368161,71,2020,1952,https://rosedale.edu/
Q7368264,1554,2020,2001,
Q7368476,,,1921,https://www.rosemont.edu/
Q7372413,1200,2020,1973,
Q7373315,,,1994,https://rrchnm.org/
Q7374331,,,,
Q7378040,,,1990,
Q7379865,8000,2022,1999,https://www.rungta.ac.in/
Q7382396,623,2020,1866,
Q738258,15241,2021,1925,https://welcome.miami.edu/
Q7382780,13231,2020,1936,https://www.newark.rutgers.edu/
Q7382823,,,1926,
Q7382826,50411,2020,1766,
Q7387731,,,1981,
Q7389005,,,,
Q7389546,,,,https://www.qitepinscience.org/
Q738991,,,1994,
Q7390511,137,2020,1964,
Q7392840,,,,
Q7395009,,,1961,
Q7395016,,,1961,
Q739627,40363,2018,1855,
Q7396963,20027,2020,1916,https://www.scc.losrios.edu/
Q7397177,,,1884,https://www.shc.edu.ph/
Q7397231,418,2020,1919,
Q7397267,98,2020,1932,
Q7397744,18984,2020,1968,
Q7398940,,,1992,
Q7399241,,,1980,
Q7399281,8028,2020,1963,https://www.svsu.edu/
Q7399663,,,2010,
Q7400981,291,2020,1915,
Q7401271,2769,2020,1847,
Q7401445,105,2020,1884,
Q7401512,,,1912,https://www.sjcme.edu/
Q7401551,,,1928,
Q7401567,107,2020,1889,
Q7401584,,,1968,
Q7401787,1638,2020,1895,https://www.stmartin.edu/
Q7401824,1581,2020,1844,https://www.saintmarys.edu/
Q7401829,3439,2020,1863,
Q7401849,1099,2020,1840,https://www.smwc.edu/
Q7401893,176,2020,1857,
Q7401915,,,1948,
Q7401921,,,,
Q7402041,,,1910,
Q7402050,101,2020,1956,
Q7402283,54,2020,1846,
Q7404072,,,1772,https://www.salem.edu/
Q7404080,,,1958,
Q7404130,1008,2020,1888,https://www.salemu.edu/
Q7404621,852,2021,1965,
Q7404818,8124,2020,1925,https://www.salisbury.edu/
Q7404844,716,2020,1981,
Q7405883,27293,2020,1948,
Q7406311,1202,2021,1919,
Q7410211,1492,2020,1967,https://www.sampsoncc.edu/
Q7412178,2050,2020,1909,
Q7413315,,,1925,
Q7413400,,,,
Q7413443,12206,2020,1926,https://www.valleycollege.edu
Q7413609,512,2020,1970,
Q7413611,14865,2020,1914,https://www.sdcity.edu/
Q7413692,20693,2020,1963,
Q7414339,,,1961,
Q7414385,183,2020,1969,
Q7414439,8378,2020,1921,https://www.sjcc.edu/
Q7414560,,,1978,
Q7414571,5240,2020,1956,
Q7416258,3990,2020,1963,https://www.sandhills.edu
Q7417591,,,1976,
Q741892,340,2020,2000,
Q7419088,,,1983,https://www.sgbau.ac.in
Q7419158,20118,2020,1915,
Q7419214,12525,2020,1909,https://sbcc.edu
Q7419511,12607,2020,1965,https://www.sfcollege.edu/
Q7419513,3459,2020,1983,https://sfcc.edu
Q7419896,16757,2020,1918,
Q7420231,9003,2020,1985,
Q7420443,,,1948,
Q7423300,,,1978,
Q7424451,,,1956,
Q7427250,1386,2020,1965,https://www.svcc.edu/
Q7427891,3649,2020,1929,
Q7429134,785,2020,1971,
Q7431152,4015,2020,1967,
Q7432374,190,2020,1983,
Q7432497,,,2008,
Q7432498,,,1995,https://www.smsvaranasi.com
Q7432544,,,1966,
Q7432601,3132,2020,1866,https://www.saic.edu
Q7432652,,,1961,https://www.schoolcraft.edu/
Q7432878,1244,2020,1923,
Q74343,8056,2021,1878,
Q7442064,5763,2020,1966,
Q7442097,96,2020,1994,
Q7442115,31,2020,1996,
Q74432414,,,,
Q74432556,,,2005,https://stitpemalang.ac.id/
Q74432728,,,,
Q74433552,,,,
Q74433973,,,,
Q74434055,,,1997,
Q74434404,,,,
Q74434752,,,,https://inudi.edu.pe
Q74435207,,,,
Q74435363,,,,
Q74435413,,,,
Q7447310,,,1992,
Q74480977,,,2019,
Q7448737,,,1878,
Q7449480,135,2020,1951,https://ssw.edu
Q7449538,,,1931,
Q7449539,16298,2020,1965,
Q74500993,,,,
Q7451444,,,1924,https://www.senzoku.ac.jp/music/
Q74527428,,,,
Q74527518,,,,https://ensap.sld.cu/
Q74528130,,,,
Q74530265,,,,
Q74545489,,,,
Q74552935,,,,
Q7456148,197,2020,1997,
Q7458159,1800,2020,1857,https://new.sewanee.edu/
Q7458174,1580,2020,1967,https://sccc.edu/
Q7459831,,,1967,
Q747053,6493,2020,1957,https://www.hartford.edu/
Q747179,2900,,1860,https://www.wheaton.edu/
Q7475761,,,1979,https://www.polban.ac.id
Q7487936,,,1951,
Q7489670,,,1997,
Q7490591,41,2020,1970,
Q7490593,8121,2020,1950,
Q7491517,1176,2020,1967,
Q7491567,,,1986,
Q7492970,,,2005,https://altoosi.edu.iq/ar/
Q7494031,3743,2020,1952,
Q7494490,3159,2020,1871,https://www.shepherd.edu/
Q7494881,3741,2020,1948,
Q7495144,423,2020,1973,https://www.sherman.edu/
Q7496522,,,1926,
Q749718,22411,2021,1890,https://go.okstate.edu
Q7498066,4800,2021,1871,https://www.ship.edu/
Q7499293,,,1962,https://www.unishivaji.ac.in
Q7501438,5382,2020,1963,
Q7502148,223,2020,1886,
Q7502154,1410,2020,1873,https://www.shorter.edu/
Q750639,2816,2020,1972,
Q7508590,,,2010,https://www.skbu.ac.in
Q7511074,2036,2020,1919,
Q7511366,17503,2020,1936,
Q751289,9605,2020,1931,https://www.ut.edu/
Q7517999,140,2020,1879,https://simmonscollegeky.edu/
Q7521073,1139,2021,1860,https://www.simpson.edu/
Q7521155,855,2020,1921,https://www.simpsonu.edu
Q7522014,11830,2021,1887,https://www.sinclair.edu/
Q7522875,,,1956,https://www.sas.edu.sg/
Q7523020,,,1964,
Q7523097,,,2001,
Q7525103,438,2020,1970,
Q7525491,508,2020,1858,https://kairos.edu/legacy-partners/sioux-falls-seminary/
Q752663,24703,2018,1842,https://www.tudelft.nl/
Q7528929,,,1875,https://www.ssmcbd.net/
Q7529000,,,1967,
Q7530886,,,1957,
Q7532066,229,2020,1973,https://www.sittingbull.edu/
Q7533758,,,1926,
Q7535073,2665,2021,1903,https://www.skidmore.edu/
Q753753,108,,1937,
Q7537896,8747,2020,1960,
Q7547444,,,1898,
Q7548203,,,1888,
Q7555714,9251,2020,1945,
Q7559831,534,2020,1908,
Q7559838,4837,2020,2002,
Q7560713,,,1997,
Q756126,14928,1984,1956,
Q7563754,,,1993,https://sorsu.edu.ph/
Q7566003,1253,2020,1992,
Q7566644,2339,2020,1896,
Q7566745,,,2005,
Q7566851,254,2020,1961,
Q7566876,,,1882,
Q7566983,2475,2020,1885,https://www.sdsmt.edu/index.html
Q7567248,,,1965,
Q7567341,2346,2019,1906,
Q7567348,1814,2020,1948,https://www.southgatech.edu/
Q7567863,5855,2020,1997,
Q7567992,3497,2020,1978,
Q7568220,3019,2020,1999,https://www.spcc.edu
Q7568230,,,1957,
Q7568278,4665,2020,1962,
Q7568402,5324,2020,1970,https://southseattle.edu
Q7568570,3366,2020,1927,
Q7568637,28233,2020,1993,
Q7568638,999,2020,1923,https://www.stcl.edu/
Q7568720,1800,2003,1899,https://www.southuniversity.edu/
Q7569240,4137,2020,1939,https://southcentral.kctcs.edu/
Q7569290,1113,2020,1991,
Q7569319,9328,2020,,
Q7569355,2505,2020,1960,
Q7569384,,,1975,
Q7569414,3343,2020,1950,https://www.sebts.edu/
Q7569416,62,2020,1948,
Q7569425,2260,2020,1967,
Q7569426,1271,2020,,
Q7569478,1263,2020,1960,
Q7569503,1792,2020,1963,
Q7569505,9546,2020,1935,https://seu.edu/
Q7569568,2730,2020,1892,https://southern.edu
Q7569667,4337,2020,1859,https://www.sbts.edu/
Q7569707,738,2020,1904,
Q7569745,1225,2020,1911,
Q7569775,,,1932,
Q7569810,,,1963,https://www.sctech.edu/
Q7570118,5789,2020,1946,
Q7570171,2208,2020,1899,https://www.snu.edu/
Q7570499,2018,2020,1975,
Q7570535,,,2001,
Q7570566,3950,2020,1993,
Q7570576,843,2020,1947,
Q7570578,3013,2020,1967,
Q7570614,1140,2020,1867,
Q7570627,,,1960,
Q7571082,3123,2020,1970,
Q7571224,3039,2020,1878,https://www.sbuniv.edu/
Q7571284,4154,2020,1947,
Q7571324,8285,,1963,https://www.smsu.edu/
Q7571325,1888,2020,1908,
Q7571358,7371,2020,2000,https://www.southwest.tn.edu/
Q7571362,6480,2020,1946,
Q7571372,2295,2020,1968,
Q7571381,,,1967,https://www.swtc.edu
Q7571391,,,1901,
Q7571399,84,2020,1948,
Q7571400,,,1946,
Q7571403,,,1945,
Q7571404,17621,2020,1961,
Q7571405,1503,2020,1966,https://www.swcciowa.edu/
Q7571407,,,1885,https://www.sckans.edu/
Q7571409,2259,2020,1964,https://www.southwesterncc.edu/
Q7571420,6906,2020,1946,
Q7571422,450,2020,1971,
Q7571428,886,2020,1911,https://swlaw.edu
Q7571432,,,1964,
Q7571442,1537,2020,1961,
Q7571863,2914,2020,1938,
Q7572993,1596,2020,1814,https://spalding.edu/
Q7573895,179,2020,1928,
Q7573923,4108,2020,1963,
Q7573934,932,2021,1911,
Q7575916,2207,2020,1881,
Q7577547,,,2009,https://spingharuniversity.edu.af/
Q7578860,7081,2020,1963,
Q7578863,4189,2020,1967,
Q7579152,1239,2020,1959,
Q7579810,,,,
Q7580375,3118,2020,1873,
Q7580812,,,,
Q7581060,4327,2020,1967,
Q758560,5212,2020,1967,https://www.aum.edu/
Q7586167,,,1996,
Q7586189,,,1905,
Q7586207,,,1994,
Q7586223,,,2000,
Q7586243,,,1995,
Q7586266,,,2008,
Q7586280,,,1996,
Q7586321,,,2007,https://svce.edu.in/
Q7586947,887,2020,1896,https://www.sa.edu
Q7587158,1110,2020,1867,
Q7587180,901,2020,1980,
Q7587290,91,2020,1893,
Q7587500,180,2020,1832,
Q7587511,6014,2020,1986,
Q7587566,3315,2020,1923,
Q7587641,3931,2020,1948,
Q7587975,,,1999,https://www.sfit.ac.in/
Q7588644,,,1850,
Q7588902,3610,2020,1948,https://www.sjf.edu/
Q7588924,77,2020,1959,https://www.sjvcs.edu
Q7589597,782,2021,1864,
Q7589601,,,1967,https://stlcc.edu/locations/forest-park
Q7590249,,,1840,
Q7590446,2915,2021,1852,https://www.stmarytx.edu/
Q7590859,1945,2021,1898,https://www.snc.edu/
Q7591484,26430,2020,1927,
Q7591515,12696,2020,1898,
Q7591912,1779,2020,1952,https://www.stac.edu/
Q7591939,,,1889,
Q7591976,,,1936,
Q7592102,,,2004,
Q7592117,142,2020,1963,https://www.svdp.edu/
Q7592175,,,1860,https://www.sxccal.edu/
Q7592176,,,,
Q7592819,,,2003,
Q7593281,,,,
Q7597376,,,2009,https://www.sais.edu.sg/
Q7598012,1698,2020,1996,
Q7600091,2432,2020,1971,
Q7601976,,,1960,
Q7602223,87,2020,1904,
Q7603209,3928,2020,1966,
Q7603610,2127,2020,1911,https://www.esf.edu/
Q7603615,1671,2020,1874,https://www.sunymaritime.edu/
Q7603617,7592,2020,1835,https://www.brockport.edu/
Q7603620,3135,2020,1906,https://www.canton.edu/
Q7603621,2500,,1911,
Q7603622,3077,2020,1913,
Q7603623,6832,2020,1868,
Q7603624,5007,2020,1965,
Q7603625,7489,2020,1828,https://www.newpaltz.edu/
Q7603626,4461,2021,1889,https://www.plattsburgh.edu/
Q7603627,7636,2020,1861,https://ww1.oswego.edu/
Q7603628,2468,2021,1816,https://www.potsdam.edu/
Q7604774,,,1926,
Q760516,3785,2021,1869,https://www.augsburg.edu/
Q7611388,,,1958,
Q7611389,678,2020,1887,https://www.sterling.edu/
Q761534,40118,2021,1785,https://uga.edu
Q7615475,,,1947,
Q7615536,3492,2020,1947,https://www.stevenson.edu/
Q7617251,712,2020,1876,
Q7618891,311,2020,1984,
Q7634547,22570,2020,1959,
Q7635933,2345,2020,1917,https://www.sulross.edu/
Q7636401,1701,2020,1962,
Q7636437,,,1962,
Q7637784,34,2020,1951,
Q7645281,,,1987,https://www.ppns.ac.id
Q7645706,,,1884,
Q7645707,,,1961,
Q7646254,,,1942,
Q7646919,3103,2020,1964,https://www.surry.edu
Q7649352,2241,2020,1858,https://www.susqu.edu/
Q7649419,2190,2020,1981,https://sussex.edu/
Q7655237,,,1901,https://www.sbc.edu/
Q7659454,,,1945,
Q7659771,,,1913,
Q766145,23389,2021,1876,
Q7663848,,,1985,
Q7673530,642,2020,1908,
Q7673988,5823,2020,1965,
Q7674488,,,1967,https://awl.edu.pl/
Q7675030,3566,2020,1922,
Q7675821,,,1989,
Q7680006,1156,2020,1867,
Q7680259,,,1972,
Q7680260,,,1974,
Q7680261,,,1953,
Q768054,3460,,1937,
Q7686664,43000,2020,1965,https://www.tccd.edu
Q7690168,2110,2020,1846,https://www.taylor.edu/
Q7691246,3171,2021,1887,https://www.tc.columbia.edu/
Q7692257,,,1868,
Q7692495,,,1999,
Q7697206,,,1892,https://www.telfordcollege.ac.uk/
Q7697844,,,1960,
Q7698504,,,,
Q7700206,9000,2021,1915,
Q7700242,,,1857,
Q7703070,2057,2020,1968,
Q770544,8770,2020,1878,
Q7707344,,,1927,
Q7707466,8525,2020,1969,
Q7707476,2339,2020,2009,
Q7707478,6932,2020,1925,https://www.tamuk.edu/
Q7707479,,,2009,https://tamusa.edu
Q77075482,,,2000,https://www.figd-akademie.de/
Q7707564,250,2020,1908,
Q7707584,764,2020,1894,
Q7707585,,,1990,
Q7708009,,,1926,
Q7708149,775,2020,2013,https://www.ttuhscep.edu/
Q7708205,2197,2020,1890,https://www.txwes.edu
Q7708458,,,1980,
Q7709009,1227,2020,1905,
Q7709404,,,2001,
Q7713455,,,1927,
Q7722398,,,1979,
Q7726767,,,1988,
Q7726772,,,1855,https://tcnj.edu/
Q7726778,3863,2020,1920,
Q7726779,,,1915,
Q7726780,3512,2021,1912,https://www.css.edu/
Q7727027,607,2020,2008,
Q7742178,128,2020,1981,
Q7742212,,,1990,
Q7744487,666,2020,1997,
Q7760328,159,2020,1974,
Q7762875,266,2020,1997,
Q777403,15449,2020,1853,https://washu.edu/
Q7783820,,,1957,
Q7783983,,,1866,https://www.thiel.edu/
Q7787106,462,2020,1971,
Q7788537,669,2021,1894,https://www.thomas.edu/
Q7789245,,,1972,https://www.tesu.edu
Q7791286,247,2020,1969,https://www.tjsl.edu
Q77924246,,,1991,https://www.afcoe.edu.gh/index.php
Q7792539,2037,2020,1921,https://www.thomasmore.edu/
Q7792542,,,1978,
Q7792702,6256,2020,1968,
Q7794632,1303,2020,1950,
Q7797728,2759,2020,1966,
Q7800875,16769,2020,1968,https://tcc.edu
Q7802240,497,2020,1981,
Q781153,10272,2020,1927,
Q7811969,1698,2020,1907,
Q7813304,843,2020,1998,
Q7820362,4764,2020,1968,
Q782116,18169,2021,1957,
Q7829362,1378,2014,1997,
Q7829364,1319,2014,2004,
Q7830888,43,2020,2003,
Q7836728,1470,2020,1962,
Q7838935,3968,2020,1901,
Q7839692,991,2020,1964,
Q7839709,5582,2020,1962,
Q7840088,,,,
Q7841390,11650,2020,1973,
Q7842,28479,2024,1877,https://www.u-tokyo.ac.jp/en/index.html
Q7842344,3573,2020,1884,https://www.trine.edu/
Q7842406,1404,2020,1925,
Q7842579,362,2020,1974,
Q7842593,,,1948,
Q7842639,1086,2020,1959,
Q7842694,214,2020,1932,
Q7842863,1454,2020,1950,
Q7843006,5600,2020,1946,
Q7844318,8819,2020,1964,
Q7844635,,,1957,
Q7844818,,,1958,
Q7847197,10249,2020,1971,
Q7847616,,,1946,
Q7847734,4655,2020,1867,
Q7852329,15568,2020,1970,https://www.tulsacc.edu
Q785357,1378,2021,1839,https://www.vmi.edu/
Q7853642,,,,
Q7856434,586,2020,1972,
Q7860053,,,1926,https://www.tjc.edu/
Q7864079,,,1950,https://www.ucl.ac.uk/ion
Q7880765,,,1948,
Q7881771,2140,2020,1964,https://www.umpqua.edu/
Q7885568,,,1879,
Q7885570,757,2020,1891,
Q7885602,,,1933,
Q788592,,,1974,https://www.loyolaparis.fr
Q7885972,169,2020,1812,
Q7886376,3071,2020,1873,https://www.uu.edu/
Q7892216,338,2020,1972,
Q7892258,,,1997,https://www.usuniversity.edu/
Q7893585,,,1949,
Q7893602,412,2020,1871,https://united.edu
Q7893604,,,1962,
Q7893617,326,2020,1969,
Q7893782,,,1965,https://www.unity.edu
Q7894082,,,1965,https://www.uti.edu/
Q7894261,,,,
Q7894262,,,,https://uni.ueh.edu.mx/
Q7894266,,,,
Q7894302,,,1966,
Q7894336,,,1996,https://www.unicaribe.edu.do
Q7894339,,,,
Q7894340,,,2001,
Q7894348,,,1880,
Q7894358,8779,2015,1999,https://unpaztoday.wordpress.com/
Q7894380,,,1967,https://www.ufs.br/
Q7895070,,,1991,
Q7895071,,,1965,
Q7895072,,,1961,https://www.uaccm.edu/
Q7895109,3710,2021,1925,
Q7895148,,,1960,https://www.buruniv.ac.in
Q7895155,,,1968,https://www.uoc.ac.in
Q7895252,9959,2020,1871,https://www.ucmo.edu/
Q7895390,4829,2020,1882,https://www.findlay.edu/
Q7895436,,,1992,
Q7895470,,,2008,https://www.ugb.ac.in
Q7895472,1005,2020,1932,https://www.uprovidence.edu/
Q7895485,,,1931,
Q7895505,9053,2020,1971,https://www.uhcl.edu/
Q7895509,15239,2020,1974,
Q7895510,4922,2020,1973,https://tamuv.edu
Q7895554,4730,2021,1902,https://uindy.edu/
Q7895654,4202,2020,1965,
Q7895655,1624,2020,1878,https://www.umfk.edu/
Q7895656,1862,2020,1864,https://www.umf.maine.edu/
Q7895658,1467,2020,1903,https://www.umpi.edu/
Q7895664,,,1998,
Q7895673,3876,2020,1845,
Q7895715,1292,2020,1962,
Q7895782,8783,2020,1959,https://umdearborn.edu/
Q7895785,6829,2020,1956,
Q7895797,,,1905,https://crk.umn.edu/
Q7895805,632,2020,2006,
Q7895847,2016,2020,1961,
Q7895888,4247,2020,1880,
Q7895890,6225,2020,1905,
Q7895906,442,2020,1973,https://law.unh.edu/
Q7895907,717,2020,1985,
Q7895917,,,1980,
Q7895938,1361,2021,1963,https://www.uncsa.edu/
Q7895940,3010,2021,1927,https://unca.edu
Q7895970,19748,2019,1873,https://ung.edu/
Q7895977,2329,2020,1970,https://www.unthsc.edu/
Q7895983,3774,2024,2000,
Q7895989,,,1920,
Q7896014,,,1971,https://ouhsc.edu/
Q7896112,,,1889,https://www.upike.edu/
Q7896145,1117,2021,1963,https://www.upb.pitt.edu/
Q7896147,,,1963,
Q7896148,2356,2020,1927,https://www.johnstown.pitt.edu//
Q7896149,,,1963,
Q7896165,,,1966,
Q7896167,,,1903,
Q7896171,,,1972,
Q7896172,,,1967,
Q7896174,,,1974,
Q7896175,,,1967,
Q7896176,,,1962,
Q7896177,,,1911,
Q7896178,,,1970,https://www.uprp.edu/
Q7896179,,,1979,
Q7896201,,,1947,
Q7896213,1812,2017,1876,https://www.rio.edu/
Q7896225,1229,2020,1859,https://www.stmary.edu/
Q7896226,186,2020,1844,
Q7896279,733,2020,1908,
Q7896307,1628,2020,1883,https://www.usiouxfalls.edu/
Q7896316,3944,2020,1961,https://www.usca.edu/
Q7896318,2006,2020,1959,https://www.uscb.edu/
Q7896319,,,1959,
Q7896322,,,1966,
Q7896323,,,1965,
Q7896324,,,1967,https://uscupstate.edu/
Q7896347,,,1979,https://www.usa.edu/about/our-campuses/st-augustine-fl/
Q7896420,3181,2020,1911,
Q7896431,5608,2020,1972,https://www.uth.edu/
Q7896565,6304,2020,1990,
Q7896583,5364,2020,1990,
Q7896603,229,2020,1966,
Q7896612,1195,2020,1904,https://www.uws.edu/
Q7896695,19110,2020,1889,
Q7896711,836,2020,1834,
Q7896765,,,1908,
Q7896772,904,2020,1962,
Q7896780,950,2021,1962,
Q7896781,238,2020,1991,
Q7898705,3610,2020,1857,https://uiu.edu/
Q7899874,,,1993,
Q7901163,,,2001,
Q7901181,1472,2019,1869,https://www.ursinus.edu/
Q7901303,1100,2020,1871,https://www.ursuline.edu/
Q7902048,,,1995,
Q7902331,,,2005,
Q7902782,3804,2021,1946,
Q7903351,,,2000,
Q7903393,,,2005,https://www.uktech.ac.in
Q7907349,,,1995,
Q7910651,45949,2020,1967,
Q7912012,1676,2020,1889,
Q7912058,,,1931,
Q7912535,289,2020,1990,
Q7914075,2963,2020,1969,
Q7914249,,,1971,
Q7914412,313,2020,1909,
Q7914844,2289,2020,1920,https://www.vanguard.edu/
Q7915553,,,1999,
Q7918779,,,1977,
Q7920365,11789,2020,1925,https://www.venturacollege.edu/
Q7921694,371,2020,1831,https://vcfa.edu/
Q7921734,464,2019,1972,
Q7921788,1520,2020,1866,
Q7922092,2773,2020,1970,
Q7923541,,,,
Q7926413,10777,2020,1961,
Q7926650,,,1925,
Q7928199,,,1999,
Q7928225,,,1872,
Q7928229,,,1981,https://www.vidyasagar.ac.in
Q7929226,,,1942,
Q7929314,,,1950,
Q7930417,,,1961,https://www.villa.edu/
Q7931261,,,2002,https://www.vjec.ac.in
Q7932702,,,1999,
Q7934330,,,1940,
Q7934591,4020,2020,1882,https://www.vsu.edu/
Q7934641,245,2020,1886,
Q7934659,5738,2020,1966,
Q7934661,1193,2021,1961,
Q7936047,,,1983,
Q7936090,209,2020,2000,
Q7936658,,,1994,https://vtu.ac.in
Q7937045,2516,2020,1890,https://www.viterbo.edu/
Q7937619,,,1998,
Q7937632,,,1964,
Q79396645,,,2011,https://www.univ-dedougou.gov.bf/
Q79403381,,,2019,https://ahuc.edu.eg/
Q7941057,8832,2020,1971,
Q7941707,368,2020,1897,
Q79468205,,,2019,
Q7958639,868,2020,1832,
Q7960951,21760,2020,1958,
Q7961486,49695,2020,1970,
Q7961606,,,1903,
Q7962685,2940,2020,1967,https://www.wwcc.edu/
Q7962769,,,1963,
Q7962771,,,1947,
Q7962897,4763,2020,1966,https://www.wallacestate.edu/
Q7963818,1744,2020,1922,
Q7969745,466,2020,1937,
Q7969774,978,2020,1968,
Q7970130,3251,2020,1981,
Q7970595,703,2020,1894,https://www.warren-wilson.edu/
Q7971008,,,1852,
Q7971641,1405,2018,1781,https://www.washjeff.edu/
Q7971755,354,2020,1969,https://www.wccc.me.edu/
Q7972231,1809,2020,1971,
Q7972632,11140,2020,1965,
Q7975106,7564,2020,1966,https://www.waubonsee.edu/
Q7975162,6952,2020,,
Q7975912,4062,2020,1908,
Q7976107,,,1972,
Q7976114,2701,2020,1957,
Q7976138,10748,2020,1967,
Q7976637,4202,2020,1910,https://www.wsc.edu/
Q7976817,1576,2020,1850,
Q7978277,,,1869,https://www.wc.edu
Q7978660,101,2020,1889,https://www.webb.edu/
Q7978693,812,2020,1927,https://www.webber.edu/
Q7980210,,,1978,
Q7980543,358,2020,1942,
Q7982289,3090,2020,1939,
Q7983850,158,2020,1974,
Q7983889,,,1922,
Q7984013,530,2020,1882,
Q7985209,6437,2020,,https://www.westgatech.edu/
Q7985612,4893,2020,2003,
Q7985746,2481,2020,1837,https://www.westliberty.edu/
Q7985808,11417,2020,1969,
Q7986651,10036,2020,1910,
Q7986758,7513,2020,1963,
Q7986858,622,2020,1892,
Q7986877,1253,2020,1972,
Q7986914,,,1974,
Q7986919,3638,2020,1891,https://wvstateu.edu/
Q7986928,1645,2020,1895,
Q7987232,10072,2020,1946,
Q7987712,,,1976,https://www.cqwu.edu.cn/
Q7987876,147866,2020,1997,
Q7987965,,,1972,
Q7987981,5360,2020,,https://www.witcc.edu
Q7988097,1625,2020,1926,
Q7988100,,,1971,
Q7988102,3673,2020,1919,https://wne.edu
Q7988105,2896,2020,1893,https://wnmu.edu/
Q7988127,,,1926,
Q7988164,1792,2020,,
Q7988285,826,2020,1927,
Q7988378,579,2020,1912,
Q7988383,1442,2020,1969,
Q7988384,357,2020,1866,
Q7988415,,,1977,
Q7988454,2776,2020,1959,
Q7989148,1127,2021,1852,https://www.westminster.edu/
Q7989150,609,2020,1851,https://www.wcmo.edu/
Q7989214,134,2020,1979,
Q7989280,4369,2020,1970,https://wccc.edu
Q7990705,6099,2020,1946,
Q7991679,2719,2020,1967,
Q7994668,141,2020,1997,
Q7995090,649,2020,1966,
Q7996527,,,1986,
Q7996607,1552,2021,1859,
Q7996868,1987,2016,1887,https://www.whittier.edu/
Q7996977,2756,2020,1890,https://www.whitworth.edu/cms/
Q7998112,4606,2020,1965,https://wsutech.edu/
Q8000254,7946,2020,1934,
Q8002458,2435,2020,1964,
Q8002474,4781,2020,1933,https://www.wilkes.edu/
Q8006551,5472,2020,1892,
Q8013573,1840,2020,1939,https://jessup.edu/
Q8016704,830,2020,1857,https://www.peace.edu
Q8016768,1350,2020,1873,
Q8020982,618,2020,1941,
Q8022152,959,2020,1961,
Q8022753,,,1870,https://www.wilmington.edu/
Q8023017,1535,2020,1869,
Q8023021,1862,2020,1958,https://www.wilsoncc.edu/
Q8024795,2299,2020,1972,
Q8024948,67,2020,1942,
Q8025153,3653,2020,1896,https://www.wingate.edu
Q8026034,5169,2020,1867,https://www.wssu.edu/
Q8026588,5576,2020,1886,
Q8026801,3709,2020,2010,
Q8027207,,,,
Q8027229,1166,2020,1973,https://www.wlc.edu/
Q8027230,,,1863,
Q8027270,80,2020,1978,
Q8028571,1884,2019,1845,
Q8029049,1764,2020,1854,
Q8030853,,,1915,
Q8031678,,,2001,
Q8032821,4598,2020,1975,
Q8037300,2705,2020,1975,
Q8038222,,,1968,
Q8040279,585,2020,1966,https://www.wyotech.edu
Q8040662,2244,2020,1963,https://www.wcc.vccs.edu/
Q8043260,,,1993,
Q8043261,,,,
Q80465345,,,1967,https://ucblueash.edu/
Q8047101,3954,2020,1928,
Q8048280,,,1989,
Q8050369,6009,2020,1965,
Q805122,21597,2020,1918,
Q8052081,,,1989,
Q8052831,,,,
Q8052834,,,2002,
Q8052835,135,2020,1977,
Q8052839,,,1974,
Q8052844,,,1967,
Q8052865,,,,
Q8052868,,,1933,
Q8052870,400,2010,1933,https://nirc.edu/
Q8053073,,,,https://ync.ac.kr/
Q8055402,652,2020,1890,https://www.york.edu/
Q8055406,7784,2020,1966,https://www.york.cuny.edu/
Q8055408,4400,,1787,https://www.ycp.edu/
Q805790,,,1999,
Q8060105,5175,2020,1927,
Q8065731,,,1905,https://zppsu.edu.ph
Q8066061,,,,
Q8066116,2223,2020,1969,
Q8074115,,,,https://zoolmuseum.biol.uoa.gr/?lang=en
Q80805367,,,,https://www.dhsh.de/
Q809106,7515,2020,1940,https://www.barry.edu/en
Q809633,16097,,1919,
Q810771,1780,2017,1855,
Q812156,,,,
Q812573,19297,2020,1845,https://www.baylor.edu/
Q812885,120,,1989,
Q81433122,,,2020,https://www.institut-agro.fr/
Q816377,4577,2020,1919,https://www.bemidjistate.edu/
Q8171840,798,2020,1925,
Q817902,799,2020,1932,https://www.bennington.edu/
Q81829892,,,,
Q8214783,6983,2020,1891,https://laverne.edu
Q8215036,7208,2020,1831,
Q8247531,,,1975,
Q827783,,,1973,https://www.tradoc.army.mil/
Q828819,,,1991,https://www.berufsbildungswerk-leipzig.de/
Q829449,20728,2015,1423,https://umlp.fr/
Q830901,6551,2022,2004,https://www.u-hyogo.ac.jp/
Q8310981,,,2001,https://vsers.cz/
Q833822,21352,2025,1971,https://www.uni-kassel.de
Q8343704,,,,
Q83512536,,,,https://instituciones.sld.cu/ucmvc/
Q83513063,,,2006,
Q83513163,,,,
Q83513275,,,,
Q83513309,,,1994,
Q83513320,,,1990,
Q83513418,,,,
Q83515573,,,,https://instituciones.sld.cu/feumed/
Q83570448,,,,
Q835779,,,1951,
Q83582486,,,2018,
Q835960,56998,2009,1934,https://www.usp.br
Q835972,978,,1973,
Q836805,10773,2023,1829,
Q83804736,,,2018,https://uontario.ca
Q83831881,,,2020,
Q838330,44411,2018,1848,https://wisc.edu
Q83837104,,,2020,https://shmu.ac.bd/
Q83839243,,,2020,
Q838454,897,2018,1741,https://www.ensta-paris.fr
Q84014310,,,2003,
Q84014311,,,2003,
Q84014648,,,1987,
Q84014735,,,1958,
Q84015249,,,1996,
Q840667,,,1963,https://www.kurims.kyoto-u.ac.jp/en/index.html
Q84079782,,,2006,https://www.univ-kindia.org/home/
Q84081713,,,2011,https://dsatm.edu.in/
Q84081726,,,2001,https://ewit.edu.in/
Q84081738,,,2004,
Q84081745,,,1999,
Q84081797,,,2007,https://sahyadri.edu.in/
Q842909,7643,2020,1891,https://rice.edu
Q843141,,,,
Q844999,8191,2020,1944,https://fitnyc.edu
Q845332,731,2020,1884,
Q84587874,,,1989,https://www.ikipsaraswati.ac.id/
Q84588293,,,1972,
Q84588601,,,2015,https://www.stikesbuleleng.ac.id
Q84588785,,,1970,https://www.stkipahsingaraja.ac.id/
Q84589100,,,1995,https://www.stie-satyadharma.ac.id
Q84654205,,,2018,https://nu.edu.om/
Q846859,1432,2020,1855,
Q849950,,,1830,
Q850730,34000,2020,1614,https://www.rug.nl/
Q85093638,,,2016,
Q85093645,,,2009,
Q85093649,,,2009,
Q852223,50314,2018,1988,
Q8563967,856,2020,1965,
Q8564259,1639,2020,1987,
Q85741244,,,2019,https://aubh.edu.bh/
Q85744513,,,2018,https://www.bestiu.edu.in
Q85746900,,,2004,
Q85764152,,,2018,
Q85773202,,,,https://kvimis.co.in
Q85783332,,,1981,https://mmchetauda.edu.np
Q85784264,,,2018,https://www.matagujriuniversity.com
Q85797804,,,,
Q85805076,,,,
Q85812283,,,2019,https://uol.ac.in
Q85812314,,,2018,
Q85816076,,,,
Q85822328,,,2006,
Q85837875,,,2012,
Q85845319,,,2000,https://uago.ac.cd/
Q85845392,,,2015,
Q85847309,,,2016,https://www.stvinceyendi.edu.gh/
Q85850872,,,2020,
Q85879100,,,,https://ubbj.gob.mx/
Q85879509,,,,
Q85970161,,,,
Q85991590,,,2018,
Q85991600,,,2020,
Q85994212,,,2003,https://stai-iu.ac.id/
Q85995029,,,2016,https://unupurwokerto.ac.id
Q85997646,,,1996,https://unt.edu.ua/
Q86012753,,,,https://tnti.vnu.edu.vn
Q860527,40953,2020,1890,https://www.unt.edu/
Q861548,43569,2020,1851,https://fsu.edu
Q861888,32312,2020,1856,https://oregonstate.edu/
Q863813,16818,2021,1946,https://www.binghamton.edu/
Q864450,5815,2020,1908,https://www.biola.edu/
Q864855,32723,2018,1885,https://gatech.edu
Q86494521,,,2005,
Q86502559,,,2021,https://bsmru.ac.bd/
Q865734,,,2017,
Q86663201,,,,https://www.kgumsb.edu.bt/
Q86678508,,,1998,https://kosstu.edu.kz/
Q866829,6012,2025,1909,
Q86737854,,,,
Q868421,36303,2020,1965,https://uci.edu
Q86857055,,,,https://www.lpm-saarland.de/
Q86902171,,,2020,
Q87401635,,,,
Q87472344,,,2004,https://gecrajkot.ac.in
Q87472346,,,1964,
Q875637,8643,2021,1693,https://www.wm.edu/
Q875722,196,2012,1829,
Q877188,34,2011,1966,https://www.dffb.de/
Q87739027,,,,https://dentistry.yonsei.ac.kr/
Q87768348,,,,
Q8778175,,,1869,
Q8778179,,,1828,
Q87815011,,,2001,
Q87815413,,,1961,
Q87815415,,,1935,
Q87989446,,,,https://stkipdamsel.ac.id
Q87991180,,,2006,
Q88259854,,,1960,
Q886141,750,2020,1899,
Q88655697,,,2016,https://www.triagon-academy.com/
Q88781257,,,1974,
Q88781265,,,1982,
Q890548,,,2013,https://cst.ur.ac.rw
Q89090635,,,2020,https://www.npicr.cz/
Q891082,24069,2020,1932,
Q891337,,,1999,https://www.bolgatu.edu.gh/
Q89189551,,,1962,
Q892503,14500,,1889,https://www.saintleo.edu/
Q89345429,,,1966,
Q89533195,,,2004,
Q89533243,,,2003,
Q89533302,,,1999,
Q89533336,,,2003,
Q895401,1805,2019,1794,https://www.bowdoin.edu/
Q895439,5600,,1865,https://www.bowiestate.edu/
Q895457,17075,2021,1910,https://bgsu.edu
Q897052,5400,2021,1897,https://bradley.edu/
Q897742,90,2012,2010,
Q90003343,,,1982,
Q90003405,,,1981,
Q90004038,,,2003,
Q90004062,,,2005,https://tat.ac.in/
Q90006709,,,1970,
Q90010216,,,1959,
Q90096209,,,1968,
Q90108805,,,1904,https://www.buenosaires.gob.ar/hospitaltornu
Q90130948,,,1957,
Q90276468,,,1937,
Q90276656,,,1948,
Q904219,5964,2020,1887,https://www.campbell.edu
Q9046820,,,1904,https://museoetnografico.filo.uba.ar
Q904943,11699,2020,1970,
Q906437,,,1904,
Q90754821,,,1964,
Q90883742,,,2007,
Q9091546,11285,2020,1925,https://www.lattc.edu/
Q9091616,,,2008,
Q909696,518,2021,1812,
Q910669,1541,2021,1852,
Q91092062,,,,
Q91095385,,,,
Q91180145,,,2007,
Q913861,36334,2020,1897,https://www.sdsu.edu/
Q91413842,,,2003,
Q915866,7100,,1867,https://www.csu.edu/
Q91611455,,,,
Q917899,6961,2020,1920,
Q921264,3458,2020,1891,
Q92176979,,,2005,
Q92177562,,,2001,
Q9219,4294,,1802,https://www.westpoint.edu
Q922647,5674,2020,1933,
Q92387237,,,2008,
Q92387913,,,2001,
Q92387988,,,2008,
Q92389080,,,2001,
Q924318,1538,2021,1834,
Q9266580,,,1957,https://gsd.gda.pl/
Q928272,18649,2020,1967,
Q9289400,,,1995,https://www.utm.edu.mo/
Q930291,2100,2021,1842,https://willamette.edu/
Q931865,4025,2020,1896,https://clarkson.edu/
Q935018,4053,2020,1934,https://www.ju.edu
Q9360262,,,2003,https://kj.edu.pl/
Q936354,,,1966,
Q93662,2408,2021,1858,
Q9380756,,,1997,
Q93961761,,,2002,
Q93962343,,,2007,
Q93962373,,,2001,
Q93962404,,,1994,https://www.iimtindia.net
Q93965563,,,2008,
Q93965662,,,1996,
Q93966900,,,1999,
Q93966908,,,2008,
Q93967202,,,1948,
Q940289,10203,2020,1965,https://www.usi.edu
Q940690,16944,,1933,https://www.umkc.edu/
Q940919,33395,,1941,https://www.uvu.edu
Q941298,2907,2020,1879,https://uams.edu/
Q941524,4072,2020,1867,
Q941551,4212,2021,1865,
Q941731,2281,2020,1967,https://www.evergreen.edu/
Q941855,4146,2020,1969,https://www.uis.edu/
Q94279,2070,2020,1972,https://uas.alaska.edu/
Q94479694,,,,
Q94673966,,,2015,https://www.reading.edu.my/
Q94674366,,,2011,https://www.nmit.edu.my/
Q95002337,,,1976,
Q951184,,,1909,
Q955176,,,1997,
Q955764,33518,2020,1983,https://www.uic.edu/
Q956056,963,2020,1780,https://www.transy.edu/
Q95607077,,,1998,https://www.ub.uni-potsdam.de/de/publizieren/universitaetsverlag.html
Q956780,2130,2020,1888,https://www.pugetsound.edu/
Q957995,9238,2020,1883,
Q95986902,,,1999,https://ieu.edu.ua/
Q96019121,,,2019,https://www.bhaikakauniv.edu.in
Q96020131,,,2017,https://gmu.edu.in
Q96233684,,,2006,
Q96233707,,,2008,https://kktanjungpiai.mypolycc.edu.my/
Q96238028,,,2015,
Q962467,,,2001,
Q96373046,,,2017,
Q96373398,,,2017,https://base.ac.in
Q96374720,,,1939,
Q96376546,,,2002,https://www.dbcitanagar.ac.in
Q96380192,,,2019,https://www.hsncu.edu.in
Q96381705,,,2010,https://ictuniversity.org/
Q96381960,,,,https://www.ictm.org
Q96386197,,,1981,https://www.kscoeankpa.edu.ng/
Q96405696,,,2019,https://silveroakuni.ac.in
Q96405981,,,2019,https://www.somaiya.edu/en
Q96410509,2131,2020,,
Q96414526,,,,
Q96415603,,,1995,https://www.wulin.ac.cn/en
Q96463317,,,1997,
Q96648949,,,2018,https://udb.ac.id
Q96739145,,,2014,https://ar.israa.edu.ps/
Q96756740,,,,https://mbexc.de/
Q96757061,,,2020,https://www.gu.edu.eg
Q968559,8795,2021,1883,
Q96971327,,,2020,https://kaishi-pu.ac.jp/
Q969850,26928,2021,1957,https://www.stonybrook.edu/
Q97040033,,,1986,https://www.ucateci.edu.do/
Q97162637,,,,
Q97166894,,,,
Q97168846,,,2010,https://www.unican.edu.py/
Q971691,,,1970,
Q97176180,,,,
Q97178641,,,,
Q97199998,7616,2024,1980,https://univpgri-palembang.ac.id
Q97203634,,,2020,https://univ-bd.ac.id
Q97204373,,,2020,https://www.ankarabilim.edu.tr/
Q97206657,,,1988,https://stabnalanda.ac.id
Q97208050,5474,2024,2020,https://www.kocaelisaglik.edu.tr
Q97211083,,,2018,
Q97212771,,,2019,https://www.itspku.ac.id
Q97214686,,,2020,https://www.ukh.ac.id
Q97223044,,,1971,https://www.ptiq.ac.id
Q97223095,,,2014,https://poltekad.ac.id
Q97227534,,,2004,
Q97227642,,,1998,https://staimsyk.ac.id
Q97227930,,,1978,https://apuri.hr
Q97228165,,,2019,https://amikompurwokerto.ac.id
Q97228827,,,1937,https://www.ftidi.hr/
Q97232260,,,2010,
Q97232285,,,1984,
Q97232620,,,2019,https://univbinainsan.ac.id
Q97234971,,,2018,https://www.polbangtan-gowa.ac.id
Q97252767,,,2009,
Q97253946,,,1953,https://www.hfrcmc.edu.bd/
Q972553,,,1974,
Q97280124,,,1962,
Q97293012,,,,https://www.chec.fr/
Q97307301,,,,https://www.ibi-k57.ac.id/
Q97307347,,,2000,https://www.sttibontang.ac.id/
Q97308728,,,2001,https://www.poltekkes-malang.ac.id
Q97308882,,,2017,https://www.umkt.ac.id
Q97309124,,,2013,
Q97320401,,,,https://www.istun.edu.tr
Q97347483,,,2004,
Q97358532,,,,
Q97374942,,,2008,https://www.trigunadharma.ac.id
Q97378436,,,1986,https://www.enap.gov.br/
Q97446118,,,,https://idacor.conicet.gov.ar/
Q97455501,,,,https://parahikma.ac.id/
Q97482632,,,2011,
Q97523903,,,2002,https://www.stikeseub.ac.id
Q97524039,,,2019,https://umpp.ac.id
Q97572626,,,,https://www.stiebi.ac.id/
Q97572810,,,2018,https://www.stialanbandung.ac.id
Q97583025,,,2007,https://upc.edu.ar/
Q97587199,,,2003,https://www.apn-surakarta.ac.id
Q97631992,,,2015,https://www.ak-tekstilsolo.ac.id
Q976613,,,1953,
Q97705035,,,2020,
Q97780209,,,,https://www.gtcfla.edu.cn/
Q97811457,,,1995,https://mandalabhakti.ac.id
Q97955848,,,1982,
Q97978929,,,2006,
Q98080821,,,2015,https://iimsurakarta.ac.id
Q98080878,,,2017,
Q98080879,,,1993,https://stiesurakarta.ac.id
Q98080901,,,2020,https://www.aiska-university.ac.id/
Q98080902,,,2020,https://www.uhnsugriwa.ac.id
Q98098841,,,,
Q98113942,,,1983,
Q98360466,,,1969,
Q98513267,,,1972,https://ig.utexas.edu
Q986122,4447,2020,1878,https://www.ashland.edu
Q98929438,,,1883,
Q98946443,,,,
Q98946542,,,2003,
Q98946558,,,,
Q98947592,,,,
Q98947709,,,,
Q98949152,,,1965,https://tkmcas.ac.in/
Q98955788,,,2018,https://naub.edu.ng/
Q98959826,,,2021,
Q99229082,,,2022,https://hkust-gz.edu.cn/
Q992830,8616,2020,1851,
Q99285002,,,,
Q99285466,,,,https://www.amu.edu.my/
Q99285480,,,,
Q99285551,,,,
Q99285700,,,,
Q99285885,,,,
Q99285896,,,,
Q99286041,,,,
Q99362574,,,1952,https://stamford.uconn.edu/
Q99391766,,,2017,https://hartford.uconn.edu/
Q99401201,,,,
Q99402454,,,,
Q99402481,,,,
Q99402727,,,,
Q99403081,,,1989,https://mhmc.org.in/
Q99403329,,,,
Q99474852,,,,
Q99475994,,,,
Q99476268,,,,https://golfcollege.edu/
Q995265,1676,2021,1885,https://www.brynmawr.edu/
Q99678207,,,2002,
Q99680802,,,2008,https://www.neweracollege.ac.bw/
Q99928358,,,,https://www.upy.edu.mx/
Q99973613,,,2020,https://www.uesd.edu.gh/
