wikidata,studentCount,studentYear,establishedYear,officialWebsite
Q30315038,,,2016,
Q200601,,,1917,https://www.pucp.edu.pe
Q4975271,5386,,1946,
Q1742507,9646,,1290,https://www.unimc.it
Q30263400,,,1918,
Q131428079,,,,https://cdrsp.ipleiria.pt
Q273582,419,,1881,
Q109913556,,,,https://www.sttsappi.ac.id
Q3577921,,,1801,
Q796023,18486,,1971,https://www.unrc.edu.ar/
Q14713666,,,1979,
Q19946137,,,2001,
Q3604016,,,,
Q50040192,,,,
Q30293675,,,,
Q5936026,,,2003,
Q4997520,,,1975,https://www.bujhansi.ac.in
Q6964796,4931,,1942,
Q56416982,,,2002,https://www.poltekindonusa.ac.id
Q25457507,,,1997,https://nscpolteksby.ac.id
Q1622079,2370,,1964,
Q4116239,18000,,1972,https://aast.edu/
Q15057698,,,2013,https://telkomuniversity.ac.id/
Q7685179,8165,,2008,
Q140908250,,,2018,https://imavi.org
Q12523469,,,1999,https://www.universitassuryadarma.ac.id
Q27271210,,,1962,
Q676817,10000,,1723,https://www.unicam.it
Q125676207,,,2021,https://fuhsa.edu.ng/
Q119466004,,,2019,https://poltekssn.ac.id/
Q15222152,,,1974,
Q30293777,,,,
Q11654253,,,1875,https://www.nagano-c.ed.jp/ueda-hs
Q11440738,,,1907,https://www3.osaka-c.ed.jp/miyakojima-t/
Q1572917,,,,https://www.hamburgmediaschool.com/
Q98080902,,,2020,https://www.uhnsugriwa.ac.id
Q30294283,,,,
Q6424326,,,1994,https://www.kobepharma-u.ac.jp/
Q1707347,2253,,2004,
Q4702511,,,2005,https://www.alhikmah.edu.ng/
Q14712798,3294,,1950,https://marymount.edu/
Q3878581,717,,1895,https://bushnell.edu/
Q7894242,,,1923,https://www.uaslp.mx/
Q10302476,,,1909,
Q109767453,,,2013,https://polac.edu.ng/
Q540751,31500,,1992,https://aru.ac.uk/
Q3547601,,,1900,
Q1968395,,,1900,
Q10884585,,,1927,
Q7257416,,,2003,
Q30294309,,,2003,
Q141194817,,,2000,https://tcs.edu.my
Q10884926,,,1994,https://www.ikhzasag.edu.mn/
Q138860084,,,1965,https://siamtechno.ac.th
Q7050484,9304,,1991,
Q5918116,,,2000,
Q51781109,,,1996,
Q309350,20360,,1851,
Q11525034,,,1974,https://tce.ac.jp/
Q30262067,,,1972,
Q6943779,,,2007,
Q536163,947,,1872,
Q8034758,,,1956,
Q2120216,,,2007,https://ph-tirol.ac.at/
Q18155496,3044,,1966,https://sunypoly.edu/
Q3551596,,,2003,
Q5503206,,,,
Q5646575,,,1999,
Q4813522,4294,,1958,
Q7606816,,,1936,
Q11395973,,,1962,
Q30293805,,,,
Q537526,10754,,1977,
Q3700204,,,1925,https://gpmu.org/
Q3551372,,,2006,
Q6264778,1881,,1974,https://www.jwcc.edu/
Q27963411,,,1983,https://www.huel.edu.cn/
Q12204494,,,1990,
Q1408542,200,,1998,
Q4331443,,,1918,https://osau.edu.ua/
Q30294679,,,1996,https://www.unsoer.ac.id
Q17054231,,,2011,
Q99518139,,,2020,https://aiimsguwahati.ac.in
Q4998936,,,,
Q1698948,,,2005,
Q7660557,,,2006,
Q141195494,,,2024,https://dmuc.edu.kh
Q17078651,,,1994,
Q11663166,720,,1939,
Q7262735,,,1994,
Q20432783,,,,
Q6053947,,,1998,
Q350752,,,1947,https://www.uii.ac.id
Q5615995,,,1935,https://www.glmu.edu.cn
Q12116601,,,1921,
Q3296302,1722,,1936,
Q7894642,,,2006,
Q16982771,,,,
Q626893,,,2003,https://www.ust.ac.kr/eng.do
Q5636183,,,1998,https://www.humak.fi/en/
Q4806423,,,1996,
Q1665124,,,1963,https://www.iscparis.com
Q30293939,,,,
Q8343704,,,,
Q8045867,,,,
Q5968342,,,1994,https://eduhk.hk
Q117405663,,,2021,https://ariu.edu.qa
Q4412445,4100,,1960,
Q1305888,556,,2005,
Q85740858,,,2019,
Q28402688,,,2013,https://gw4.ac.uk/
Q52848386,,,1977,
Q710126,,,2010,
Q3551636,,,1942,https://www.um.edu.mx/
Q1458675,,,1948,
Q3578180,,,1967,
Q61931447,,,2014,
Q137943414,,,2022,https://atmu.uz
Q1244841,,,1861,https://www.zg.ch/behoerden/direktion-fur-bildung-und-kultur/ksz/ksz-english0
Q16302657,,,1955,https://www.unincca.edu.co/
Q1232428,,,1980,https://www.ehu.eus/eu/
Q6039015,,,1987,
Q2072655,16686,,1930,https://unec.edu.az
Q109912040,,,2016,https://www.unhena.ac.id
Q16363069,,,,
Q30260592,,,2006,
Q3551803,840,,2006,https://www2.scu.ac.jp/
Q686522,3026,,1819,https://www.mdw.ac.at/
Q30263379,,,1996,
Q5492094,310,,1997,https://www.olin.edu/
Q4209557,,,1953,https://klif.univer.mvd.ru/
Q129571898,,,,https://disdik.grobogan.go.id
Q7800186,,,1976,
Q6024968,,,1982,
Q50035356,,,,
Q11815232,,,2001,https://pans.tarnobrzeg.pl/
Q7896420,3181,,1911,
Q100943881,,,,https://icuzambia.net
Q3687224,,,1950,https://www.conservatorionicolini.com/
Q7791286,247,,1969,https://www.tjsl.edu
Q4852575,,,1931,
Q109919244,,,2020,
Q141194593,,,2010,https://care.ac.in/architecture
Q3117947,1307,,1992,https://yschools.fr
Q5051423,,,1961,
Q141195004,,,,https://doa.sarawak.gov.my/web/subpage/webpage_view/836
Q138460589,,,1997,https://tamazunchale.tecnm.mx/itstmz/
Q30644602,,,2010,
Q52848214,,,1985,
Q7286777,,,2010,https://rru.ac.in
Q12297235,,,1953,
Q12603476,,,1978,https://www.suncheon.ac.kr
Q15622432,,,2005,
Q30294598,,,,
Q10771887,,,1974,
Q30254206,,,1723,
Q30263972,,,2011,
Q30294376,,,,
Q28163392,,,2017,https://teknokrat.ac.id/
Q140127974,,,,https://universitelumumba.org
Q5263500,23051,,1966,
Q7060311,1132,,1941,
Q7896706,,,1990,
Q5065626,,,2003,
Q7934659,5738,,1966,
Q19744759,,,1963,https://www.unisapalu.ac.id
Q7165808,,,1996,
Q7896145,1117,,1963,https://www.upb.pitt.edu/
Q1032195,,,1961,https://en.usports.ca
Q107477962,,,2022,https://unilesa.edu.ng/
Q30293884,,,,
Q4705896,,,2020,https://aiu.edu.eg/
Q19732763,,,2011,https://www.sttaa.ac.id
Q109913269,,,2019,https://www.uqgresik.ac.id
Q136448424,,,2023,https://lcdr.edu.ly
Q16909285,,,2010,https://niu.edu.in
Q1634051,19000,,1824,https://www.unitru.edu.pe/
Q4744941,,,1964,
Q1481050,,,1964,https://london.edu
Q7896279,733,,1908,
Q6930281,6812,,1966,
Q4852849,111084,,,https://bcps.org/
Q14917448,,,1965,
Q20464496,,,1969,
Q136663546,,,2019,https://www.exhistuniversity.com
Q127415556,,,2020,https://recentglobe.uni-leipzig.de
Q6121200,,,2005,
Q1453964,300,,1928,
Q4838040,,,2010,https://bbdu.ac.in/
Q5370252,,,1926,https://daytonabeach.erau.edu/
Q685781,2058,,1994,
Q105809850,3089,,2021,https://www.clermont-auvergne-inp.fr/
Q127513675,,,1984,
Q11985322,,,1996,
Q1707609,,,2006,https://www.unicv.edu.cv
Q18467872,,,1970,
Q4115992,,,1997,https://www.aus.edu/
Q4743138,55,,1924,
Q1388299,,,1994,https://www.fh-wien.ac.at/
Q70026348,,,2000,https://www.iteshu.edu.mx/
Q137943588,,,2013,https://kicd.ac.ke
Q1805202,3399,,1845,https://www.bw.edu/
Q1666981,3278,,1886,https://www.jcu.edu/
Q1026846,22440,,1901,https://www.calpoly.edu/
Q12523391,,,2000,https://unismuhluwuk.ac.id
Q30294715,,,,https://univalabuhanbatu.ac.id.
Q5396930,,,1934,
Q981752,,,1579,
Q16095567,,,1981,
Q7296496,,,1962,https://www.ravensbourne.ac.uk/
Q7830890,,,1981,https://www.toyota-ti.ac.jp/
Q137795921,,,2017,https://isuc.edu.ec
Q138860219,,,2014,https://www.bauinternational.edu.ge
Q627418,,,2006,
Q17513636,,,1970,https://www.dgsd.us/
Q6859616,1338,,1866,https://www.milligan.edu/
Q1472315,23295,,1960,
Q97223095,,,2014,https://poltekad.ac.id
Q30293821,,,,
Q7896681,,,1975,
Q4766090,,,2005,
Q30294337,,,,
Q30265689,,,1981,https://www.universitastabanan.ac.id
Q1622169,,,1950,
Q1563835,93,,1947,
Q521036,2061,,2003,https://www.insa-strasbourg.fr/
Q83839243,,,2020,
Q6959000,,,1915,https://www.nagoya-aoi.ac.jp/
Q2648311,,,1929,
Q7895970,19748,,1873,https://ung.edu/
Q4243511,,,1969,https://kgufkst.ru/
Q3551604,,,1999,https://univ-kara.tg/
Q30265563,,,1997,
Q11656271,,,,
Q82826,,,1975,https://www.univh2c.ma/
Q56841038,,,,
Q6350383,1451,,1833,https://www.kzoo.edu/
Q7569418,,,1935,
Q3551579,,,1980,
Q684415,,,1759,
Q1505130,4500,,2009,
Q3152596,,,1987,https://ismans.cesi.fr
Q17027576,3790,,2011,
Q3291620,,,2004,https://www.auamed.org/
Q5305629,4774,,1881,https://www.drake.edu/
Q23015035,525,,1977,
Q52413,26744,,1864,https://www.ku.edu
Q33121390,,,1988,
Q3152572,,,1990,
Q1916267,,,2012,
Q7896771,,,1968,
Q141195465,,,,
Q4465237,,,1938,
Q22032279,,,2002,
Q5369878,,,1933,https://www.hokusho-u.ac.jp/
Q3633984,,,1967,
Q13861583,,,2008,https://www.palamuruuniversity.ac.in
Q6364465,,,1928,
Q1278780,18092,,1994,
Q6020647,,,2011,
Q6704331,8747,,1969,
Q5957059,,,1972,
Q5207276,,,1975,
Q1278215,,,2001,
Q1622093,3221,,1975,https://www.hs-bremerhaven.de
Q6712134,,,1962,
Q5290853,,,1900,
Q109912032,,,2004,https://www.stplpalu.ac.id
Q10829079,,,1982,https://www.unklab.ac.id
Q11374860,,,1939,https://www.koka.ac.jp/english/junior.html
Q3577916,,,1974,https://www.etsmtl.ca/
Q13059056,,,1849,
Q109913146,,,2005,https://www.stikes-khkediri.ac.id
Q4857615,,,1912,
Q3518863,,,1994,
Q5839196,,,1977,https://phsu.edu
Q137409144,,,2005,https://scmst.ac.bd
Q30257586,,,,
Q114428920,,,2021,
Q7894372,,,1913,
Q1089417,,,1887,
Q129342987,,,2022,
Q129343311,,,2022,
Q18154941,,,,
Q193510,75000,,1222,https://www.unipd.it
Q61932022,,,2011,
Q109912155,,,2019,
Q16440720,,,1978,
Q30265193,,,1978,
Q3668446,414,,2006,https://www.ukh.edu.krd/
Q6816680,3338,,1973,
Q4271095,,,1784,https://new.meduniv.lviv.ua/
Q109919365,,,1994,
Q104480754,,,,
Q19888178,,,2013,https://ur.ac.rw/
Q11507255,,,2010,
Q5002600,2984,,1965,
Q5158998,4071,,1976,
Q12523328,41406,,1981,https://www.gunadarma.ac.id
Q697299,9974,,1989,https://www.ccu.edu.tw/
Q11378094,,,1971,
Q14681686,,,1976,
Q6156541,,,1997,https://www.unimodelo.edu.mx/
Q6398209,,,1965,
Q6364494,,,1965,
Q7570538,,,1969,https://www.stust.edu.tw/
Q141137298,,,2002,https://vsit.edu.in
Q141195542,,,1999,https://www.citycollege.edu.my
Q30294828,,,,
Q12185356,,,1987,
Q6733237,,,1941,
Q6349290,,,1961,https://www.kmcwgl.com/
Q141194760,,,1970,https://www.scphpl.ac.th
Q11815233,,,2001,
Q131428201,,,,https://www.isa.ulisboa.pt/cef/
Q3467465,,,1909,
Q59536750,,,1925,
Q8054624,,,1966,https://www.yokohama-art.ac.jp/
Q5109336,,,2006,https://congoinitiative.org/
Q30265650,,,2009,https://www.unsut.ac.id/
Q140876635,,,,https://www.cesa.catholic.edu.au
Q6820757,,,2008,
Q52635489,,,,
Q7886160,,,1853,
Q30262709,,,1984,
Q109913233,,,2007,https://www.staisyaichona.ac.id
Q1303297,,,1865,
Q4828842,1414,,1916,
Q5909476,6136,,1968,https://www.hostos.cuny.edu/
Q4203331,,,1931,
Q50357830,,,1980,
Q915989,5410,,1875,
Q2496012,,,1962,https://uganc.edu.gn/
Q1278253,12130,,1882,
Q2525060,,,,
Q30293846,,,,
Q30253855,,,,
Q60786040,,,2008,
Q3595872,,,1918,https://www.dbhpscentral.org/index.html
Q1422458,,,1966,https://www.bath.ac.uk/
Q10917240,,,,
Q30264870,,,1999,https://english.hzvtc.net.cn/
Q29980350,,,,
Q7163296,,,1965,
Q5665208,15376,,1964,https://www.hacc.edu/
Q20426861,,,2006,https://unpkediri.ac.id
Q11524812,,,1965,
Q7929576,,,1957,https://www.vikramuniv.ac.in
Q261894,,,1969,https://www.jct.ac.il/
Q7150086,1237,,1970,
Q30293812,,,,
Q141195458,,,,https://kkmanjung.mypolycc.edu.my
Q4979801,,,1998,
Q7573895,708,,1928,
Q30294450,,,,
Q7646254,,,1942,
Q7142508,5549,,1971,
Q109919136,,,2008,https://www.nuruliman.or.id
Q5380357,1808,,1965,
Q30266549,,,2008,https://www.uoj.ac.ae/en/
Q109919480,,,2016,https://stikes-ghs.ac.id
Q1034369,,,1986,https://cctu.edu.gh/
Q56394000,,,2020,
Q133810662,,,2011,https://upsrj.edu.mx
Q77084436,,,2008,https://www.eusmat.net/
Q5150130,7877,,1958,
Q623795,,,1977,
Q7880765,,,1948,
Q128123063,,,2011,https://uttehuacan.edu.mx
Q28173508,,,2008,https://www.jagannathuniversity.org
Q105627938,,,2010,https://www.kesdammedan.ac.id
Q806480,,,1984,https://www.bu.ac.th/en
Q138860117,,,,https://yppddisidrap.ac.id
Q370968,,,1991,https://nbu.bg/
Q4198178,,,1931,
Q12061476,,,1970,
Q15055136,,,1975,https://www.iub.edu.pk/
Q6039120,,,2011,https://www.actuaries.org.uk/
Q30293800,,,,
Q140868523,,,1994,https://irrpp.uic.edu
Q1634522,43140,,1969,https://uqam.ca/
Q12523476,,,1978,https://untri.ac.id
Q616359,20285,,1949,https://www.aoyama.ac.jp/
Q129343195,,,2023,
Q8052583,,,1921,
Q109911898,,,2020,https://www.politeknikcendana.ac.id
Q6754392,,,1997,
Q999763,42700,,1971,https://www.pantheonsorbonne.fr
Q6165999,,,1972,https://www.jntuh.ac.in
Q4824314,6,,1968,
Q1100801,15247,,1964,
Q1131055,,,1909,
Q659255,13265,,1963,https://uwf.edu/
Q1812600,1162,,1901,https://www.brooklaw.edu/
Q2380350,91,,1983,
Q109922405,,,1983,https://www.stie-kusumanegara.ac.id
Q4466158,,,1930,
Q17059964,,,,
Q11071713,5933,,1965,
Q5303979,,,1994,
Q1629641,4554,,1856,https://wou.edu/
Q4398496,,,1929,
Q12964849,,,2001,
Q7285407,,,1885,
Q4304228,,,1996,
Q6727868,13057,,1912,https://madisoncollege.edu
Q5329352,15000,,1962,
Q7902782,3804,,1946,
Q1209733,42928,,1934,https://tu.ac.th/
Q5168854,,,2004,
Q4476765,,,1992,
Q5520850,,,1956,
Q138460626,,,1991,https://iguala.tecnm.mx
Q5575088,,,1691,
Q18590697,,,2004,
Q1187271,,,1994,https://polyu.edu.hk
Q2067315,26069,,1607,https://www.unica.it/
Q10387860,,,1981,
Q8030333,,,2007,
Q3228965,,,1846,
Q482713,,,1939,
Q1378099,,,1972,https://www.eui.eu/
Q10829182,,,,https://dainam.edu.vn/
Q30265544,,,1996,
Q5957303,,,1982,https://sari.iau.ir/
Q5922476,,,1977,
Q6433117,,,1941,
Q5643024,,,1969,https://hallmarkuniversity.edu/
Q4186453,,,1932,
Q61931995,,,2017,https://vamia.fi/en/
Q136803539,,,2012,https://nilgiricollege.ac.in/
Q3551565,,,2004,
Q1737734,10600,,1949,https://www.keele.ac.uk/
Q5120233,,,1924,
Q4809174,,,,
Q1781044,122247,,1948,
Q4478869,,,1943,
Q30294010,,,,
Q28223078,,,2011,
Q14957044,,,2005,
Q30294257,,,2001,https://www.univ-oeb.dz/
Q12523381,,,1991,https://www.umb.ac.id
Q7990705,6099,,1946,
Q30294560,,,,
Q4701848,,,2007,https://aku.edu.et/
Q6156393,,,1970,
Q10299362,,,2008,
Q3440920,,,2008,https://iitgn.ac.in
Q7081072,,,1903,
Q12432,7074,,1885,https://www.mtu.edu/
Q11605452,,,2011,https://www.junshin-u.ac.jp/
Q1248737,2801,,1952,https://www.uog.edu/
Q138859922,,,,https://www.ikon.edu.au
Q2324554,,,,
Q6452121,,,1904,
Q7420800,,,1886,https://www.sguc.ac.jp
Q5945074,,,1987,
Q50039915,,,1997,https://www.amfa.edu.au/
Q12486123,,,2021,https://uinsaid.ac.id/
Q131876904,,,2015,https://muast.ac.zw
Q12523393,,,1986,https://ummat.ac.id/id/
Q1320232,6000,,1878,https://www.udmercy.edu/
Q30263459,,,2011,
Q7018497,2053,,1998,
Q3091754,,,1975,https://bathspa.ac.uk/
Q4507421,10384,,1770,
Q138859686,,,2024,https://sis.vnu.edu.vn
Q7894375,25846,,1960,https://www.ufg.br/
Q5146800,,,1962,
Q135738561,,,1993,https://www.unb.ca/mmfc/index.html
Q6020630,,,2011,https://www.iimkashipur.ac.in
Q4741189,,,2008,https://www.aud.ac.in
Q4351496,3400,,1916,
Q16377048,,,2008,
Q4122945,,,1967,
Q3444269,2651,,1958,
Q43895989,,,1978,
Q3570204,,,1447,
Q54874651,,,,
Q3551515,,,1898,
Q7565336,,,2012,
Q7039426,,,1935,
Q30286792,,,,
Q64143674,,,1951,https://www.chf.de/
Q29178188,,,,
Q138655108,,,2019,https://kuaf.uz
Q1218488,,,1993,https://www.ual.es
Q43895667,,,,https://bhssc.org/
Q55394426,,,2015,
Q7692511,,,1990,
Q141193894,,,,https://kkkelanajaya.mypolycc.edu.my
Q129343597,,,2022,
Q6979241,,,2000,
Q25567328,,,,https://geo.edu.al/
Q1388304,,,2001,https://www.fh-campuswien.ac.at/
Q5064897,5159,,1973,
Q30282338,,,1903,
Q133812005,,,,https://www.phsg.ch/de/ueber-uns/die-phsg/nachhaltige-entwicklung
Q30290313,,,1979,
Q4740262,,,,
Q129343220,,,2023,
Q52620689,,,2016,https://www.unublitar.ac.id
Q30299268,,,1996,https://www.avm.edu.br/novo_site2/iavm.asp
Q109912877,,,2012,
Q18353399,,,1998,
Q113101323,,,2022,https://akuprakasam.ac.in
Q10829174,,,1989,
Q30291790,,,2001,
Q30293735,,,,
Q7895456,,,1938,
Q13018813,,,,https://www.rmutr.ac.th/
Q11494239,,,1983,
Q19843419,,,2014,
Q273466,148,,1926,
Q109912719,,,2006,https://www.stikessatriabhakti.ac.id
Q43896410,,,1951,https://www.eso.ac.uk/
Q5865542,,,,
Q11802875,,,1968,
Q7912058,,,1939,
Q2466285,,,1967,
Q30627109,,,2016,https://www.clujammu.in
Q3152096,,,1985,
Q100942462,,,2009,https://duc.edu.gh/
Q141195570,,,2002,https://www.i-systems.edu.my
Q28954671,,,2008,https://www.respati.ac.id
Q4201524,693,,1962,https://iaia.edu
Q50037796,,,,https://avansplus.nl/
Q6156390,,,1982,
Q30253851,,,,
Q6156610,,,,
Q17014396,,,,
Q7140556,,,2001,
Q109912841,,,2002,
Q140046035,,,,
Q30285930,,,,
Q891337,,,2003,https://www.bolgatu.edu.gh/
Q1306915,,,1971,https://www.soka.ac.jp/
Q7894382,,,2006,https://unipampa.edu.br/
Q6971594,,,2005,https://nu.edu.sd/
Q7801299,,,,
Q1379386,2568,,1992,https://www.nordakademie.de/
Q953299,,,1991,
Q4849134,6028,,1911,
Q17230596,,,,
Q125906317,,,1952,https://www.saice.in/
Q5176480,,,1970,
Q6721877,,,1971,https://www.macewan.ca/
Q16644544,,,1992,
Q30264321,,,1996,
Q11441528,,,1933,
Q132803486,,,2019,https://escuelaradical.edu.mx
Q30271872,,,1940,https://www.tacomahousing.net/
Q30257243,,,1992,
Q5873959,,,2003,
Q30259971,,,1988,
Q7163256,,,1934,
Q61931456,,,1972,https://ead.faesa.br
Q7432544,,,1971,
Q50357843,,,1964,
Q5070184,,,1964,
Q4707807,,,1948,
Q30290178,,,,
Q719925,,,1964,https://www.ub.edu.bi/
Q1130730,,,1949,
Q4504755,21500,,1993,
Q109913127,,,1948,https://www.sttintimlib.ac.id
Q61931453,,,2001,
Q7496605,,,1949,
Q7057927,6657,,2007,
Q4220217,3500,,1992,https://kmu.edu.ua/
Q26111328,,,1879,
Q29021307,,,1983,
Q30296189,,,1979,https://www.gspcc.org.cn/index.php/pages_41/
Q7766655,,,1922,
Q138860481,,,2026,https://www.lmu.de/crossculturalphilology/
Q12708604,,,,
Q21006288,,,1924,
Q5060345,4076,,1961,
Q1391272,807,,1975,
Q391150,,,1912,
Q810771,1821,,1855,
Q5403540,,,1995,
Q649882,19872,,1922,
Q6860089,,,1968,
Q6381586,5729,,1841,
Q4703811,,,1990,
Q6246901,299,,1933,
Q1150437,,,1897,https://www.victoria.ac.nz/
Q141195676,,,2009,https://kkrembau.mypolycc.edu.my
Q17512879,,,1978,https://tucsin.org
Q43895359,,,1945,
Q3246712,2118,,1860,
Q4735235,,,1948,
Q10279261,,,,
Q1523183,,,1882,
Q141194428,,,2012,https://www.doma.edu.my
Q6743005,,,1986,
Q1305521,9459,,1862,https://www.usd.edu/
Q8060963,,,1945,
Q30263534,,,1993,
Q190336,15800,,1951,https://www.muc.edu.cn/
Q18355228,,,,
Q137795892,,,2004,https://abu.ac.ir/en
Q1429906,5110,,1962,
Q10829181,,,,
Q762266,275000,,1961,https://cuny.edu
Q30295480,,,1982,https://www.asdoe.net/tafuna-high-school
Q7232186,,,,
Q61931927,,,1950,https://www.usefpakistan.org/
Q7447018,,,1951,
Q7522163,,,1885,
Q24862197,,,1996,
Q2096138,23200,,1977,
Q14932567,,,1949,
Q129344062,,,2023,
Q7895659,,,1972,
Q21244915,,,1998,
Q11419770,,,,https://www3.jeed.go.jp/kagawa/college/
Q7492948,,,2005,https://alsalam.edu.iq
Q7565803,,,,https://www.sats.edu.za/
Q511291,,,2016,
Q4816126,,,1882,https://www.atlantapublicschools.us
Q487177,,,1946,
Q22088945,,,2003,
Q118902477,,,,
Q3655709,,,1988,https://w3.braude.ac.il/
Q6103200,,,2007,
Q7277005,,,2001,
Q52850511,,,1958,
Q61744471,,,2012,https://www.ahalia.ac.in
Q4567575,,,1955,
Q9380738,,,1997,
Q138859837,,,,https://mrclmb.ac.uk/research-leaders/molecular-immunity-unit/
Q1697376,,,1997,
Q12523334,,,1987,https://www.unida-aceh.ac.id
Q39047119,,,2019,https://www.hju.ac.in
Q4248856,,,1935,
Q141193945,,,2006,https://www.facebook.com/kolejpacific.edu.my
Q5639372,,,1993,https://www.muhn.edu.cn
Q2128658,,,,
Q94673966,,,2015,https://www.reading.edu.my/
Q12132951,,,1921,https://www.dpu.edu.ua
Q109912753,,,2020,
Q3578086,,,1963,
Q30265310,,,1958,
Q90276468,,,1937,
Q6979226,,,1962,
Q2424299,,,1978,
Q7692503,,,2007,
Q991872,8500,,1774,https://uni-eszterhazy.hu/
Q5585003,3495,,1852,
Q12677532,,,2000,https://www.viko.lt/
Q7569319,9328,,,
Q6388894,,,1934,
Q16047236,,,,https://mehralborz.ac.ir/
Q138460563,,,2024,https://research.digitalhealth.pe
Q20613237,,,2014,
Q7634547,22570,,1959,
Q909696,518,,1812,
Q125450750,,,2017,https://www.shu.edu.pk
Q24306461,,,1995,
Q8039083,,,1953,
Q11608747,,,1915,
Q7494881,3741,,1948,
Q30265037,,,1973,
Q39049926,,,1981,
Q7894285,,,1996,
Q5370925,,,,
Q6762585,,,1920,https://www2.maricopa.edu/
Q6970484,,,,
Q4119316,1671,,1822,https://www.hws.edu/
Q240784,,,1976,https://www.yu.edu.jo/
Q7058805,3374,,1901,
Q4059259,,,1899,
Q133811924,,,2011,https://www.ens-lagh.dz
Q11516436,,,1963,https://www.ariake-nct.ac.jp/
Q30293953,,,,
Q9091601,,,1984,
Q7633375,,,2004,https://www.sudren.edu.sd/
Q5974869,,,2011,https://www.itmuniversity.ac.in
Q2511081,,,,https://www.mboraad.nl
Q14707079,337,,1911,
Q5024513,245,,1876,
Q140045830,,,,https://naprapathogskolan.se
Q18125231,,,2013,
Q1695578,2771,,1934,https://salve.edu/
Q7896286,,,1995,https://ust.edu.sd/
Q135738658,,,2011,https://fomicgroup.cm
Q97041704,,,2018,https://www.kp.dk
Q11141318,,,1902,
Q140908401,,,1999,https://yapnasjp.ac.id
Q7227029,,,1982,https://www.ipcb.pt
Q4336188,,,1930,
Q129571872,,,2009,https://utdeoriental.edu.mx
Q11899153,,,1924,
Q4973675,,,1959,
Q1805145,4885,,1906,
Q3551466,2831,,1891,https://www.northpark.edu/
Q553064,,,1984,
Q5953378,,,1967,
Q130314565,,,1996,https://ump.edu.mx
Q126208879,,,,https://unifacc.com.br/faculdade-catolica-de-varzea-grande/
Q5250023,,,1957,https://www.ddugu.ac.in
Q8047644,,,1968,https://www.y-gakugei.ac.jp/
Q5926073,,,1997,
Q30257971,,,1947,https://www.cccd.edu/Pages/home.aspx
Q141195196,,,,https://kkjerai.mypolycc.edu.my
Q14687535,4485,,1991,
Q30293880,,,,
Q7894275,,,1982,
Q116455355,,,1989,https://annaicollege.edu.in
Q6039029,,,1986,https://www.utb.edu.bn/
Q30294358,,,1991,
Q15982755,,,1975,https://clepul.letras.ulisboa.pt/home.php
Q12061441,,,2017,https://www.mitwpu.edu.in
Q7271572,,,,https://qerc.snu.edu
Q7401663,,,1964,
Q2983622,,,1908,
Q2564313,19022,,1938,
Q16093197,,,1994,
Q30257486,,,1990,
Q129343183,,,2024,
Q7415442,,,2009,
Q43895724,,,1984,
Q7813624,,,1909,
Q985808,,,1934,
Q16902371,,,2010,
Q1961570,,,1921,
Q7566644,2339,,1896,
Q4832590,,,2010,https://azimpremjiuniversity.edu.in
Q9380745,,,2001,
Q1247342,,,2004,https://www.mruni.eu/
Q4901212,,,1964,https://www.bvuniversity.edu.in/
Q30294340,,,,
Q13018778,,,,
Q3064281,,,1974,
Q3443893,18000,,1871,
Q130882731,,,2018,https://www.aiu.edu.kz
Q136696860,,,2016,https://www.sfms.edu.sg
Q1755561,,,2001,
Q43896691,,,2009,
Q85093649,,,2009,
Q6809087,,,2001,
Q7927115,,,2003,
Q1331280,4307,,1954,https://www.usafa.af.mil/
Q1047780,,,1980,https://www.nedo.go.jp/
Q7808684,,,1969,
Q5142094,,,1885,
Q12523373,,,1994,
Q137911079,,,2018,https://phsu.edu/about/locations-and-visits/st-louis.php
Q30263774,,,1999,
Q16976541,,,2010,https://monad.edu.in
Q7285978,,,1970,
Q7488458,,,1952,
Q136663702,,,1994,https://www.kism.ac.ke
Q7182919,799,,1877,
Q530424,2735,,1859,
Q812573,21334,,1845,https://www.baylor.edu/
Q1325937,,,1962,https://www.uan.ao/
Q476521,,,1960,https://www.kmutt.ac.th/
Q3366382,,,1847,https://www.iitr.ac.in
Q12060475,,,1940,
Q7894359,,,1974,
Q3551393,,,1990,
Q100942461,,,,
Q940234,,,2005,
Q28979049,,,1821,https://www.hw.ac.uk/malaysia/
Q48798645,,,2011,
Q141194971,,,1996,https://www.ati.edu.my
Q11494249,,,1978,
Q129343814,,,2021,
Q25531811,,,,https://www.bstu.uz/
Q7690168,2110,,1846,https://www.taylor.edu/
Q8047101,3954,,1928,
Q25110403,,,2007,https://villacollege.edu.mv
Q7894276,,,2010,
Q30265179,,,1976,
Q17152129,,,1997,
Q1146766,,,1922,
Q482658,,,1981,
Q5103051,27054,,1975,https://www.uniport.edu.ng/
Q7294576,7080,,1965,
Q7569110,,,1952,https://www.southampton-city.ac.uk
Q21574121,,,1977,
Q135739061,,,2016,https://www.clinicalsexologyphd.org
Q16170648,,,2012,
Q61931599,,,1964,https://www.kent.edu/geauga
Q6040322,,,1924,
Q7031784,,,1996,https://apwb.pl/
Q4320486,,,1913,
Q4823243,181,,1902,
Q10302765,,,1997,
Q3551573,,,2004,https://www.uob-edu.net/
Q109919729,,,2000,https://www.stmik.ac.id
Q54871163,,,,
Q3551814,,,1954,
Q109919785,,,2021,
Q20573214,,,1969,
Q30266462,,,1998,
Q4533671,11250,,1964,
Q140351817,,,2007,https://imsedueg.com
Q5101057,,,2001,
Q1026939,32214,,1958,https://www.csun.edu/
Q24935739,,,1964,
Q6156471,,,1989,
Q30294761,,,,
Q10739157,7162,,1971,https://www.ncue.edu.tw/
Q5588978,,,1997,
Q7842888,,,1944,
Q2453575,160,,1975,https://www.tas.edu
Q7813298,,,2001,
Q97572810,,,2018,https://www.stialanbandung.ac.id
Q30270821,,,,
Q30294674,,,1981,
Q2352359,,,1993,
Q12268488,,,1973,https://www.ueu.eus/
Q2239217,9000,,1948,
Q1381179,,,1904,https://www.esv.de/
Q4874042,438,,1981,https://www.bmcc.edu/
Q96463317,,,1997,
Q8060105,5175,,1927,
Q140868358,,,,https://devdahamedicalcollege.edu.np
Q11791694,,,2006,
Q10387854,,,,
Q7571324,8285,,1963,https://www.smsu.edu/
Q7410732,,,2011,
Q1052208,1686,,1889,
Q7665656,,,1909,
Q30257286,,,,
Q1952033,188,,1805,
Q30257502,,,2001,
Q4707175,,,1945,
Q7895070,,,1991,
Q7661132,,,2002,
Q59535582,,,1986,
Q109911540,,,2014,
Q13018788,,,,
Q30263901,,,1923,
Q2104082,,,1998,https://www.saxion.nl/
Q141195070,,,1989,https://www.up.edu.mx/campus-aguascalientes/
Q6492422,8005,,1963,
Q30264083,,,1955,https://www.idec.or.kr/
Q5560112,,,1967,
Q9380733,,,1995,
Q109258894,,,,
Q18358344,,,1963,
Q7896692,,,1994,https://www.uraccan.edu.ni
Q1809286,1500,,1847,https://www.lawrence.edu/
Q25059155,,,1974,
Q7708635,,,1994,
Q5148911,,,2008,
Q30293993,,,,https://bellasartesmed.edu.co/
Q7500080,,,1955,
Q6840595,,,1981,
Q834819,19200,,1982,https://www.univ-reunion.fr/
Q284508,1671,,1898,
Q4986806,,,2006,
Q6818062,10645,,1962,
Q19744754,,,1983,https://abulyatama.ac.id
Q7570171,2208,,1899,https://www.snu.edu/
Q52162273,,,2018,
Q137204391,,,2003,https://institutuldefilosofie.ro
Q4407701,,,1930,
Q5688277,,,2008,
Q19752732,,,1976,https://www.stimykpn.ac.id
Q11684712,,,1992,
Q7895649,,,1999,https://www.unilus.ac.zm/
Q1107189,,,1972,
Q15440303,,,1987,
Q12623236,,,1998,https://www.tukorea.ac.kr/
Q447953,22601,,1972,
Q4917489,,,1950,
Q7894951,22029,,,
Q141195508,,,1983,https://www.uow.edu.my
Q4824332,,,2016,
Q3578265,,,1971,
Q7896335,,,1975,
Q4551377,,,1888,https://www.kentlaw.iit.edu/
Q19749142,,,1966,https://www.univpancasila.ac.id
Q7023609,3858,,1962,https://sunyniagara.edu
Q30272253,,,2004,
Q11426726,971,,1911,
Q6345764,15135,,2004,
Q4652250,,,1992,
Q30287945,,,,
Q141194236,,,2007,https://ace.edu.sg
Q178972,65638,,1924,
Q5148817,,,1989,https://edu.ch.university
Q138662672,,,2019,https://sssuhe.ac.in/
Q7669715,,,1974,
Q109919491,,,2016,https://www.stifsyentra.ac.id
Q3578243,,,1946,https://www.ast.krakow.pl/
Q140290346,,,2024,https://newanglia.com
Q3087723,,,2005,https://www.bue.edu.eg/
Q11370417,,,1901,
Q56841223,,,,
Q483656,,,1946,https://chi.wku.ac.kr/
Q2321391,,,1850,https://www.stmarys.ac.uk/
Q3128590,,,2003,https://www.manufacture.ch
Q6146214,3430,,1950,
Q32166318,,,2005,https://www.xhsysu.edu.cn/
Q13021138,,,,
Q2092640,5232,,2010,https://lsmu.lt/
Q6449111,,,1939,
Q5413131,,,1997,https://ewspa.edu.pl/
Q5287843,1459,,1935,https://dc3.edu/
Q1310548,,,1924,https://rsaa.anu.edu.au/observatories/mount-stromlo-observatory
Q7269117,,,1958,
Q940289,10203,,1965,https://www.usi.edu
Q140045657,,,2020,https://www.sustainablesoils.ca
Q15953222,,,1904,
Q5369985,,,1879,https://www.kwassui.ac.jp/university/
Q10996096,,,2006,
Q4201489,,,,
Q17109112,,,2006,
Q49089,2384,,1886,https://www.umes.edu/
Q131748084,,,2010,https://aituedu.org/
Q3577853,1026,,1878,https://uclawsf.edu/
Q6905338,7154,,1947,
Q131701781,,,,
Q612665,,,1969,https://www.vub.be/
Q52854574,,,,
Q1484386,,,,https://www.g2w.eu/
Q15233264,,,2009,https://www.kiut.ac.tz
Q109912888,,,2017,https://Iteba.ac.id
Q7902729,20887,,1975,https://www.udusok.edu.ng/
Q30263909,,,1964,
Q4262483,,,1956,
Q4916871,1129,,1856,
Q7569646,,,1895,
Q2303432,27284,,1608,https://www.uniovi.es/
Q4841260,,,1983,https://www.bau.ac.kr/
Q12513044,,,2007,https://www.radenwijaya.ac.id
Q133812262,,,1988,https://www.editorial.unican.es
Q16975104,1054,,1957,https://www.ohio.edu/eastern
Q26761677,,,,
Q1547084,,,1961,https://www.utwente.nl
Q5243247,,,1963,
Q30260813,,,1367,
Q14715374,1575,,1994,
Q61931494,,,,
Q790029,11270,,1884,https://www.bangor.ac.uk/
Q7902330,,,2001,
Q892188,5500,,1987,
Q7660353,,,2010,
Q30263739,,,1966,
Q6450969,,,1996,https://university.kse.ua/
Q129343350,,,2008,
Q19462759,,,2012,
Q100946167,,,,https://www.ori.ub.bw/connect/get-in-touch
Q633782,3000,,2006,https://www.unipu.hr/
Q890759,,,2008,https://www.qatar.northwestern.edu/
Q4005892,,,2006,https://www.uniecampus.it/
Q30267069,,,1958,
Q7894395,,,1870,
Q136663776,,,,https://www.dee.isep.ipp.pt/index.php?page=LabI308
Q5171960,,,,
Q2666843,,,1984,
Q12601446,,,2002,https://www.seojeong.ac.kr/
Q7060428,3360,,1993,
Q5770737,192,,1965,https://www.hirosakiuhw.jp
Q4741757,33929,,1981,
Q500131,13106,,1909,https://www.astate.edu/
Q109912130,,,2007,https://www.nusaputra.ac.id
Q10829041,,,,https://www.utc.edu.vn/
Q5956693,,,1893,
Q2495772,24529,,1964,
Q5628071,,,1921,
Q3551418,,,1989,
Q6040796,,,1964,
Q5999741,,,,https://www.isbe.net/
Q4533707,,,2001,https://www.ugrasu.ru/
Q4223086,10000,,1992,
Q109912157,,,2013,
Q6506488,3122,,1946,
Q1343386,56753,,1994,
Q1881867,1078,,2009,
Q6978813,4221,,1899,
Q5146760,4509,,1926,
Q5202403,12345,,1876,
Q141194173,,,1996,https://www.axismatics.edu.my
Q109913366,,,2009,
Q11568283,,,1948,
Q270145,32399,,1551,https://www.unmsm.edu.pe
Q3152654,,,2004,
Q7054764,,,1924,
Q623817,850,,2000,https://nuch.ac.kr
Q12204540,,,2018,
Q16846445,50000,,1879,
Q465922,20000,,1904,https://pg.edu.pl/
Q6275177,4535,,1911,
Q28939499,,,,
Q30889474,,,,https://www.liceodini.it/
Q90883742,,,2007,
Q138460677,,,1989,https://canchild.ca
Q3577907,,,1951,https://www.psycho-prat.fr/
Q4695192,,,2001,
Q935460,22266,,1997,https://www.uvic-ucc.cat
Q29182797,,,,
Q3567377,,,1987,
Q6050910,,,2005,
Q7896059,,,1935,
Q16890332,,,2007,
Q2088268,62,,1971,
Q4763326,,,2004,https://www.angkor.edu.kh/
Q5029090,,,1966,https://www.ctu.edu.vn
Q10279304,,,,
Q141195173,,,1997,https://ktcgroup.edu.my
Q52853513,,,1992,
Q701554,2700,,1995,
Q1654386,,,1995,https://www.undh.edu.ht/
Q135738467,,,1969,https://www.dnpgcollege.edu.in
Q15142,31350,,1863,https://www.umass.edu/
Q104873125,,,,https://asmcbasti.edu.in
Q30256495,,,,
Q124251962,,,,https://www.cuniv-naama.dz
Q30293656,,,,
Q4712073,,,1997,https://www.uahurtado.cl/
Q7227384,1690,,1887,https://www.pomona.edu
Q1370318,,,1914,
Q13430595,,,2013,https://www.ap.be/
Q11222484,,,2010,https://www.uloyola.es/
Q3918307,,,2008,
Q93966900,,,1999,
Q43896524,,,1986,
Q30266637,,,1918,
Q1622074,4761,,1991,https://www.hs-anhalt.de
Q4792279,160,,1939,
Q4296923,599,,1938,
Q4331412,,,1944,
Q30294110,,,,https://www.umet.edu.ec/
Q12446581,,,1993,
Q128123138,,,,https://www.ipluso.pt
Q16520284,,,2003,
Q141193890,,,2012,https://kolejfelcra.edu.my
Q50035910,,,1994,
Q30296031,,,2012,
Q6156467,,,,
Q52856479,,,1956,
Q2302336,10106,,1893,https://www.umt.edu/
Q12523435,,,1993,https://yai.ac.id
Q133812083,,,,https://www.phsg.ch/de/institute/institut-bewegung-sport-und-gesundheit
Q18360632,,,1828,
Q1109135,420,,1950,https://www.coleurope.eu/
Q4424939,,,1974,https://sgsha.ru/
Q18167396,,,1991,https://www.wananga.ac.nz/
Q114960,5829,,1961,
Q6364487,,,1997,https://www.kusw.ac.jp/
Q952960,11000,,1933,https://polytech.am
Q1380205,1655,,1972,https://www.eh-berlin.de
Q30263386,,,1997,
Q50035328,,,1986,
Q7896114,,,1972,
Q133811685,,,2022,https://atlasuniversity.edu.in
Q7988102,3673,,1919,https://wne.edu
Q17347055,,,1996,https://www.heh.be
Q28410028,,,1977,
Q39048530,,,2016,https://www.ctuniversity.in
Q4928377,8427,,1839,https://www.commonwealthu.edu/campus-life/bloomsburg
Q4412486,,,,
Q3509297,23525,,1988,https://www.uniabuja.edu.ng/
Q139771427,,,2002,https://isetzg.rnu.tn
Q5167791,,,2012,
Q6070523,,,1892,https://www.irishbaptistcollege.co.uk/
Q7800195,,,1958,
Q550376,80000,,1957,
Q4760155,,,1953,
Q138794764,,,2025,https://sharqedu.uz/
Q18484152,,,1952,
Q10265183,,,,
Q24187334,,,2001,
Q11177091,,,1905,
Q33121303,,,,https://www.hesge.ch/geneve/
Q6360268,,,1975,https://www.kait.jp/
Q141194843,,,1997,
Q751289,9605,,1931,https://www.ut.edu/
Q1205322,,,1944,https://ueh.edu.ht/
Q104480990,,,,
Q1439627,,,,
Q12523392,,,2001,https://www.ummu.ac.id
Q7011390,221,,1994,
Q6526323,,,,
Q131875836,,,,https://www.juhs.ac.jp
Q12523394,,,1987,https://umpr.ac.id/
Q30263402,,,1989,
Q5951836,,,,
Q6852059,,,1998,
Q107519671,,,,https://www.unicomfacauca.edu.co/
Q4861904,,,,
Q10279466,,,,https://portal.fei.edu.br/
Q135739137,,,2006,https://kist.ac.tz
Q31757805,,,,
Q135738867,,,2019,https://www.unb.ca/ocrc/
Q1204714,4353,,1887,https://pratt.edu
Q30293866,,,,
Q12602960,,,1951,
Q1009991,,,1958,
Q18111707,,,1996,https://www.deshbhagatuniversity.in
Q97309124,,,2013,
Q12701152,,,,
Q131428193,,,,https://www.isa.ulisboa.pt/en/leaf
Q110109160,,,2018,
Q140871448,,,1950,https://www.lasallecentrouniversitario.es
Q5978689,941,,1941,https://mainemaritime.edu/
Q2473859,,,1997,
Q5621541,2230,,1862,
Q13428213,78,,1981,
Q18484209,,,,https://www.unilins.edu.br/
Q129343518,,,2021,
Q7681357,,,2008,https://www.tnteu.ac.in
Q7278766,,,1962,
Q20901389,,,1992,
Q30287467,,,,
Q23005047,,,2013,https://www.csuc.cat/ca
Q1790193,5400,,1966,
Q482661,,,1993,
Q4453264,,,1922,
Q7010288,941,,1958,
Q19544834,,,,
Q10387874,,,1967,
Q4875157,1927,,2011,
Q585828,9814,,1856,
Q60748108,,,2017,https://vitap.ac.in/
Q31198737,,,,https://rvs.hr/hr/naslovna/
Q1540876,,,1918,
Q7567162,,,1995,
Q7058241,,,1967,https://www.northerncollege.ca/
Q6156549,,,1989,https://www.jcmu.net/
Q3578450,,,1924,
Q141195485,,,2001,https://kolejperdana.edu.my
Q15222431,,,1990,
Q15943892,,,,
Q5060508,5154,,1961,
Q5154688,7835,,1983,
Q288006,,,1972,https://www.teluq.ca/
Q691686,1141,,2007,https://www.graduateinstitute.ch/
Q140908050,,,1986,https://iaidukandangan.ac.id
Q109912242,,,2014,https://www.stikesmitrakeluarga.ac.id
Q6202895,,,1958,
Q30294034,,,,
Q5507701,,,1966,
Q15040999,,,2011,
Q5951130,,,1982,
Q3707494,,,1918,
Q4058263,7258,,1923,https://admiu.edu.az
Q1026926,40069,,1949,https://www.csulb.edu/
Q1638442,,,2007,
Q10924802,,,2005,
Q30263860,,,2002,
Q3632682,,,1854,
Q95986902,,,1999,https://ieu.edu.ua/
Q194223,367762,,1821,https://uba.ar
Q1658675,7289,,2002,
Q141194254,,,2007,https://nkl.edu.my
Q43895620,,,1985,
Q2407664,39994,,1996,
Q1552981,10000,,1930,
Q337382,3574,,1838,
Q109919645,,,2014,
Q135739387,,,,https://landing.utsaltillo.edu.mx
Q30294734,,,,
Q1477607,,,1964,
Q29126834,,,1977,
Q5471998,1617,,1919,
Q7707479,,,2009,https://tamusa.edu
Q7894390,,,1988,
Q5962578,,,1965,https://nus.ac.ir/
Q129343399,,,2023,
Q390087,4121,,1915,https://www.xula.edu/
Q109911108,,,1984,https://unikarta.ac.id
Q28517220,,,,
Q1276963,9313,,1963,
Q130219349,,,2022,https://esas-eloued.dz/
Q7446754,,,1941,
Q30264934,,,2001,https://www.nbufe.edu.cn/
Q15995346,,,1982,https://nast.gov.np/
Q5961585,,,,
Q7896271,,,2012,
Q28031133,,,1939,https://www.jc-humanitec.ac.jp
Q836150,,,1965,
Q6156567,,,1971,
Q5917841,,,1968,https://culiacan.tecnm.mx/
Q1975956,1353,,1945,
Q30263833,,,1990,
Q30294056,,,,
Q7894393,,,2005,
Q42955474,,,2017,
Q9380781,,,1997,
Q4840688,,,2002,https://www.baddiuniv.ac.in
Q54958451,351,,2015,https://www.cusm.org
Q1027478,,,1964,https://www.dlufl.edu.cn
Q5123487,2052,,1973,https://www.cityu.edu/
Q30282381,,,,
Q141195274,,,,https://www.facebook.com/tvetmara.kualalumpur
Q2090107,,,2006,https://www.unicornuniversity.net/
Q109911790,,,2008,https://stikes-pertamedika.ac.id
Q3578259,,,1993,https://www.montpellier.archi.fr/
Q6020617,,,1997,
Q845072,,,1929,https://www.musashino-music.ac.jp/
Q6431679,,,1954,https://www.kornu.ac.kr
Q8563673,,,1903,
Q124634952,,,,https://main.icmr.nic.in/institutes/icmr-nireh-bhopal
Q3577767,,,1919,
Q30293738,,,,
Q138460642,,,,https://groupe-espi.fr/campus/espi-bordeaux/
Q60764292,,,1948,
Q19744780,,,,
Q52856424,,,1969,
Q18548139,,,,https://scdasuceava.ro
Q5766201,11181,,1917,
Q135095397,,,2008,https://ilu.edu.mm
Q5391928,,,1959,
Q7122592,573,,2008,https://www.pnwu.edu/
Q12366102,,,1919,https://www.kvak.ee/
Q50040296,,,,https://www.nive.hu/
Q1092544,,,1970,https://www.numl.edu.pk/
Q4683288,,,1952,
Q5061957,,,1949,https://www.cufe.edu.cn/
Q5135655,1589,,1965,https://www.cloud.edu/
Q130314517,,,2002,https://perote.tecnm.mx
Q477625,,,1997,
Q7137314,4421,,1924,
Q7792542,,,1978,
Q522109,27388,,1945,
Q6943648,,,1981,
Q812156,,,,
Q51784721,,,1991,
Q6814187,,,1981,
Q5063141,,,1967,
Q119702803,,,,https://mkur.ac.rw/
Q4863291,,,1969,
Q140877064,,,1973,https://jssuni.edu.in/jssaher/college-of-pharmacy-mysuru/cpm-home.html
Q11447500,,,1939,
Q109911954,,,1984,https://stie.ypup.ac.id
Q7895292,,,1997,
Q29025923,,,2017,https://www.sxuk.edu.in
Q30292598,,,,
Q3578510,1100,,1985,https://www.estia.fr/
Q20432790,,,,
Q7488566,,,2000,https://www.sqnu.edu.cn/
Q8060342,,,1901,https://www.yuge.ac.jp/
Q2393647,16637,,1923,
Q2724353,,,2001,
Q1711558,,,1992,https://www.plymouth.ac.uk
Q8069744,,,1999,
Q7335253,,,2008,
Q5925930,,,1984,
Q5461515,928,,1879,https://www.fmuniv.edu/
Q8048626,,,1924,
Q109919353,,,2010,https://www.stit.maskumambang.ac.id
Q109919130,,,1989,https://www.stitsunangiribima.ac.id
Q135095237,,,2000,https://www.manipaldubai.com
Q138655168,,,2005,https://www.aai.edu.eg
Q2103656,,,1972,
Q109563773,,,1997,https://iain-bone.ac.id
Q7524660,,,1977,
Q863813,18124,,1946,https://www.binghamton.edu/
Q30293842,,,,
Q11453744,,,1963,
Q4130492,10966,,1914,
Q97320401,,,,https://www.istun.edu.tr
Q7885746,,,,
Q14689828,1727,,1936,
Q1472663,18698,,1969,
Q63862261,,,,
Q1062121,16980,,1968,https://www.usp.ac.fj/
Q7894336,,,1996,https://www.unicaribe.edu.do
Q3551467,,,2007,https://www.uts.bf/
Q52856473,,,1961,
Q5941934,,,1914,
Q7962771,,,1947,
Q19752728,,,2000,https://stietotalwin.ac.id
Q6529933,,,1954,https://www.lesroches.edu/
Q3551575,,,,
Q17039082,,,,https://www.sdmpu.edu.cn/
Q620973,43722,,2012,https://www.uopeople.edu/
Q30294695,,,,
Q6041507,,,,
Q7425869,6000,,1997,https://www.samk.fi/
Q5428846,,,1971,
Q125134709,,,2021,https://lusa.ac.bd/
Q175241,,,2003,https://www.uantwerpen.be/
Q109913289,,,2004,https://www.poltekkes-bsi.ac.id
Q30294447,,,,
Q109912970,,,2014,https://www.staklb.ac.id
Q137943694,,,2007,
Q1065414,,,1880,https://vu.nl
Q2156526,,,,
Q4947596,,,,
Q6761106,864,,1958,
Q141193739,,,1987,https://sptwnt.edu.vn
Q6914146,2486,,1908,https://www.morrisville.edu/
Q842909,7956,,1891,https://rice.edu
Q22079930,,,2015,
Q140045687,,,2005,https://idm.uct.ac.za
Q5437851,,,1998,
Q141195874,,,,https://www.maxwell.edu.my
Q12523345,,,1991,https://uninus.ac.id
Q19875507,,,1990,https://www.ais.ac.nz/
Q3967519,,,2007,
Q174570,9218,,1895,https://lse.ac.uk
Q141195784,,,1994,https://raffles.edu.my
Q7896071,18064,,1963,https://www.unpatti.ac.id
Q140351950,,,2016,https://acewm-aau.org
Q609586,,,1959,
Q6676414,,,1968,
Q9395542,,,2002,
Q3013290,,,1991,
Q109911595,,,2018,https://stiksam.ac.id
Q30294460,,,2002,https://www.unisfat.ac.id
Q109911776,,,2019,https://www.bku.ac.id
Q54512253,,,2011,
Q1163548,4263,,1989,https://www.bth.se/
Q60752060,,,2016,
Q3916886,9,,1984,https://www.hsleiden.nl/
Q4122974,,,1980,
Q30286262,,,,
Q64153182,,,,https://www.monash.edu/prato
Q714891,10829,,1915,https://www.ncu.edu.tw/tw/index.html
Q109911633,,,1990,https://staisebelasapril.ac.id
Q129343122,,,2023,
Q101002239,,,,
Q7491567,,,1986,
Q4508686,,,1930,https://юургау.рф/
Q7895663,,,1990,https://www.umt.edu.pk/
Q139784130,,,2005,https://iimspune.edu.in
Q1069423,,,1949,https://www.kit.ac.jp/
Q1388776,,,1965,
Q125450758,,,,https://rios.tecnm.mx/rios/
Q109911808,,,2014,https://sttmsl.ac.id/
Q10905504,,,1984,https://www.ncist.edu.cn/
Q4231241,,,1882,
Q25230957,,,2014,
Q127272707,,,2020,https://uzmmsi.uz/
Q4496337,7000,,1930,
Q6156483,,,1990,
Q1817137,46634,,1976,
Q108737526,,,2005,https://milano-sfu.it/
Q137943877,,,2016,https://stai-imsya.ac.id
Q1736348,1347,,1991,https://www.khsb-berlin.de/
Q7304941,6029,,1969,https://www.rrcc.edu/
Q52856490,,,1964,
Q30260310,,,1956,
Q7423716,,,1959,
Q10302946,,,1963,https://ital.agricultura.sp.gov.br
Q5154697,,,1963,
Q30266742,,,2000,
Q12486125,,,2024,
Q10594825,,,1921,https://cdu.edu.ua/
Q282097,2771,,1974,https://www.ohsu.edu
Q6944545,,,2017,
Q135983374,,,1995,https://kcp.edu.in
Q30291393,,,1995,
Q6343885,,,2002,
Q11652717,,,1900,
Q4151520,3312,,1999,
Q30257742,,,,
Q6776040,,,2005,https://www.mlcuniv.in
Q7365412,,,1990,
Q12159102,,,,
Q12486124,,,1965,https://www.uinsby.ac.id
Q109922851,,,,
Q122763852,,,2007,https://nileuniversity.edu.sd
Q4884154,2296,,2004,https://www.bellsuniversity.edu.ng
Q29122821,,,,
Q135398277,,,2016,https://machonsiach.org
Q488620,,,1986,
Q30266507,,,2008,
Q131294865,,,2011,
Q109913081,,,2017,
Q30263479,,,1997,
Q619600,,,1922,
Q623581,,,1911,
Q11656359,,,2006,
Q30297163,,,2012,
Q4801770,,,2001,
Q4693944,,,1902,
Q6978817,,,1915,
Q1795504,9000,,1872,https://www.em-lyon.com/
Q136663816,,,,
Q19744761,,,1981,https://www.bunghatta.ac.id
Q109912842,,,2019,https://asia.ac.id
Q45694,,,1932,
Q109913560,,,2004,https://www.uui.ac.id
Q10947328,,,,
Q6070629,,,1984,
Q6164604,,,2006,
Q141194309,,,1991,https://www.unitar.my
Q961303,1800,,1983,
Q11088934,4907,,1988,https://www.cgust.edu.tw/
Q1412551,34758,,1975,
Q30287789,,,,
Q18747491,4000,,1953,
Q4525141,,,1950,
Q20643294,,,1974,https://uadeo.mx
Q4801547,3000,,1992,
Q141194516,,,2017,https://ute.udn.vn
Q30266555,,,2011,
Q3551869,,,1966,
Q693769,,,2007,
Q7233637,,,1962,
Q61932021,,,2004,
Q30294401,,,,
Q7426888,,,1956,https://www.uksw.edu
Q55454321,,,2014,
Q7802165,,,1960,https://www.tmbuniv.ac.in
Q6840626,165,,1948,
Q6778564,,,,
Q6779823,,,1898,
Q5758173,,,1983,https://www.hiast.edu.sy/
Q15895846,,,1953,
Q7122279,,,1984,
Q11511725,838,,1962,
Q6041558,,,,https://www.itsx.edu.mx
Q5428824,,,2000,https://www.uninovafapi.edu.br/
Q4819251,8930,,1961,https://www.auburnschools.org/
Q109911610,,,2004,https://staialmusdariyah.ac.id
Q109913167,,,,
Q61931774,,,2012,https://arkon.tj/
Q7695526,6000,,1957,https://www.telhai.ac.il/
Q6461963,,,1937,https://www.lcup.edu.ph/
Q7185940,170,,1906,
Q4710828,,,1968,
Q18415683,,,2013,https://tks.edu.vn/
Q6974654,464142,,1983,https://nou.edu.ng/
Q134550052,,,,https://baustkhulna.ac.bd
Q24590309,,,1983,https://hukpoly.edu.ng/
Q6974175,,,1971,
Q2164222,3104,,1885,
Q30294736,,,,
Q4917504,,,2008,https://www.bishopburton.ac.uk/
Q30258423,,,1981,
Q52853061,,,2002,
Q6933577,,,1939,
Q124670480,,,1948,https://www.bam.eus
Q30644276,,,2013,
Q1678733,37000,,1904,https://www.ufs.ac.za/
Q5046435,,,1967,https://carrington.edu/
Q11007435,,,1953,
Q20452228,,,,
Q2904557,978,,1846,
Q30267028,,,2015,https://www.glsuniversity.ac.in
Q112684478,,,1991,https://frenchvillage.edu.ng/
Q52853484,,,2011,
Q140907462,,,2025,https://www.phaethon.ucy.ac.cy
Q6500038,,,1932,
Q1126189,,,1899,https://lshtm.ac.uk/
Q573954,17000,,1972,https://www.ul.ie/
Q109919506,,,1996,https://www.sttmutu-muhammadiyah.ac.id
Q30286824,,,,
Q61781089,,,2016,https://www.zois-berlin.de/
Q4791394,,,1995,
Q30263383,,,1999,
Q5425546,,,2005,
Q159630,9873,,1836,https://www.tu-chemnitz.de/
Q4671403,,,,
Q138860190,,,2003,https://www.iconcollege.ac.uk
Q197543,39000,,1897,https://www.zju.edu.cn
Q1938003,,,1776,https://pbk.org
Q16480503,,,,
Q4570194,5926,,1902,https://www.franklin.edu/
Q30253712,,,,
Q7934204,,,,
Q1466666,20854,,1896,
Q61932830,,,1996,https://hjertesenter.no/
Q3530803,,,1971,https://www.cusat.ac.in
Q10828807,,,,
Q10387824,,,2013,
Q3578182,,,1904,
Q52842948,,,1981,https://pvi.rosguard.gov.ru/
Q13018768,,,1990,
Q2665063,,,2003,
Q3551492,,,1990,
Q14714528,916,,1968,
Q1140775,1528,,1908,
Q30257457,,,,
Q5264458,,,1967,https://www.designskolenkolding.dk/
Q7163262,,,1903,
Q133811639,,,,https://osteopathy-kyrgyzstan.com
Q6447968,,,1964,
Q19730997,,,,https://www.poltekkestasikmalaya.ac.id
Q21619085,,,1965,
Q11502812,,,1994,
Q141194822,,,,https://mdis.edu.my
Q1420390,,,,https://www.ikgs.de/
Q2594811,,,1878,
Q130314577,,,2022,https://usat.uz
Q30294118,,,,
Q1132066,,,1802,
Q1438597,3469,,1911,https://www.fortlewis.edu/
Q56394051,,,2016,
Q1425119,,,1922,
Q17078135,,,2010,
Q8039394,,,1959,
Q6020923,,,2008,https://www.imu.edu.in
Q14957006,,,1937,
Q30287432,,,,
Q296709,,,1948,https://www.upg-ploiesti.ro/
Q109913757,,,2013,https://www.sttrealbatam.ac.id
Q11458470,,,1965,
Q138052977,,,2022,https://www.babaahmeduniversity.edu.ng/index.html
Q10302676,,,1990,
Q10906861,,,2010,https://www.forestpolice.net/
Q877188,34,,1966,https://www.dffb.de/
Q7894235,,,1923,https://www.uaaan.edu.mx/
Q109912605,,,1999,https://www.stmik-dci.ac.id
Q1869028,28525,,2002,
Q25531159,,,,
Q141195171,,,2001,
Q16256657,,,1992,
Q6079807,,,1977,https://iut.ac.ir
Q851648,7273,,1944,
Q1334582,27678,,1817,https://www.uliege.be/
Q2983692,,,1968,https://cegepshawinigan.ca
Q20971346,,,1999,
Q17071424,,,1984,
Q491711,,,1940,
Q114756355,,,2019,https://www.gau.edu.iq/index.html
Q136352099,,,1971,
Q7404080,,,1958,
Q5474772,,,2007,
Q138610301,,,2002,
Q10302502,,,2008,https://www.ifsertao-pe.edu.br/
Q4884322,1467,,1876,https://belmontabbeycollege.edu/
Q3334689,,,1994,https://www.wgalil.ac.il/
Q6431831,,,1972,
Q3358076,,,1998,
Q10387834,,,2011,https://www.ufsb.edu.br/
Q30257290,,,1999,
Q2945947,,,1986,
Q10286408,,,,
Q109919315,,,,
Q30293707,,,,
Q30263461,,,1991,
Q3444141,,,1846,
Q30294092,,,,
Q23022149,,,2016,https://www.bennett.edu.in
Q16094640,,,2013,
Q136663655,,,,
Q4318620,,,1920,https://pimunn.ru/
Q1579397,23848,,1957,https://www.itb.ac.id/
Q50357840,,,1964,https://schiller.edu/heidelberg
Q7894304,,,2002,
Q7404072,,,1772,https://www.salem.edu/
Q30294077,,,,
Q129342824,,,2019,
Q7680319,,,1926,https://www.talpiot.ac.il/
Q30268096,,,1998,https://www.maplestreetschool.com/
Q13428647,,,1894,https://www.tyndale.ca/
Q5460831,3315,,1963,
Q681917,,,1582,
Q46996988,,,,
Q30263948,,,1993,
Q13021123,,,1969,https://nursepolice.go.th
Q30293979,,,,
Q30293768,3000,,1994,https://www.uci.ac.cr
Q7894262,,,,https://uni.ueh.edu.mx/
Q3547506,,,1947,https://www.mlqu.edu.ph
Q48726519,,,1971,
Q30294665,,,,https://ciu.edu.ge/?lang=en
Q30264912,,,1958,
Q10908066,,,2008,https://www.juwp.edu.cn
Q3009992,,,1967,
Q83570448,,,,
Q13186436,,,2005,https://www.svvu.edu.in
Q1024543,9300,,1961,
Q6881169,3373,,1917,https://mitchellcc.edu/
Q12164118,615,,1999,
Q1412435,12888,,2010,https://www.uni-obuda.hu/
Q7840092,,,,
Q141195043,,,1991,https://www.uow.edu.my
Q10302489,,,2008,
Q97041353,,,2003,
Q7138816,,,1954,https://www.parkwayschools.net/
Q2043612,,,1970,
Q895457,18142,,1910,https://bgsu.edu
Q864879,,,1906,https://www.usst.edu.cn/
Q11502846,,,2001,https://www.nuhw.ac.jp/
Q1161297,17319,,1961,https://www.sussex.ac.uk/
Q890704,,,2004,
Q30294242,,,1989,https://www.spu.ac.ke/
Q19599915,,,1981,
Q17049910,,,1972,
Q1388302,,,2007,https://www.fhg-tirol.ac.at/
Q135095525,,,,https://www.sfu-paris.fr
Q109913481,,,2016,https://www.iai-agussalimmetro.ac.id/
Q4239243,,,1942,https://krasgmu.ru/
Q30281941,,,1991,
Q90130948,,,1957,
Q30293772,,,,
Q690912,8392,,1818,https://www.uni-hohenheim.de/
Q5205959,,,2004,
Q109923120,,,2021,
Q541927,,,1993,https://www.uees.edu.ec/
Q11613697,,,1965,
Q8563967,856,,1965,
Q49117,26552,,1740,https://upenn.edu
Q6156752,,,1971,https://ucu.edu.ar/
Q109912294,,,,https://www.staipiq.ac.id
Q129344203,,,2024,https://uicordoba.ac.id/
Q15941250,,,1988,
Q7681274,,,1987,https://www.tnmgrmu.ac.in
Q7566977,,,,
Q5246081,,,1865,https://www.dean.edu/
Q4845532,597,,1971,
Q141195405,,,1990,https://www.els.edu.my
Q7291321,,,1915,
Q1666832,858,,2009,https://www.ipu-berlin.de/
Q141194881,,,,
Q130882739,,,2003,https://www.emmanueluniversity.ac.mw
Q30263357,,,1990,
Q7489095,,,2003,
Q5157511,,,2000,
Q4883967,13059,,1966,https://www.bellevue.edu/
Q52856130,,,1989,
Q6040520,,,2006,
Q6905671,21260,,1946,https://www.montgomerycollege.edu/
Q847330,,,1947,
Q100452196,,,2010,
Q85741244,,,2019,https://aubh.edu.bh/
Q8564259,1639,,1987,
Q130882783,,,2024,https://www.uodh.ac.ae
Q30266466,,,2006,
Q17651592,,,2011,
Q135396483,,,2019,https://spingharkabul.edu.af/
Q17144470,,,2013,https://www.uudoon.in
Q19818745,,,1939,
Q109912364,,,2020,
Q24931886,,,1921,
Q414245,19750,,1913,https://www.agh.edu.pl/
Q12204413,,,2007,
Q4315056,20000,,1834,https://npu.edu.ua/
Q12873844,,,,
Q2324453,,,1958,https://tgmu.ru/
Q14956998,,,2013,
Q5620334,,,2005,https://www.gadvasu.in
Q1143412,2700,,1946,https://www.ciachef.edu
Q4834042,,,1946,
Q141195381,,,2008,https://ican.edu.my
Q140351144,,,1998,
Q4881219,,,1980,
Q4780856,170,,1994,
Q11402810,,,1948,
Q108737292,,,2010,
Q12506031,,,1982,https://polmed.ac.id/
Q4854166,,,1950,https://www.bancroftsmt.com
Q109912766,,,2002,https://www.stmik-amikbandung.ac.id
Q30263403,,,1993,
Q9357897,,,2012,
Q392897,26000,,1906,https://www.polito.it
Q1138374,20346,,1870,
Q12523450,,,1984,https://ustj.ac.id
Q106803750,,,2013,https://www.cimch.edu.bd/
Q12523432,,,1979,https://www.upmi.ac.id
Q141194689,,,1995,https://www.iimat.edu.my
Q14957032,,,2009,https://www.npu.ac.in
Q11426635,725,,1948,
Q20426784,,,,https://www.sttintheos.ac.id
Q11441164,,,1962,https://www.osaka-c.ed.jp/fujiidera-t/
Q4775012,116,,1850,
Q6156349,,,1976,
Q1896148,,,1890,https://www.gre.ac.uk/
Q5520863,,,2006,https://www.undiksha.ac.id
Q19672701,,,,
Q1446492,,,1954,https://www.fit.ac.jp/
Q4720997,2549,,1961,
Q1499947,,,1860,https://www.gembloux.uliege.be
Q11070561,,,1964,
Q7283818,,,2015,https://www.raiganjuniversity.ac.in
Q2364756,,,2005,
Q24929188,,,,
Q3577934,,,1993,https://www.imt-mines-albi.fr/
Q50040078,,,2002,
Q108737309,,,,https://www.ufpcanarias.es/
Q1488843,,,1948,https://www.sia.gr/en/default.asp
Q140351222,,,2003,https://nevzlincenter.huji.ac.il
Q111411243,,,,https://autonomadeica.edu.pe/
Q5956615,,,,
Q5038449,,,1996,
Q558957,5418,,1947,
Q4816532,,,1971,https://www.astheology.ns.ca/
Q7406083,,,1937,
Q2495871,,,2004,
Q18110909,,,,
Q3847544,,,1983,
Q131428076,,,,https://ctac.uminho.pt
Q3153240,,,1938,
Q7118905,,,1921,
Q6773873,1836,,1927,
Q30254012,,,1989,
Q12523398,,,1999,https://www.umpar.ac.id
Q7522875,,,1956,https://www.sas.edu.sg/
Q2895360,,,,
Q1491731,,,1992,https://gsu.edu.tr/
Q20746315,,,,
Q109913691,,,2008,
Q30263785,,,1976,
Q6082307,,,1982,
Q5656978,5256,,1957,
Q626534,,,1978,https://www.aks.ac.kr
Q1444125,28776,,1970,https://www.ukm.my
Q141195705,,,2013,https://www.tkhmtc.ac.ke
Q976984,957,,1969,
Q133811669,,,1975,https://www.tie.go.tz
Q7681771,,,1996,
Q1323040,,,1880,https://www.hosei.ac.jp/
Q30297487,,,1912,
Q16171239,,,1993,
Q30267738,,,1969,
Q7984930,,,1971,
Q910669,1541,,1852,
Q4359655,1215,,1869,
Q10279646,,,,
Q4801411,,,1998,
Q18191385,,,1954,
Q136663658,,,,https://mmciom.edu.np
Q10296988,,,1991,
Q30286855,,,,
Q129343170,,,2022,https://home.asaindo.ac.id/
Q30260856,,,1996,
Q141195177,,,2004,https://www.toc.edu.my
Q109912737,,,2019,https://www.rajekwesi.ac.id
Q16849051,,,2005,
Q17055617,,,1990,
Q6670738,,,1999,
Q912375,,,1885,https://www.tais.ac.jp/
Q489065,,,1942,https://www.unison.mx/
Q11402850,,,1962,
Q117312826,,,,
Q1073268,,,1994,https://cn.ceibs.edu/
Q11531216,,,1971,
Q10286343,,,,
Q109911597,,,1998,https://stikmks.ac.id/
Q6807705,,,1892,https://www.mcm.ac.in/
Q16643761,,,1897,
Q429561,14999,,1886,https://www.wichita.edu/
Q1430048,9184,,1887,https://www.famu.edu/
Q7646989,,,1987,https://www.surugadai.ac.jp/
Q10937802,462,,1967,
Q109912147,,,2009,
Q30287601,,,2006,https://www.iar.ac.in
Q3578397,,,1804,
Q30298924,,,1972,
Q10302556,30876,,1994,
Q105626430,,,2015,
Q108737605,,,1960,
Q24884974,,,1976,
Q12523349,,,1957,https://www.uinjkt.ac.id
Q124526184,,,2018,https://www.uniq.edu.iq
Q3532259,,,1900,
Q647594,,,1958,
Q132803458,,,1998,https://idibe.umh.es
Q18343599,,,2006,
Q109912423,,,2013,https://stthami.ac.id
Q9091584,9441,,2002,https://www.unnoba.edu.ar/
Q12513048,,,2021,https://inisnu.ac.id
Q138655064,,,1957,https://medicinatranslacional.ufc.br/pt/bioarqueologia-translacional/
Q5308248,,,1894,
Q6733488,,,1991,
Q30294008,,,,
Q5917881,,,1967,https://queretaro.tecnm.mx/
Q30294381,,,,
Q12532200,,,1976,https://yu.edu.kz/
Q129343542,,,2020,
Q1654025,85000,,1952,https://www.knust.edu.gh/
Q2723670,220000,,1950,https://www.asu.edu.eg/
Q30294024,,,,
Q5071739,,,1958,
Q7720077,,,2009,
Q28414145,,,2010,
Q10387915,,,1972,
Q140908237,,,2013,https://sties-baktiya.ac.id
Q3445053,,,1948,
Q6979256,17781,,1995,https://www.unla.edu.ar/
Q30264320,,,2006,
Q2935605,,,2008,
Q38251806,635,,,
Q4118882,,,2002,https://www.alfaisal.edu
Q7101141,236,,1983,
Q258200,,,2005,
Q11337975,,,1987,
Q3054960,,,1970,
Q16644479,,,1973,
Q7569402,,,2002,
Q5358247,,,1988,https://www.pens.ac.id
Q6401986,12700,,1930,https://www.ptuk.edu.ps
Q135398214,,,2015,https://www.lunex.lu
Q30642896,,,2014,
Q1407897,12578,,1884,https://www.ferris.edu/
Q135095207,,,,https://www.untdf.edu.ar/institutos/icse/
Q11049417,,,1997,
Q13018774,,,,https://www.bru.ac.th/
Q141195430,,,2009,https://clazroom.edu.my
Q140869996,,,2006,https://desmondtutucentre-rsj.uwc.ac.za
Q61932814,,,2013,https://www.sussexrecoverycollege.org.uk/
Q7566983,2475,,1885,https://www.sdsmt.edu/index.html
Q482678,,,1910,
Q25464537,,,1986,https://www.unira.ac.id
Q11402838,,,1974,
Q30253841,,,,
Q43895436,,,,https://www.mnprivatecolleges.org/
Q4669049,265,,1996,
Q7726779,,,1915,
Q30296188,,,1958,
Q97040906,,,,
Q7496290,,,1952,
Q3128579,,,1996,
Q5130926,,,1966,
Q109919538,,,,https://poltekkes-tanjungpinang.ac.id
Q6978828,13485,,1912,
Q30257800,,,,
Q6360883,,,1987,https://www.kanazawa-gu.ac.jp/
Q10829112,,,,https://phuongdong.edu.vn/
Q4082750,,,1930,https://www.belstu.by/
Q5076502,,,,
Q6365811,,,2001,
Q17228465,597,,1873,
Q141195660,,,2008,https://www.ims.edu.sg
Q109911818,,,2018,
Q10387780,,,,
Q16345900,,,2012,
Q100956236,,,1991,
Q7128599,21141,,1946,
Q136663587,,,,https://qfm.uc.pt/index.html/
Q51882865,,,,
Q141195460,,,,
Q6156527,,,,https://www.umariana.edu.co/index.html
Q5330219,,,1975,
Q718311,,,1870,https://mome.hu/
Q4538824,,,1944,https://ysmu.ru
Q52849366,,,1941,
Q3443737,3197,,1872,
Q1137665,50000,,1817,https://www.ugent.be/
Q25429673,,,,
Q3073226,2587,,1969,https://www.flagler.edu/
Q7813985,,,1925,
Q3152608,,,1981,
Q6137503,,,1982,
Q219563,47571,,1861,https://washington.edu
Q6805474,,,,
Q1665244,,,1957,https://iteso.mx
Q12523323,,,1993,https://www.esaunggul.ac.id/
Q30263375,,,,
Q107477946,,,1981,https://coewarri.edu.ng/
Q30293699,,,1997,
Q141194342,,,2003,https://www.trinitycollege.edu.sg
Q30262805,,,1986,https://www.inc.org.au/
Q392774,124,,1980,https://upeace.org
Q5061965,,,2009,
Q18484127,,,,
Q61931981,,,1998,https://www.conservatorisuperiorcastello.com/
Q26157910,,,2014,https://www.gnauniversity.edu.in
Q133812248,,,2021,https://timeedu.uz
Q10727200,,,2001,https://www.sting.cz
Q25457659,,,1984,https://unihaz.ac.id
Q138654943,,,,https://istdabloja.edu.ec
Q2093139,,,2010,
Q30262869,,,,
Q6154050,,,1950,
Q898448,451,,1917,https://www.institutoptique.fr
Q4325460,5867,,1935,https://ngmu.ru/
Q43896373,,,1981,https://www.osteopathie-canada.ca/
Q5066011,11922,,1961,
Q39049860,,,1943,
Q30294323,,,2013,
Q22079853,123,,2015,https://www.chrislanduniversity.edu.ng/
Q131428107,,,,https://www.uc.pt/en/cia
Q1401524,33013,,1611,
Q50379238,,,2002,
Q6802590,868,,1887,https://www.mcpherson.edu
Q7494381,,,1993,https://www.szpu.edu.cn/
Q6875342,2374,,1924,https://www.misericordia.edu/
Q2424573,,,1944,
Q4387971,,,1925,https://www.tenri-u.ac.jp/chinesebig5/
Q4516673,,,1995,
Q2292183,,,,
Q29052658,,,,
Q30266997,,,2013,
Q21663334,,,1993,
Q24950025,,,2011,
Q1534573,,,1971,
Q5783959,,,,
Q109911499,,,2014,https://www.stkip.syekhmanshur.ac.id
Q11138930,,,,
Q12523316,,,1982,https://undaris.ac.id
Q2880081,,,1991,
Q689775,16436,,1811,https://www.tugraz.at/
Q2748799,6804,,1987,
Q141194447,,,1988,https://www.malverninternational.edu.my
Q836596,,,1974,
Q3110979,8684,,1996,
Q1728622,9018,,2002,https://www.ucmerced.edu/
Q7824887,,,1921,
Q478044,,,1956,https://www.unhas.ac.id
Q43896522,,,1993,
Q30263600,,,,
Q11968113,,,1991,
Q30293856,,,,
Q2253321,,,1992,https://karelia.fi/en/front-page/
Q1235258,23958,,1982,
Q4120538,,,2011,
Q130537884,,,1991,https://zitacuaro.tecnm.mx
Q109911425,,,1975,https://www.sttjaffray.ac.id
Q11135190,,,1905,
Q136663610,,,1997,https://utsem.edomex.gob.mx
Q30254657,,,1988,
Q8046517,,,2000,
Q139782530,,,2016,https://ukmc.ac.uk
Q30257161,,,,
Q834778,,,1996,
Q30268200,,,,
Q125450774,,,1991,
Q3695342,435,,1882,
Q4683491,,,1956,
Q41567367,,,1995,
Q20063778,,,1975,
Q50040057,,,1955,
Q109919472,,,2019,https://www.pelitabangsa.ac.id
Q7894383,,,2002,https://portais.univasf.edu.br/
Q52619519,,,,https://www.escuelanaval.edu.co
Q2496210,12000,,1958,
Q4497354,,,1834,https://ksma.ks.ua/
Q7984446,,,1996,
Q700824,1412,,1950,https://www.hfmt-hamburg.de/
Q129343187,,,2022,
Q7335207,,,1946,
Q4852579,,,2007,
Q77076063,,,2000,
Q5507361,,,1965,
Q4304329,,,1995,https://mccme.ru/
Q5466480,14605,,1957,
Q109919258,,,2002,https://www.stainatuna.ac.id
Q30258208,,,,
Q30264054,,,1954,
Q1456658,,,1991,https://www.schumachercollege.org/
Q6020703,,,2006,https://www.iiserkol.ac.in
Q11494211,,,1969,
Q14708443,311,,1959,
Q87472344,,,2004,https://gecrajkot.ac.in
Q109920710,,,1995,https://staimu.ac.id
Q12506029,,,2012,https://www.pnm.ac.id
Q2495708,,,1986,https://www.ute.edu.ec/
Q117405654,,,,https://www.ucop.edu
Q3551673,,,1986,
Q3070702,,,1991,https://www.kfu.edu.sa/
Q932411,14165,,1966,https://www.brunel.ac.uk/
Q12523300,,,2000,https://univbatam.ac.id
Q5440475,,,1961,
Q11503588,,,1977,https://www.nupals.ac.jp/
Q7063504,6537,,1873,https://ndm.edu
Q569460,532,,1950,https://www.hfm-berlin.de/
Q16047126,,,,
Q268975,,,,
Q4826832,,,1957,
Q30294270,,,,
Q30284016,,,1969,
Q127415612,,,,https://bmc.edu.sa
Q12506012,,,2023,https://pcr.ac.id/
Q2302473,,,1973,https://www.uoc.gr/
Q1805243,3230,,1871,
Q30263695,,,2008,
Q54914098,,,1999,https://www.gdipu.edu.cn/
Q126915312,,,,https://sites.google.com/moe-dl.edu.my/kvkeningau/home?authuser=0
Q133812179,,,,https://www.phsg.ch/de/institute/institut-kulturelle-und-aesthetische-bildung
Q5700636,,,2006,
Q109921285,,,2007,
Q3578304,,,1991,
Q30293673,,,,
Q30288290,,,,
Q30285861,,,,
Q140351400,,,2016,https://git.edu.ph
Q28687458,,,1996,
Q30293921,,,1993,
Q125761957,,,2014,https://nibs.edu.gh
Q6914123,,,1869,
Q107724058,102,,2016,https://dui.edu.ng/
Q904219,5964,,1887,https://www.campbell.edu
Q6475773,,,1856,
Q15043613,,,1999,https://ksu.edu.ng/
Q98080901,,,2020,https://www.aiska-university.ac.id/
Q61932741,,,1937,https://www.newbattleabbeycollege.ac.uk/
Q7676991,,,1903,
Q30294208,,,,
Q138859794,,,2021,https://gmcthiruvallur.ac.in
Q131428068,,,1976,https://www.cma.mines-paristech.fr
Q5575968,,,,
Q16238149,,,1869,
Q129342760,,,2022,
Q4841390,,,1978,
Q13018827,,,,
Q17037289,,,2013,
Q30257581,,,1989,
Q8050681,10423,,2001,
Q6096546,,,2007,https://www.bilecik.edu.tr/
Q5945012,,,1982,
Q8054648,,,1989,
Q25247609,,,2014,https://www.pjtau.edu.in
Q30263411,,,1892,
Q5086129,,,2006,
Q7108022,12475,,2006,https://www.uniosun.edu.ng/
Q61000134,,,1980,
Q19749132,,,2008,https://unibba.ac.id
Q30638570,,,2012,https://www.cpur.in
Q662087,,,1980,
Q55237923,,,1991,
Q64151665,,,,https://www.curio.nl/
Q7144602,,,1991,
Q56841246,,,,https://www.institutoivoti.com.br/
Q30260661,,,1705,
Q4248042,,,1941,
Q30283574,,,2002,
Q11083374,5915,,1971,
Q833961,21325,,1952,https://www.cupl.edu.cn/
Q6123855,,,1898,
Q4399515,,,,https://rii.edu.kz/
Q25040058,,,1982,
Q127415561,,,2008,https://www.itsna.edu.mx
Q566189,2000,,2010,https://nyuad.nyu.edu
Q7589772,,,1920,
Q24944066,,,,
Q109919429,,,2009,https://www.husadakaryajaya.ac.id
Q6191720,,,1952,https://www.jssnu.edu.cn
Q140907695,,,2021,https://katdpi.uz
Q4377610,16000,,1930,
Q6485360,1095,,1882,
Q536171,,,1904,
Q6156673,,,1979,
Q883284,171,,1614,
Q135398365,,,,https://cremis.ca
Q5146779,1526,,1920,https://www.msj.edu/
Q93965563,,,2008,
Q1531014,12000,,1991,https://www.univ-evry.fr
Q155522,,,1991,
Q12236066,,,1990,https://www.qsm.ac.il
Q7895657,762,,1909,
Q30293691,,,,
Q109913029,,,2009,https://www.stikesbethesda.ac.id
Q486676,,,1946,
Q77075937,,,1991,
Q6820339,6261,,1954,
Q531285,,,1965,
Q4832063,,,1985,
Q1029517,2700,,1994,
Q139032353,,,1974,https://www.ctbs.org.za
Q135095151,,,,https://www.glcaramada.org
Q13096076,,,1997,https://www.pnb.ac.id
Q109919229,,,2014,https://www.iai-almuslimaceh.ac.id
Q4153922,,,1932,https://даггау.рф/
Q16369943,,,,
Q6786503,,,1961,
Q11878661,,,2001,https://www.ujak.cz
Q6372912,,,2000,https://ksoumysuru.ac.in/
Q30262653,,,1955,
Q17032823,972,,1972,https://www.cooley.edu/
Q12624192,,,1970,
Q7108885,,,,
Q6051239,,,1995,
Q136351987,,,2014,https://purisima.tecnm.mx
Q1282182,,,2005,https://wiu.edu.sy/
Q30263919,,,2007,
Q1391181,8633,,1971,https://www.hsbi.de/
Q19740784,,,2020,https://www.iain-takengon.ac.id
Q135983382,,,2019,https://tkh.edu.eg
Q6551169,371,,1926,
Q22079989,1800,,2015,
Q6020611,,,1963,
Q6998630,,,1998,
Q3848464,,,1934,
Q12523365,,,1960,https://www.ukwms.ac.id
Q5096717,,,1975,
Q7894259,,,1997,
Q491511,,,1946,https://chinese.hongik.ac.kr/index.do
Q4853503,,,1994,
Q22686987,,,2001,
Q5061999,3370,,1966,
Q20110163,,,2005,
Q624564,11163,,1957,https://www.csustan.edu/
Q129343749,,,2022,https://ubn.ac.id/
Q7420443,,,1948,
Q7902331,,,2005,
Q109913251,,,2021,
Q7419158,20118,,1915,
Q61931857,,,2002,
Q17190890,,,1950,
Q2227802,20000,,1921,https://mgsu.ru
Q16934156,,,,
Q30294131,,,,
Q8034064,,,1979,
Q12511312,,,2012,
Q30263782,,,2012,
Q7896294,,,1997,
Q268550,835,,1961,
Q6156550,31522,,2009,https://www.unaj.edu.ar/
Q118258797,,,2022,https://www.ehip.eu/
Q7432878,1244,,1923,
Q2015579,,,1978,https://www.stou.ac.th/Eng/
Q117405688,,,,https://www.unib.org
Q7148347,,,1944,https://www.patten.edu/
Q141195214,,,2007,https://aviation.edu.my
Q87815415,,,1935,
Q920456,,,1972,
Q4730429,,,1996,
Q11667169,,,1876,
Q12513096,,,1986,https://www.stkippasundancimahi.ac.id
Q136005173,,,,https://www.sanmateo.edu.co/
Q141195370,,,2007,
Q3547658,,,1946,https://www.carsu.edu.ph/
Q30293875,,,,
Q30292086,,,1989,
Q3687219,,,1858,
Q10924832,,,1821,https://www.sasu.edu.cn/
Q17067997,,,2011,https://www.kbvsasun.ac.in
Q5149659,,,1854,
Q137409091,,,2019,https://earthuniversity.edu.mx
Q5756621,,,2005,https://www.lpu.in
Q13018763,,,,
Q124634949,,,2000,https://uohs.edu.so
Q12805044,,,,https://www.umas.unist.hr/
Q46996971,,,1946,
Q30262643,,,1966,
Q137795858,,,2017,https://polteksimasberau.ac.id
Q135095562,,,1996,https://scuolaspinelli.edu.it
Q12760364,,,2005,https://www.metropolitan.ac.rs/
Q5925144,,,1984,https://www.hnuu.edu.cn/
Q2035790,14205,,1979,
Q30293692,,,,
Q12523461,,,1966,https://www.usi.ac.id
Q6471118,,,1977,
Q10387899,,,1924,
Q6965235,,,1966,https://www.naragei.ac.jp
Q5654447,,,1999,
Q30266494,,,1998,
Q3660870,,,1926,
Q4154225,,,1962,
Q56393971,,,2014,https://www.unusia.ac.id
Q12169819,,,1930,
Q85879509,,,,
Q7210143,,,1994,https://www.ups.edu.ec/
Q14957043,,,2008,https://www.satavahana.ac.in
Q5843659,,,1978,
Q5061828,,,2000,
Q12281765,,,,
Q1849843,7061,,1831,
Q109912239,,,2014,https://www.iaitfdumai.ac.id
Q4389652,,,1962,https://www.kitasato-u.ac.jp/en/
Q18655821,,,1947,
Q827038,398,,1990,https://en.khm.de/
Q911561,3843,,1961,https://www.mhh.de/
Q100955834,,,2007,
Q17215940,,,2003,
Q23019261,,,1956,https://kadunapoly.edu.ng/
Q138005956,,,,https://www.washington.ac.il/michlala/
Q6416228,1330,,1966,
Q1027657,,,2004,
Q137795972,,,1997,https://utim.edu.mx
Q6382470,631,,1997,
Q6906986,,,1998,
Q41506,17246,,1885,https://stanford.edu
Q7359513,3765,,1970,
Q5760279,,,1939,
Q1562772,5193,,1971,https://www.hawk.de/
Q109912860,,,2011,https://staialanwar.ac.id/
Q30294069,,,,
Q4983461,6988,,1964,
Q52846425,,,1988,
Q50575551,,,1965,
Q7894646,,,1998,
Q38251697,,,2016,
Q40025,39658,,1961,https://www.fau.de/
Q135983350,,,1996,https://uttecamac.edomex.gob.mx
Q17929174,,,1979,https://fpmubieportal.edu.ng/
Q77075193,,,1999,https://curci.de/institute/index.php
Q1195648,,,1982,https://www.umg.ac.id
Q5325897,1915,,1929,
Q666128,10534,,1865,
Q109919707,,,2000,https://www.akfar-yarsi.ac.id
Q10952382,,,2002,https://www.squ.edu.cn/
Q6356550,,,1887,
Q39055741,,,2016,
Q23073823,,,1967,
Q7339755,5172,,1971,
Q140351271,,,2005,https://inqka.uitm.edu.my
Q136674859,,,,https://nlumeg.ac.in/
Q141194483,,,2018,https://kkarau.mypolycc.edu.my
Q16951256,,,2004,
Q81170704,,,1940,https://villaaurora.it/
Q30254003,,,1944,
Q61931402,,,2004,https://www.djad.in/
Q30266445,,,1996,
Q161976,27149,,1402,
Q6746778,,,1999,
Q3444679,3740,,1846,
Q30293995,,,,
Q109913785,,,2002,
Q7419281,,,2008,
Q851175,,,2001,https://www.metropolitan.hu/
Q12486665,,,2003,https://www.sttbi.ac.id
Q30281544,,,1984,https://isfcp.org/
Q18126017,,,1991,
Q4836939,,,1960,
Q7622587,42975,,1892,https://www.strayer.edu/
Q15649450,,,2004,https://www.qdc.edu.cn/
Q4723471,,,1908,
Q111668158,,,,
Q4785174,3300,,1853,https://www.arcadia.edu/
Q3532921,,,2006,https://www.tse-fr.eu/
Q3699209,,,1971,https://www.uceva.edu.co/
Q7895116,,,2000,
Q5084173,558,,2003,
Q61933842,,,2000,
Q11557847,1238,,1901,https://www.city.hamamatsu-szo.ed.jp/ichiritsu-h/
Q50039247,,,,https://www.performanceinstitute.org/
Q4113277,,,1919,
Q273531,,,1972,
Q5613648,,,1995,https://www.gdufs.edu.cn
Q4118496,,,1996,https://www.ibbuniv.edu.ye
Q7585924,,,1999,https://www.sliit.lk/
Q4711590,,,1932,https://www.abccampus.ca/
Q98513267,,,1972,https://ig.utexas.edu
Q3010014,,,1968,
Q29460537,,,2002,https://www.poltektegal.ac.id
Q1519208,,,2001,
Q141195655,,,,https://kkseberangjaya.mypolycc.edu.my
Q8044618,,,1950,
Q43895291,,,,
Q4652368,,,2005,
Q107724160,,,2021,https://claretianuniversity.edu.ng
Q4476798,,,1961,https://ural.mvd.ru/
Q65234927,,,2001,https://eua.am/
Q913987,17125,,1970,https://www.haw-hamburg.de/
Q273559,,,1898,
Q30293809,,,,
Q7894418,6495,,1954,https://www.unas.ac.id
Q2166701,19000,,1911,
Q16058017,,,1957,
Q137796021,,,2022,https://mus.edu.ye/
Q12591707,,,1992,
Q141195164,,,2001,https://www.gis.edu.my
Q4837298,,,2002,https://bgsbu.ac.in
Q3551625,,,2004,https://um.ac.cd/
Q109919724,,,2020,https://umegabuana.ac.id
Q3679860,55170,,2000,https://www.arabou.edu.kw/
Q7205783,,,1856,
Q7205857,4491,,1871,https://www.plymouth.edu/
Q7895720,31654,,1962,https://www.unram.ac.id
Q30281936,,,1999,
Q197525,,,1995,
Q6788232,404,,1886,https://college.shinonome.ac.jp/
Q123016672,,,,
Q141195445,,,1991,https://www.theoneacademy.edu.my
Q7489670,,,1997,
Q135738537,,,,https://www.unb.ca//initiatives/ucsi/index.html
Q5666316,1400,,1857,
Q6156560,,,1974,
Q129343166,,,2023,
Q373311,,,1976,https://www.funttc.com/contents/main/main.aspx
Q742241,7554,,2002,https://covenantuniversity.edu.ng/
Q5990205,2127,,2010,
Q12100481,,,1996,
Q17209718,,,,
Q140351829,,,2015,https://www.simtech.uni-stuttgart.de/sc/
Q136663893,,,,https://cesap.pt
Q107518970,,,1995,https://www.euronschool.eu/
Q109912150,,,1996,
Q11456508,,,1974,
Q322886,11170,,1971,https://www.hs-duesseldorf.de/
Q7163254,,,1966,https://harrisburg.psu.edu/
Q50040091,,,,
Q946573,,,2004,
Q2820640,127,,1882,https://www.mountangelabbey.org/
Q1075116,2262,,1813,https://colby.edu
Q109434803,,,2020,https://www.unh.ac.id
Q9380880,,,1999,
Q6515384,5204,,1918,https://www.leeuniversity.edu/
Q11046083,,,,
Q61995979,,,,
Q2363330,,,1995,
Q4476708,4513,,1930,https://usma.ru/
Q109912101,,,2018,https://www.stisalwafa.ac.id
Q119465819,,,2022,
Q10387775,,,,
Q136090438,,,1995,https://bolashaq.edu.kz/
Q74434055,,,1997,
Q11555186,,,,
Q4118040,7869,,1962,https://umassd.edu
Q2207707,3494,,1969,https://www.srh-hochschule-heidelberg.de/
Q5431579,,,1999,https://fmuniversity.nic.in
Q604444,50000,,1908,https://www.up.ac.za/
Q3077040,1483,,2001,
Q6158288,,,1890,
Q1779338,,,1994,
Q5050954,,,,https://www.caswell.k12.nc.us/
Q4063511,,,1956,https://агту-вшн.рф/
Q4832405,,,1991,
Q6127803,,,1963,https://www.unja.ac.id
Q4366448,,,1911,
Q6082132,,,2022,
Q30272406,,,,https://manipal.edu/mu/about-us/world-wide-manipal/melaka-manipal-medical-college.html
Q7972305,,,1989,
Q17011924,,,1958,
Q112751967,,,2018,https://www.udelaciudad.edu.ar
Q1446181,24052,,1870,https://hunter.cuny.edu/
Q987022,,,1987,
Q156725,43957,,1919,https://uni-hamburg.de
Q7896529,,,1882,
Q109435755,,,2014,https://www.polsub.ac.id
Q16029628,,,2012,
Q5105527,1100,,1848,https://www.chowan.edu/
Q8075310,,,1947,https://www.zmu.edu.cn/
Q5149859,201,,1828,
Q3133193,11621,,1991,https://www.urv.cat/
Q3578402,2213,,1958,https://www.esiea.fr/
Q2585877,,,1997,
Q502545,,,1949,
Q4201486,,,1925,
Q2992914,,,1967,
Q287072,29508,,1722,https://www.ube.fr/
Q24912776,,,2009,https://www.sabarmatiuniversity.edu.in
Q19853187,,,1978,
Q7099552,5862,,1950,
Q109912635,,,2001,https://www.stiteknas.ac.id
Q18356199,,,2013,https://www.madhavuniversity.edu.in
Q7246173,,,2000,
Q4701998,,,1992,https://portal.akwaibompoly.edu.ng/
Q18539937,,,1990,
Q52636173,,,,
Q104631456,,,2000,https://unipasby.ac.id/
Q1423356,,,1857,
Q4891549,,,1986,https://bas.org/
Q30294537,,,,
Q141194221,,,,
Q124251967,,,,https://tashenev.edu.kz
Q30259672,,,1965,
Q137796017,,,,https://emap.re
Q7894391,,,1968,https://www.uscs.edu.br/
Q133811521,,,2000,https://regionsierra.tecnm.mx
Q30265093,,,1921,
Q141194231,,,,https://kvtaiping.moe.edu.my
Q52162261,,,2018,https://www.eskisehir.edu.tr/
Q27962208,,,,https://gcoen.ac.in
Q18477107,,,2004,
Q30293674,,,,https://www.universidadcudec.com
Q20612408,,,1942,
Q30294123,,,2025,https://www.unemi.edu.ec
Q24189536,494,,1870,
Q30288149,,,,
Q2838013,,,1947,
Q30257470,,,1994,
Q10266174,,,2008,
Q7021584,,,2006,
Q28223356,,,2011,https://kyu.ac.ke/
Q30263361,171,,1983,https://www.amcollege.edu/
Q11471541,,,1920,
Q51785558,,,1979,
Q10873092,,,1951,
Q10829084,,,,
Q137795917,,,2022,https://tiiu.uz
Q12865028,,,1999,
Q655866,13143,,1993,
Q1546392,,,2006,
Q25383612,,,,
Q1182421,,,1917,https://www.deepsprings.edu/
Q7101513,18200,,1931,
Q11798137,,,1996,
Q1642969,500,,2006,
Q1136829,,,1957,https://www.insead.edu/
Q4398106,10243,,1991,
Q30285713,,,,
Q6156487,,,2008,https://www.universidadviu.com/es/
Q30257211,,,,
Q30294757,,,1960,https://unsuri.ac.id/
Q123512463,,,1997,https://inico.usal.es
Q4748638,625,,1967,https://www.amridgeuniversity.edu/
Q56803,,,1804,
Q11661252,,,1950,https://www.agh.aoyama.ed.jp/english/index.html
Q9091527,,,1987,
Q3578472,,,2001,
Q65337718,,,1998,
Q30285968,,,,
Q1622072,3500,,1994,
Q7055483,,,1907,
Q5777255,,,1975,
Q6020614,,,2005,
Q9274046,,,2002,
Q19895661,,,2005,
Q2945791,,,1980,https://www.cines.fr
Q6537804,,,1977,
Q5179758,2475,,1922,
Q30257195,,,1911,https://molochnoe.ru/en/
Q4958754,,,1823,
Q11223593,,,2014,
Q4754374,,,1982,
Q30293841,,,,
Q3249585,1450,,1875,
Q5044794,74,,1945,
Q6156552,,,2010,
Q7895488,,,2002,
Q7894399,,,1966,
Q6794432,,,1999,
Q6411596,,,1911,https://www.kgmu.org
Q25469098,,,2006,https://almaata.ac.id
Q2120270,35900,,1902,
Q4318658,,,1994,
Q6391919,4950,,1946,
Q18461615,,,,
Q43895322,,,1966,https://www.acck.edu/ics
Q136351876,,,,https://ru.nl/centre-for-language-studies
Q7570957,,,2018,
Q109912648,,,1995,https://stieamkop.ac.id
Q117405636,,,1997,https://www.ieproes.edu.sv
Q5168809,,,,
Q30262941,,,2009,
Q2564338,,,1993,
Q7448540,,,1966,https://www.selkirk.ca/
Q1622145,6407,,1971,https://www.hswt.de/en.html
Q15938439,,,1973,https://www.sxri.net/
Q128123042,,,2008,https://www.uaf.edu/acep/
Q634396,7284,,1939,
Q138460639,,,1948,https://iham.institutos.filo.uba.ar
Q4652536,,,2002,
Q25105500,,,1979,
Q11049501,,,2007,
Q7288820,,,1963,
Q136565008,,,,https://www.universitatcarlemany.com/
Q7896165,,,1966,
Q135738808,,,2006,https://kfs-hiet.edu.eg
Q109913078,,,2020,https://upertis.ac.id/
Q11097385,,,1951,
Q19898544,,,1986,
Q475700,19590,,1959,
Q137795907,,,2015,https://www.ens-setif.dz
Q6411130,,,1954,https://www.kings.uwo.ca/
Q138335385,,,2023,https://caguniversity.uz/
Q30266505,,,,
Q136663557,,,,https://www.iuris.edu.pt/pt/publicacoes/teoria-e-historia-do-direito/142/
Q6733535,,,1983,
Q9726572,,,1998,
Q1364550,103305,,1975,https://www.helwan.edu.eg/
Q61931327,,,,https://u.university/en/
Q1052614,27691,,1888,
Q141195353,,,2008,https://www.owis.org
Q64143323,,,,
Q7585840,,,1972,
Q2935615,,,1967,https://www.cndf.qc.ca
Q90276656,,,1948,
Q9143071,,,1969,https://www.upsl.edu.pl/
Q18207057,,,1979,https://fptb.edu.ng/
Q30282724,,,1986,
Q5123110,,,1984,
Q30253858,,,,
Q5039159,,,1924,
Q1546014,,,1981,https://uv.cl/
Q109911826,,,,
Q59536973,,,,
Q7936658,,,1998,https://vtu.ac.in
Q17483893,,,,https://www.insbu.bi
Q5208240,2536,,1947,
Q3578255,,,1963,https://www.agro-bordeaux.fr
Q1094873,,,1949,
Q116455362,,,2022,https://www.l-w.ac.il
Q30257324,,,1993,
Q24204910,,,2011,https://info.ufch.org/
Q10387773,,,1974,
Q135738469,,,2022,https://balletacademy.edu.kz
Q104869887,,,2020,https://www.kanyashreeuniversity.ac.in
Q133812195,,,1972,https://skpgcollege.ac.in
Q1614474,,,1931,
Q4732543,,,2008,
Q109913410,,,2014,https://sttasm.ac.id
Q11179761,,,1992,
Q4166242,5000,,1930,https://dnmu.ru
Q6165978,,,1965,
Q3551853,,,1999,
Q4702202,,,2005,
Q30296275,,,1931,https://www.jnnu.edu.cn/
Q5470661,7587,,1960,
Q4943719,,,,
Q47285400,21982,,2018,https://www.nkust.edu.tw/
Q11617449,827,,1900,
Q7962769,,,1963,
Q48936395,,,1985,
Q5570399,,,2002,https://www.globalindianschool.org/
Q5440062,,,1941,https://portal.fcahptvom.edu.ng/
Q7571325,1888,,1918,
Q428136,,,,
Q4880627,,,2008,
Q30266205,,,1924,
Q3551622,,,1983,
Q49213,40804,,1883,https://www.utexas.edu/
Q49088,33413,,1754,https://columbia.edu
Q126208840,,,1999,https://eruni.org
Q11088949,,,1930,https://www.tosei-showa-music.ac.jp
Q6918618,5920,,1923,
Q109913272,,,2020,
Q141193691,,,2010,https://www.dhuautomotive.edu.my
Q2495819,66,,2004,https://www.clintonschool.uasys.edu/
Q10927356,,,1906,https://www.ndu.edu.tw/?Lang=en
Q4777480,,,2008,
Q2989707,13672,,1965,https://www.ccp.edu/
Q141195803,,,1966,
Q109912210,,,2017,
Q4122948,1342,,1960,
Q6904550,1414,,1965,
Q5208241,,,1977,
Q11357832,956,,1920,
Q25460074,,,,
Q109912611,,,,
Q3551422,,,,https://en.swjtu.edu.cn
Q17029824,,,1981,
Q18914781,,,,
Q4938195,,,1998,
Q12523455,,,1990,
Q7442064,5763,,1966,
Q3543938,,,1995,
Q2890642,,,1970,https://www.beitberl.ac.il/
Q6326776,,,1998,
Q1353248,18500,,1888,https://www.nmsu.edu/
Q2344683,12620,,1921,
Q5020313,13,,1955,
Q30262842,,,,
Q464361,8012,,1924,https://www.lau.edu.lb/
Q6027415,,,2012,
Q65280964,,,,
Q109912048,,,2021,https://adzkia.ac.id/
Q129342830,,,2023,
Q1506552,57000,,1920,https://urfu.ru/en/
Q6167953,,,2002,https://www.juit.ac.in
Q877925,24560,,1845,https://qub.ac.uk/
Q5461460,,,1967,https://www.fio.usf.edu/
Q6979266,42816,,1972,https://www.unsa.edu.ar/
Q5184436,914,,2005,
Q97041714,,,2000,
Q7432479,,,,
Q7124862,189,,1882,
Q15220417,,,2011,
Q6719151,,,1997,https://www.mvgrce.edu.in
Q30294202,,,,
Q103017478,,,,
Q21578,8799,,1746,https://princeton.edu
Q273604,2169,,1912,https://ens-paris-saclay.fr/
Q826358,2650,,1945,
Q19744766,,,2008,https://unived.ac.id
Q10387871,,,,
Q30281286,,,,https://www.mcphs.edu/academics/school-of-acupuncture
Q24236250,,,2011,https://www.embuni.ac.ke/
Q11552797,,,1963,
Q134251334,,,,https://braga.ucp.pt
Q951184,,,1909,
Q115818947,,,2017,https://www.cmkl.ac.th
Q30263727,,,,
Q134122,,,1892,
Q4005890,15600,,2004,
Q17155660,,,2002,https://www.tkmit.ac.in
Q982376,,,1932,
Q30266524,,,,
Q5860278,,,1983,https://shahrood.iau.ir/en
Q6955152,,,2004,https://www.nrias.net
Q10923945,,,,https://www.zjxu.edu.cn/
Q9726305,,,,
Q7921788,1520,,1866,
Q6175407,2658,,1961,https://www.sunyjefferson.edu/
Q136351892,,,2016,https://mipo.kz
Q4770495,,,2012,https://www.sushantuniversity.edu.in
Q30294503,,,,
Q10829117,,,,
Q6716413,,,1962,
Q7017320,,,1986,https://www.nulc.ac.uk/
Q7034376,,,1968,
Q5171560,,,1874,
Q7894315,,,1986,https://www.uth.hn/
Q5169375,,,1959,https://www.cjc.edu.ph/
Q11494312,,,1898,
Q12511331,,,2010,https://www.amikom.ac.id
Q30294389,,,,
Q7653196,,,1987,https://www.raubikaner.org
Q637084,,,1952,
Q5296068,,,1965,
Q1325425,,,1968,https://htu.edu.gh
Q30285885,,,,
Q61931450,,,1989,
Q30271785,,,1993,
Q30291053,,,,
Q4862059,,,1949,
Q7932713,,,1992,https://www.vbu.ac.in
Q1751928,24355,,2010,
Q114076881,,,2022,https://nordicuniversity.org/
Q1377296,1599,,2014,
Q11652039,,,1962,https://www.nagaoka-ct.ac.jp/
Q3153284,,,1981,
Q25441029,,,2015,https://www.ipmaia.pt/
Q603581,10000,,2007,
Q3578103,,,1963,https://esea.ucad.sn/
Q129343236,,,2022,
Q3117949,,,1945,
Q11062423,,,2001,https://www.glc.edu.cn/
Q1622198,334,,2008,https://www.hmkw.de/
Q1206658,,,1876,https://www.cu.edu/
Q135738764,,,2000,https://www.siuc.edu.my
Q5146898,1276,,1957,
Q12059432,,,,
Q85997646,,,1996,https://unt.edu.ua/
Q7635119,,,1926,
Q6156524,,,1982,
Q6082299,,,,
Q5448967,,,2004,https://filmovka.cz
Q1144682,8600,,1941,https://global.bfsu.edu.cn/
Q4005900,,,1984,
Q4743502,,,1945,
Q10387888,,,1967,
Q7209508,,,,
Q128123086,,,1970,
Q125427644,,,,
Q1532470,37807,,1963,https://www.kennesaw.edu/
Q3783811,,,1982,
Q109913755,,,2020,
Q27766479,,,1979,
Q17073295,,,1985,
Q7494595,,,1982,https://www.skuastkashmir.ac.in
Q11494218,,,1975,
Q61931253,,,2002,
Q5374058,241,,1961,
Q502352,10483,,1978,https://regent.edu
Q4058247,,,2006,https://aesma.edu.az/
Q5123488,,,,
Q5676651,,,1970,
Q10920238,,,1973,
Q6415328,,,2002,
Q109912434,,,2006,https://www.stituwjombang.ac.id
Q7590996,,,2007,
Q107440148,,,2018,https://www.berlinsbi.com/
Q1255772,,,1978,https://smu.edu.ph/
Q30267768,,,,
Q30253871,,,,
Q11654320,,,,
Q6252298,274,,2003,
Q6087580,,,,
Q29954682,,,1919,
Q7389546,,,,https://www.qitepinscience.org/
Q230492,58910,,1817,https://umich.edu
Q132476806,,,,https://ctevt.org.np/
Q7262282,,,2002,https://www.ptu.edu.cn/
Q131428109,,,,https://www.uc.pt/icnas/cibit/
Q49054837,,,2010,https://viasm.edu.vn
Q4125384,474,,1971,https://voronezharts.ru/
Q9380707,,,1994,
Q134250802,,,,https://gesundheitscampus.hochschule-bochum.de
Q2177054,,,1878,
Q4841265,,,1994,https://www.bscu.ac.kr/
Q17068335,,,1994,
Q7275731,,,1994,
Q4881135,,,1985,
Q10387774,,,,
Q30257708,,,,
Q13564053,14769,,1968,https://www.wilmu.edu/
Q1432030,,,1946,
Q135095640,,,,https://www.fct.unl.pt
Q30286715,,,,
Q134738326,,,,https://smart.org.cn
Q15841278,,,2007,https://www.ph-ooe.at/
Q3551363,,,1989,https://www.univ-tlemcen.dz/
Q7895472,1005,,1932,https://www.uprovidence.edu/
Q3551667,,,2011,
Q7339779,1920,,1842,https://www.roanoke.edu/
Q1350021,31313,,1951,https://uow.edu.au
Q5123486,677,,1983,
Q30292319,,,,
Q7895443,,,2008,
Q1257534,580,,1991,https://fhf.brandenburg.de/
Q30266523,,,2004,
Q1311824,637,,1991,https://www.munich-business-school.de/
Q109912477,,,2019,
Q136663858,,,1974,https://www.waterinstitute.ac.tz
Q84014311,,,2003,
Q137943737,,,1946,https://usfx.bo/institutos-de-investigacion/instituto-farbio/
Q30282143,,,1983,
Q24907755,,,2014,https://www.rlbcau.ac.in
Q6843449,,,1986,
Q1822284,,,1931,
Q7568730,,,1995,
Q7059512,2962,,1949,
Q141195058,,,2014,
Q5035685,3020,,1830,https://www.capital.edu/
Q2621984,,,1961,https://polaruniversity.ru/
Q20026260,,,,
Q29055168,,,,
Q16097740,,,,https://www.jangan.ac.kr/janganENG/index.do
Q5440259,,,2002,https://www.fisat.ac.in
Q16628491,,,1931,
Q4071715,,,1930,https://www.astu.org/en
Q1476738,12000,,1875,https://www.uco.fr/fr
Q1193155,5130,,1993,https://www.kocuniversity.cn/
Q11441179,,,1917,https://osaka-nougei.ed.jp/
Q4743139,42,,1871,
Q86012753,,,,https://tnti.vnu.edu.vn
Q4397939,,,1992,
Q30257337,,,,
Q653638,20000,,1959,https://babcock.edu.ng
Q55394452,,,2017,https://www.hgu.ac.in
Q109912035,,,2004,https://stikesmajapahit.ac.id
Q138860632,,,,https://www.helmholtz-munich.de/en/ies
Q3578127,,,1994,https://www.ensai.fr
Q7896757,,,1995,
Q11086700,3746,,1969,
Q130882916,,,1958,https://sites.google.com/view/malawicollegeforestrywildlife/home
Q3444527,9635,,1855,
Q3550203,,,,
Q7105586,,,1988,
Q99285480,,,,
Q4475843,,,1927,https://www.dbrau.ac.in
Q3290454,,,1831,https://www.umsa.bo
Q10302682,,,,
Q7813941,,,1916,
Q16983276,2624,,1961,https://www.wvup.edu/
Q6100403,,,1903,
Q10829118,,,2007,
Q19746156,,,2007,https://www.machung.ac.id
Q686171,4220,,1991,
Q4026847,962,,1876,
Q24934135,,,2014,
Q1665240,,,1975,
Q6540153,,,1950,
Q30294663,,,,
Q805122,21597,,1918,
Q24896812,,,1998,
Q5127175,7665,,1933,
Q30294775,,,,
Q138460714,,,2022,https://www.istici.edu.ec
Q109911609,,,,https://iailm.ac.id
Q6965405,,,1998,
Q120983306,,,1984,
Q127415588,,,,https://fcfibadan.edu.ng
Q61931719,,,1965,
Q32393,,,1942,
Q42317858,,,2010,
Q5945112,920,,1854,https://www.huntingdon.edu/
Q12060998,,,1992,
Q30288287,,,,
Q5946948,,,1863,https://huronatwestern.ca/
Q7692256,,,2007,https://www.tcsg.edu/
Q6156842,,,2008,https://udc.edu.ar/
Q10387839,,,1939,
Q6727119,,,2005,
Q107477981,,,1986,https://fcetbichi.edu.ng/
Q7894409,,,2001,
Q125450770,,,,https://www.sbtsue.uz
Q138860158,,,2024,https://www.beopolis.edu.rs
Q13417870,,,1944,https://qyzpu.edu.kz/kz/
Q17123097,119,,2009,https://www.fhsmp.de/
Q11050122,,,1956,
Q20828998,,,2015,https://www.hfgg.de
Q109913113,,,2009,
Q141194386,,,,https://www.msucollege.edu.my
Q11654171,,,1963,https://www.nagano-nct.ac.jp/
Q7978975,,,,
Q5650092,,,1972,https://www.ulbra.br/
Q19747794,,,1994,
Q55669420,,,2017,https://baucyprus.edu.tr/
Q129342866,,,2021,
Q7312772,1802,,1955,
Q4716513,4299,,1882,
Q30263792,,,2007,
Q30289519,,,,
Q112677081,,,,https://www.cqcet.edu.cn/
Q11353255,,,1964,
Q133811263,,,2022,https://tiu-edu.uz
Q85812314,,,2018,
Q138860159,,,,https://www.helmholtz-munich.de/en/icb
Q7380113,,,1974,
Q7333290,,,2000,
Q85879100,,,,https://ubbj.gob.mx/
Q17141904,,,1999,
Q5275880,,,1994,
Q673308,2944,,2000,https://www.unilu.ch/
Q109919612,,,1979,https://www.stiebp.ac.id
Q115768960,,,,
Q11357827,27,,1919,
Q1190904,,,1949,https://www.u-gakugei.ac.jp/
Q56276679,,,2019,https://www.kuhes.ac.mw
Q3551730,,,1997,
Q30294490,,,1972,https://www.ubharajaya.ac.id
Q11482957,,,1972,
Q21019957,,,,
Q30261358,,,1857,
Q3233786,7106,,1858,
Q27963971,,,2016,https://www.hpnlu.ac.in
Q16999942,,,,
Q7461717,,,1988,
Q135095637,,,2014,https://www.urgpge-ua.mg
Q141193745,,,,
Q115768943,,,2020,https://cktutas.edu.gh
Q11546425,,,1981,
Q110975672,,,,https://uoalhuda.edu.iq/
Q109913472,,,2009,https://stikespmc.ac.id
Q131294861,,,1992,https://new.krmu.edu.kz
Q123695049,,,2018,https://jic.edu.iq
Q615301,,,1876,
Q3551420,,,1969,
Q30293756,,,,
Q25059201,,,1973,
Q30294527,,,2008,
Q16553162,,,,
Q546976,15705,,1966,https://www.surrey.ac.uk/
Q141194185,,,1990,https://ktys.edu.my
Q2349268,,,1957,https://ulstu.ru/en/
Q29052688,,,,
Q117405672,,,2008,
Q4397980,,,1969,https://www.rmat.ru/
Q129342797,,,2021,
Q841999,,,1949,
Q52846335,,,,
Q30266189,,,1908,
Q5639859,,,2002,https://hstu.ac.bd/
Q945699,,,1971,
Q11050842,,,2003,https://www.yvtc.edu.cn
Q109911802,,,2006,https://www.stikesmucis.ac.id
Q1420239,37367,,1884,https://www.temple.edu/
Q4217984,,,,
Q19972112,,,1921,https://www.pdmu.edu.ua
Q7751248,,,1958,
Q6889868,,,2004,https://www.modyuniversity.ac.in
Q2492920,,,1955,
Q1465973,3564,,1994,https://www.himolde.no
Q7377341,,,1981,
Q4917588,,,1966,
Q2579532,,,1954,https://www.usherbrooke.ca
Q130882793,,,2020,https://metinvest.university
Q20024696,,,1991,
Q125496368,,,1994,https://uod.edu.ly
Q11507234,,,1893,https://www.nittai.ac.jp/
Q137795882,,,1975,https://www.marinersnaga.edu.ph
Q7499151,,,1922,https://www.shitennoji.ac.jp/ibu/
Q30262802,,,1987,
Q2304477,4000,,2001,
Q12506025,,,2010,https://www.polibatam.ac.id
Q47522804,,,2009,
Q7894255,,,1998,
Q8033035,,,2002,
Q12523434,,,1986,
Q17929180,,,1982,https://federalpolyoko.edu.ng/
Q4401554,5149,,1932,
Q109912831,,,2008,https://unikaltar.ac.id
Q2891101,,,,
Q3304232,,,1983,
Q726793,,,1947,
Q30294780,,,,
Q7894645,,,2002,
Q609301,26000,,1974,https://www.unist.hr/
Q5714836,4094,,1972,https://hennepintech.edu/
Q16306485,,,,
Q3551366,,,2003,
Q11250404,,,1911,
Q16891825,,,1959,
Q3444675,4868,,1961,
Q109913238,,,2020,https://www.monash.edu/study/indonesia-campus-courses
Q4802201,,,1993,
Q135095709,,,,https://sites.ipleiria.pt/nide/
Q16902453,,,1998,
Q109921997,,,,
Q13565107,,,1932,https://www.nwu.edu.ph/
Q30294509,,,,
Q6063486,3590,,1940,https://www.iona.edu
Q109911999,,,1986,https://staialfalah.ac.id
Q125503560,,,2024,https://www.unfc.ca
Q6683236,,,,
Q112677303,,,,
Q141195474,,,1981,
Q7635955,,,2009,
Q54874601,,,,https://www.ensm.edu.dz/
Q11820361,,,2001,
Q6925055,,,1911,
Q3378846,3133,,1899,
Q112677049,,,,
Q33528514,,,2007,
Q5941008,,,1979,https://miu.ac.ir/
Q4971189,,,2004,
Q109919656,,,2019,https://staiicdemak.ac.id
Q7501452,9612,,,https://www.ssd412.org/
Q17039731,,,1958,
Q18352507,,,2006,https://www.cvru.ac.in
Q129342972,,,2023,
Q1153539,28133,,1921,https://www.xmu.edu.cn/
Q6094155,4696,,1941,
Q6024943,,,1987,
Q9290218,21339,,1973,https://www.unsl.edu.ar/
Q77077037,,,2010,
Q3577687,,,1959,https://www.emi.ac.ma/
Q2983788,,,,
Q753753,108,,1937,
Q41568256,,,1947,
Q11593080,,,1962,
Q25512565,4000,,1991,https://nammqi.uz/
Q7186985,,,2005,
Q1049534,,,1981,
Q179640,438,,1978,
Q4865607,1177,,1902,https://www.barton.edu/
Q111411411,,,,https://upal.edu.pe/
Q131428220,,,,
Q30257392,,,,
Q2033119,6434,,1984,https://univ-avignon.fr/
Q140871839,,,,https://www.upve.edu.mx
Q1728131,,,1874,
Q141195418,,,1999,https://rccsrwk.edu.my
Q4904155,,,1984,
Q127415628,,,2012,https://isa.ao
Q5444268,,,1884,
Q104215974,,,1955,
Q30280659,,,1929,
Q32751,9201,,1980,https://www.nsysu.edu.tw/
Q624686,7409,,1994,
Q29054125,,,,
Q178848,12946,,1842,https://www.nd.edu/
Q6167940,,,2008,https://www.jvwu.ac.in
Q6039982,,,1989,https://ibsu.ac.pg
Q4967681,,,2001,https://www.bimm.ac.uk/
Q10872931,,,1999,
Q56417072,,,2014,https://www.iaisambas.ac.id
Q39048599,,,2015,https://www.ppsu.ac.in
Q16827443,,,2007,
Q137409010,,,2020,https://www.fasup.com
Q21980979,,,1991,https://www.amu.apus.edu/index.html
Q52823886,,,,
Q13018787,,,,https://sru.ac.th/
Q109430622,,,2018,https://www.umkudus.ac.id
Q6733531,,,1968,
Q11421314,,,,https://www.niye.go.jp/
Q4063387,,,1926,https://www.auarts.ca/
Q7096263,,,2012,
Q3578232,,,1941,https://www.ensp.interieur.gouv.fr/
Q11194540,9742,,1994,https://www.ndhu.edu.tw
Q5771251,,,1967,
Q3474474,3688,,1890,https://www.savannahstate.edu/
Q7992330,,,1888,
Q30289409,,,1978,
Q2166712,2210,,1874,https://rose-hulman.edu
Q109910760,,,2002,https://www.stiabanten.ac.id
Q7311825,,,1985,
Q7159068,,,1864,https://www.peddie.org
Q2485032,,,1946,
Q141120548,,,2008,https://rsu.edu.so/
Q1030044,9746,,1929,https://www.qu.edu/
Q30293900,,,,
Q28954342,,,1998,
Q11592017,,,1975,https://www.fukuyama-u.ac.jp/
Q1185548,,,1971,
Q6908463,14361,,1967,
Q5476138,,,1954,
Q109912045,,,2009,https://www.stikeskendedes.ac.id
Q109919239,,,2004,
Q141194406,,,,https://newinti.edu.my
Q30258296,1953,,,https://www.saultschools.org/
Q133812003,,,2021,https://www.ftti.uz
Q7974695,,,1885,
Q1370063,,,1949,
Q98080821,,,2015,https://iimsurakarta.ac.id
Q102347737,,,2014,
Q675848,65436,,1669,
Q133811762,,,2023,https://www.sois-ft.hr
Q30263443,,,1972,
Q128123141,,,2008,https://www.iihmrdelhi.edu.in
Q6099951,,,1963,
Q10994963,,,1989,
Q7252400,121,,2005,
Q656086,,,2006,
Q4833663,232,,1986,
Q109912986,,,2010,https://www.stai.babussalamsula.com
Q109911132,,,1994,https://www.akperykyjogja.ac.id
Q5072766,,,1977,
Q2822445,,,1847,
Q18114002,,,2005,https://www.mvso.cz
Q958942,,,1998,
Q6156647,,,2004,
Q315161,4910,,1980,https://www.ku.de/en/
Q133811102,,,,https://www.jc.kyoai.ac.jp
Q5132104,2269,,1965,
Q30263655,,,1995,
Q140540772,,,2010,https://www.nguchc.com
Q30262964,,,1948,https://www.marwadieducation.edu.in/
Q498532,,,1927,
Q4673936,,,2012,
Q6094102,1058,,1922,
Q20110170,,,1989,https://ujiroft.ac.ir/FA
Q140908118,,,1995,https://ubr.ac.id
Q1424632,197278,,1942,https://alexu.edu.eg
Q7568230,,,1957,
Q121599439,,,2011,
Q11524781,,,1950,https://www.tokyo-kasei.ac.jp/academics/junior_college/index.html
Q5277877,,,1956,
Q4082743,,,1954,https://www.bsatu.by/
Q136663682,,,,https://cfcul.ciencias.ulisboa.pt
Q7590448,,,1985,https://www.stmarys-belfast.ac.uk
Q7442115,31,,1996,
Q15915466,,,1923,https://www.wnu.edu.cn/
Q19731007,,,1990,https://www.polipangkep.ac.id
Q7590435,,,1805,
Q7677295,,,1936,https://www.takasaki-u.ac.jp/
Q1859178,25105,,1796,https://www.strath.ac.uk/
Q30263455,,,2009,
Q105626458,,,2016,https://helvetia.ac.id
Q109913617,,,2006,
Q5917112,,,1982,
Q90902449,,,2019,https://siriusuniversity.ru/
Q5959631,,,2013,
Q11815248,,,1998,
Q7989065,,,1887,
Q5146880,370,,1969,https://www.coa.edu/
Q12523483,,,1980,https://www.uwks.ac.id
Q56840981,,,,
Q136663756,,,1981,https://mgcollegearmori.ac.in
Q10906763,,,1915,
Q4150543,,,1952,
Q6081858,,,,https://editorial.poligran.edu.co
Q3578078,,,1980,https://www.enarabat.ac.ma/
Q125497428,,,2020,https://www.sawauniversity.edu.iq/
Q7286204,,,2007,
Q7102723,,,1935,
Q109912931,,,2007,https://www.almuhajirin.ac.id
Q5193756,1006,,1853,
Q7592137,,,,
Q5169711,1160,,1935,https://www.corban.edu/
Q4954746,,,1968,
Q19983455,,,1974,
Q54980594,,,2011,
Q6023619,3801,,1963,https://northwest.iu.edu/
Q4325171,,,1938,https://www.npi.edu.ru
Q13565108,,,1946,
Q138587076,,,2020,https://giu.edu.pk
Q12093373,6679,,1960,
Q16682067,2580,,2014,https://www.univ-guyane.fr/
Q6156707,,,2008,
Q7586947,887,,1896,https://www.sa.edu
Q837873,,,1950,
Q107298420,,,2021,https://www.msduniv.ac.in
Q131428154,,,,https://www.jusgov.uminho.pt
Q4673527,,,2000,
Q30281195,,,2000,
Q3242069,,,,
Q134250870,,,2008,https://www.eaic.ac.ae
Q133811647,,,1982,https://www.chstkaltungo.edu.ng
Q5640536,,,2008,
Q12204432,,,2012,
Q5175262,,,1967,
Q7896110,,,2000,
Q11083651,,,1978,https://www.xjnu.edu.cn/
Q3113708,,,1974,https://www.hama-med.ac.jp/
Q129342872,,,2021,
Q97041891,,,2007,
Q1468481,,,1886,https://www.deusto.es/
Q30265845,,,,
Q30280113,,,2010,
Q1572655,1200,,1905,https://www.esme.fr
Q52843282,,,1986,
Q4081704,,,1978,
Q4948645,,,1997,
Q130358817,,,2010,https://uninavarra.edu.co/uninavarra/
Q138859585,,,2014,https://ens-mostaganem.dz
Q1503440,12924,,1971,https://www.th-nuernberg.de/
Q495343,,,1971,
Q4903268,223,,1971,
Q19892765,,,2012,
Q111655801,,,,https://www.shukugawa-c.ac.jp
Q3551637,,,2004,
Q4662236,,,1982,
Q21634352,,,2014,
Q7894306,,,1973,
Q7895658,1467,,1903,https://www.umpi.edu/
Q19605635,,,1960,
Q6156485,,,1993,https://www.uisek.edu.ec/es
Q7322177,,,1962,https://www.unri.ac.id
Q15735858,10000,,1994,
Q30267043,,,,
Q3635798,,,1926,https://www.bhatkhandeuniversity.ac.in
Q15261310,,,1992,https://www.ndejjeuniversity.ac.ug/
Q12523348,,,1951,https://www.uin-suka.ac.id
Q130537753,,,,https://www.inu.edu.et
Q30257745,,,,
Q4449707,,,1979,
Q30257339,,,1993,
Q134524000,,,1998,https://www.pdch.com.np
Q14957038,,,2008,
Q1781384,10286,,1886,https://www.utc.edu/
Q7034394,,,1900,
Q29522856,,,,
Q5013372,,,1998,https://www.comsats.edu.pk
Q30263971,,,2008,
Q843141,,,,
Q135398246,,,2019,https://www.akademijajs.edu.rs
Q11590131,,,2005,https://www.kobe-tokiwa.ac.jp
Q6156755,,,1991,
Q3546588,1500,,1979,https://imt-bs.eu
Q4661582,143,,1984,
Q3443325,6150,,1821,https://www.widener.edu/
Q4239244,,,1932,
Q106411997,,,1985,https://www.iaug.ac.ir/
Q29671,,,1973,
Q6035202,,,1997,
Q274486,47094,,1882,https://www.waseda.jp/
Q6364482,,,1987,https://www.kuins.ac.jp/
Q276599,,,1946,https://www.kanazawa-bidai.ac.jp/
Q140351852,,,2021,https://esas-adrar.edu.dz
Q6403485,,,2007,
Q7726778,3863,,1920,
Q7660201,,,1878,
Q30639323,,,2016,https://www.sanskriti.edu.in
Q8027229,1166,,1973,https://www.wlc.edu/
Q7932702,,,1999,
Q16682080,,,2010,
Q9091593,,,1993,
Q9289400,,,1995,https://www.utm.edu.mo/
Q30271647,,,2002,
Q61931873,,,,https://www.sienaschool.com/
Q5784208,,,,
Q108737158,,,2008,https://www.unicafam.edu.co/
Q18484169,,,,
Q1131600,25000,,1919,
Q4671101,,,1960,
Q5527647,,,1960,
Q5878097,,,1989,
Q12523439,,,2005,https://unprimdn.ac.id
Q4775041,895,,1964,
Q100452187,,,2000,https://ucao-uub.com
Q7895378,,,1980,
Q774093,,,1991,
Q28501872,38695,,2014,https://unahur.edu.ar/
Q7573803,,,1899,
Q7603100,,,,
Q131428224,,,,https://www.uc.pt/cech/
Q6825056,13244,,1974,
Q7958639,868,,1832,
Q30294063,,,,
Q1077495,,,1982,https://www.iwm.at
Q30253857,,,,
Q16928304,,,,
Q30260527,,,2005,https://mahsa.edu.my/
Q129343464,,,2021,
Q136663534,,,,
Q12204430,,,1990,
Q1188786,18813,,1911,https://www.kyushu-u.ac.jp/en/
Q48800046,,,,
Q6761994,3706,,1851,
Q10664609,1109,,1926,
Q132803449,,,2022,https://www.icssinstitute.org
Q10771894,,,1961,https://hvnh.edu.vn/
Q5018354,,,,https://www.calallen.org
Q109921435,,,2021,
Q30257889,,,,
Q5917230,,,1859,
Q7659877,,,1983,
Q15262202,,,2006,
Q135095672,,,2013,https://www.mtc.edu.om
Q1678753,,,1919,https://www.put.poznan.pl/
Q7406311,1280,,1919,
Q2510885,6513,,1930,
Q625548,,,1988,https://sgu.ac.kr/
Q1765076,,,1998,
Q28448235,,,1997,
Q1711196,,,1953,
Q5440479,,,1955,
Q74432556,,,2005,https://stitpemalang.ac.id/
Q141194502,,,,https://www.ikmbintulu.edu.my
Q3010021,,,,https://cegep-lanaudiere.qc.ca/joliette/
Q7976841,2871,,1897,
Q9380842,,,1997,https://www.merito.pl/lodz/
Q109442107,,,2018,https://amikomsolo.ac.id
Q19600169,,,,
Q1472245,19000,,1830,https://bmstu.ru/
Q109912744,,,2001,https://www.poltekkesjambi.ac.id
Q1782926,734,,1844,
Q30257682,,,1996,
Q135095388,,,,https://www.centrosanisidoro.es
Q1152933,2363,,1949,https://english.otaru-uc.ac.jp/
Q5123579,,,1892,https://www.bathcollege.ac.uk/
Q4394523,,,1992,
Q138460654,,,,https://ytm.metu.edu.tr
Q25038020,,,,
Q11074630,,,1956,
Q7341734,,,,
Q7894277,,,1983,
Q67807829,,,2000,https://cam-ed.com/
Q4407705,10000,,1930,
Q7522014,18687,,1887,https://www.sinclair.edu/
Q3551462,,,1976,
Q168426,43728,,1780,https://www.uni-muenster.de/
Q931642,11779,,1945,
Q97182768,,,1962,https://www.isdrbukavu.ac.cd/
Q46996989,,,1958,
Q3544530,,,1952,
Q109919330,,,2012,https://www.staispa.ac.id
Q118874751,,,2021,https://dsuniversity.ac.in
Q4924344,,,1984,
Q5208191,,,1971,
Q22032220,,,1994,
Q30266469,,,2005,
Q140907541,,,2002,https://jmc.edu.ph
Q5838712,,,1950,https://www.emi.edu.bo/
Q5253375,,,1966,https://www.dtcc.edu/
Q77075816,,,,https://lehrkraefteakademie.hessen.de/
Q157575,55004,,1621,https://www.unistra.fr
Q1441652,4148,,1957,https://www.fmarion.edu/
Q109123004,,,2004,https://stihbiak.ac.id
Q7687220,,,1991,
Q30267715,,,1990,
Q65494763,,,2019,
Q109440112,,,2019,
Q184478,295573,,1868,https://universityofcalifornia.edu
Q11449647,,,1962,
Q5056011,2090,,1968,
Q108737592,,,2016,
Q5428836,,,,
Q5025749,,,1967,
Q7080808,1415,,1911,https://www.ohiodominican.edu/
Q7885570,757,,1891,
Q29731,,,1988,https://www.umayor.cl/um/
Q7920365,11789,,1925,https://www.venturacollege.edu/
Q124393936,,,2022,
Q2340211,22893,,1920,https://jmi.ac.in
Q109365436,,,,https://www.sqzy.edu.cn/
Q3815307,,,1925,
Q30263414,,,1977,
Q5158956,1973,,1891,https://www.concordiacollege.edu/
Q4315125,,,1915,https://nuwm.edu.ua/
Q84587874,,,1989,https://www.ikipsaraswati.ac.id/
Q33121326,,,,
Q20427726,,,1994,https://www.unwidha.ac.id
Q6480379,,,1972,https://www.lnmu.ac.in
Q130394915,,,2016,https://www.infront.kyoto-u.ac.jp/
Q10302635,,,1983,
Q136663902,,,2015,https://iech.conicet.gov.ar
Q15902057,,,,
Q3119358,,,1981,
Q265866,56978,,1919,https://www.unl.edu.ar/
Q2325001,,,1984,
Q554425,15000,,1971,https://www.fh-muenster.de/
Q109911114,,,2016,https://www.umbjm.ac.id
Q109919465,,,1985,https://stie-yai.ac.id
Q6091376,,,2010,
Q4791744,863,,1884,
Q5123283,,,1919,https://www.citylit.ac.uk/
Q30293650,,,,
Q25568068,,,2008,https://dsnlu.ac.in
Q17174149,,,,
Q4303876,,,1995,
Q61137634,,,2001,
Q3577772,,,1896,https://www.heia-fr.ch/
Q19829484,,,1919,
Q30624340,,,1978,
Q7413621,,,1972,
Q168751,18003,,1838,https://duke.edu
Q7895470,,,2008,https://www.ugb.ac.in
Q1783294,,,1991,
Q7099536,18125,,1947,
Q103021183,,,2007,https://www.udg.edu.me
Q12719874,,,1872,https://www.anmb.ro/
Q30263954,,,2022,https://upnb.ac.id
Q33100727,,,2004,https://www.iweps.be/
Q699543,10812,,1974,https://www-i.ntust.edu.tw/home.php
Q30264916,,,2002,
Q133812278,,,1984,https://www.agstphil.org
Q5207893,,,2003,
Q3301403,,,1992,https://www.bircham.edu
Q43896615,,,1998,https://sph.uth.edu/campuses/dallas/
Q130314525,,,2013,
Q109913372,,,2018,https://www.itk-avicenna.ac.id
Q30263498,,,1972,
Q109919528,,,2009,https://www.stkip-ktb.ac.id
Q3105568,,,1931,https://www.isical.ac.in/index
Q5591138,2849,,1946,
Q131875235,,,,https://www.unip.br/universidade/localidades/sp/campinas/unip---campinas
Q3442365,,,1950,
Q2021574,,,1978,https://vlir.be/
Q140907903,,,2021,https://dyp-atu.edu.in
Q65284623,,,2021,https://aiimsmadurai.edu.in
Q134251278,,,,https://edcn.pt/pt-pt/
Q3445063,742,,1889,
Q1333303,29927,,1991,https://hkust.edu.hk
Q16891916,,,2012,
Q43402,9146,,1980,
Q138860496,,,1977,https://llano.tecnm.mx
Q6821881,,,1987,
Q317125,5700,,1855,https://www.reutlingen-university.de/
Q15222271,,,2004,https://www.gnlu.ac.in
Q6385846,3469,,1956,
Q30257206,,,1995,
Q19719980,,,,
Q12486662,,,2001,
Q1142380,5300,,2003,
Q4824397,,,1968,
Q109923159,,,2021,
Q93966407,,,,
Q22080012,,,2015,https://www.unimed.edu.ng/
Q2812024,,,1945,
Q1985003,,,1965,
Q4764383,,,1945,
Q18915353,,,1991,
Q1702536,,,1998,
Q7587300,,,,https://www.sbpsb.org/
Q7080960,998,,1960,https://lima.osu.edu/
Q141194583,,,2024,https://www.ita.br
Q12486654,,,1999,https://www.isi-padangpanjang.ac.id
Q6452146,3633,,1925,https://www.kuas.ac.jp/
Q1310048,,,1957,
Q30263452,,,1990,
Q5073356,,,1928,
Q3931927,,,1994,
Q884358,6140,,1971,
Q109913162,,,2018,https://www.poltekkeskartinibali.ac.id
Q5919327,,,1945,
Q112677020,,,,https://www.gxgy.edu.cn
Q6048912,,,1889,
Q4754626,,,1965,https://andovernewton.yale.edu
Q39050642,,,,
Q30263391,,,1993,https://www.christies.edu/new-york.aspx
Q7010214,,,1891,
Q15730456,,,1998,
Q6749807,,,1994,https://www.manipal.edu.np/mcoms.html
Q7571372,2295,,1968,
Q5440482,,,1968,
Q4702271,,,1997,
Q6863627,,,1968,
Q61931275,,,1993,
Q5134167,119,,1894,
Q135738430,,,2010,https://hibmat.com
Q5777277,,,1959,
Q5784211,,,,
Q30294172,,,,
Q1301275,5945,,1949,https://www.tuat.ac.jp/
Q25630027,,,2006,
Q11828159,,,1993,
Q1791968,,,1954,
Q118192977,,,2007,https://nacca.gov.gh/
Q6472950,,,1952,
Q51681544,,,1970,https://www.envsn.sports.gouv.fr/
Q30944671,,,1998,https://www.sdycu.edu.cn/
Q6818526,,,1985,https://www.mercubuana.ac.id
Q2261128,24716,,1960,https://www.unich.it
Q1989628,,,1918,https://www.dnu.dp.ua
Q1707084,27065,,2009,https://www.fnu.ac.fj/
Q8052857,,,1964,
Q6960230,,,1954,
Q5616949,,,1951,
Q4720977,,,1996,https://www.aiet.edu.eg/
Q10279683,,,1975,
Q5758041,22000,,1988,
Q141194260,,,,
Q6970347,1440,,1974,
Q14709930,,,1849,
Q543289,,,1965,
Q10829059,,,,
Q13018770,,,1949,
Q131875538,,,,https://www.andrew-edu.ac.jp
Q5430605,,,1876,
Q4360216,,,1989,
Q6806307,1617,,1893,https://www.mcw.edu/
Q43895690,,,2007,https://angstronmaterials.com/
Q6051157,,,2007,
Q5328880,33397,,1945,
Q414403,,,1926,https://www.academyofathens.gr/
Q6156556,,,1982,
Q131428174,,,,https://cfisuc.fis.uc.pt
Q56274195,,,2015,
Q5591059,1901,,1948,
Q104633597,,,1981,https://stia-malang.ac.id/
Q133811893,,,,https://www.amti.ru
Q6088582,,,2003,
Q3551391,,,1992,https://univ-danubius.ro
Q116872670,,,2000,https://globaluniversity.edu/
Q16496749,,,,
Q109912131,,,2014,https://staidarussalamlampung.ac.id
Q11593208,,,,
Q7603610,2127,,1911,https://www.esf.edu/
Q6733411,2015,,1971,https://www.miu.edu
Q20459455,,,,
Q60741027,,,,https://www.unicamillus.org
Q140351243,,,1982,https://www.istm-kinshasa.ac.cd
Q1071738,,,1942,https://chibatech.jp/english/
Q5854873,,,1975,https://www.acatlan.unam.mx/
Q7414902,,,,
Q11124711,,,1993,
Q624831,,,1974,
Q131428232,,,,https://www.ubi.pt/Sites/FCSaude
Q9380828,,,2004,
Q3298919,,,1984,https://vit.ac.in/
Q128123124,,,1994,https://www.utpuebla.edu.mx
Q99928358,,,,https://www.upy.edu.mx/
Q30294264,,,2004,https://www.univ-tam.dz/
Q605825,5000,,1930,https://vgltu.ru/
Q7178958,,,1939,https://put.ac.ir
Q165528,10366,,1456,https://www.uni-greifswald.de/
Q56841473,,,,
Q16543772,,,1970,https://consvv.it/
Q5123476,,,2002,
Q7306738,6796,,1926,
Q18124474,,,1956,
Q50359480,,,2018,
Q130882742,,,2018,https://pips.pratiksha-edu.in
Q624332,,,1977,
Q573061,,,1857,https://uni-bge.hu/
Q1375146,18000,,1973,https://www.murdoch.edu.au/
Q132803453,,,2023,https://www.healthdeep.org
Q140045492,,,2019,https://kwiu.edu.ge
Q4383005,,,1992,
Q7894334,,,1960,
Q30289015,,,,
Q7988105,2896,,1893,https://wnmu.edu/
Q116959456,,,2004,https://ucade.edu.do
Q8058617,,,1913,
Q6156645,,,2003,
Q109913305,,,2010,
Q18455299,,,1993,https://www.lu.ac.ae/
Q5983713,,,1949,
Q6806299,,,1992,https://www.medicalcollegeforwomen.edu.bd/
Q115768948,,,2015,https://kdu.edu.et
Q16361279,,,,
Q7105545,,,1905,
Q133810690,,,,https://www.vucklar.dk
Q7121494,,,2001,
Q18511386,,,2006,https://ligsuniversity.com/
Q30263577,,,1971,
Q7450188,,,1879,
Q1360237,,,1957,
Q16579187,,,1929,
Q5588690,,,1960,https://kalahandiuniversity.ac.in
Q30267995,,,1902,
Q850798,,,,
Q5626894,,,2008,
Q5461608,22344,,1966,
Q131428229,,,1922,https://contaduria.uady.mx
Q1253123,9331,,1893,
Q7893912,,,2005,
Q84654205,,,2018,https://nu.edu.om/
Q30257554,,,,
Q112752046,,,,https://www.institutosaphir.cl
Q109913307,,,2020,
Q54096,52204,,1388,https://uni-koeln.de
Q3338511,,,1958,https://www.wmu.edu.cn/
Q97070085,,,,
Q109913121,,,2001,https://stiemuttaqien.ac.id
Q134250815,,,,https://academiamusicalisboa.com
Q6393501,,,2010,https://www.kvasu.ac.in
Q55708769,,,,
Q338472,4681,,1776,
Q3027788,46523,,1959,
Q282885,,,1997,
Q3444292,3771,,1908,
Q4738004,3400,,1988,
Q109911538,,,2014,https://stiekrakatau.ac.id
Q140798142,,,2021,https://fedpolynyakshendam.edu.ng/
Q109919288,,,1991,https://www.sttbandung.ac.id
Q5084121,,,,
Q109913221,,,2017,
Q19841130,,,1999,https://www.zwu.edu.cn/
Q17211211,,,,
Q13069491,,,,
Q99404440,,,,
Q7081021,273,,1960,
Q132158043,,,,
Q20580456,,,1920,
Q9380763,,,1995,
Q4808374,,,2009,https://www.dbuniversity.ac.in
Q18111608,,,2004,
Q466710,,,1817,
Q106412110,,,,https://www.meteoceanics.pt/
Q30286923,,,,
Q4987187,,,1952,
Q30263890,,,1967,
Q18484232,,,1989,
Q7171165,,,1657,
Q10829074,,,2007,https://www.uef.edu.vn/
Q9380819,,,,https://uczelniakorczaka.pl
Q4832391,,,1997,
Q18467828,,,1974,
Q2044172,,,2013,https://www.phsz.ch/
Q866012,48771,,1909,https://www.uq.edu.au
Q14874255,,,2005,
Q1313163,,,1995,
Q30260359,,,1976,
Q309331,61419,,1870,https://osu.edu
Q18358246,,,2006,https://www.sgrrmc.com
Q16834536,,,2005,
Q685872,,,1908,
Q5346709,,,,
Q1368164,,,1924,
Q22080943,,,2011,https://rafflesuniversity.edu.in
Q5588825,,,1957,https://www.gectcr.ac.in
Q19894826,,,1998,
Q141194679,,,2019,https://ai.ueh.edu.vn
Q5553275,,,,https://coljal.mx/
Q7419552,11253,,1896,https://sfps.info
Q30264874,,,1949,
Q6350423,6656,,1966,
Q2058345,7000,,1874,
Q7726776,71,,1973,
Q591426,15033,,1902,https://www.fhsu.edu/
Q30263905,,,1998,https://college.ch/
Q30294262,,,1993,https://ipsas-ens.net/
Q1439629,4874,,1917,
Q135738424,,,2006,https://www.unb.ca/greggcentre
Q129342828,,,2021,
Q6521314,,,,
Q217910,,,,
Q7403184,,,1955,
Q22948555,,,2004,
Q4745156,,,2006,https://www.americansportsuniversity.com/
Q129342837,,,2022,
Q3316928,2032,,1950,https://www.mvsu.edu/
Q30280150,,,1954,https://ipvz.cz/
Q5708980,,,1987,
Q1142924,,,1934,https://www.um.edu.my/
Q22080746,,,2010,
Q11141537,,,1923,
Q3578417,,,1992,
Q109912232,,,1995,
Q5417138,2247,,1998,https://www.evergladesuniversity.edu/
Q6407407,43935,,,https://www.killeenisd.org/frontPageV3/
Q30294027,,,,
Q883036,8749,,1908,
Q1084094,,,1954,
Q30294684,,,1986,https://www.iba.ac.id
Q109912998,,,,https://www.sttkalimantan.ac.id
Q30293623,,,1956,
Q7461532,,,2009,
Q6960212,,,1951,
Q1695599,,,,
Q11552787,,,1965,
Q140907356,,,,https://us.edu.mx
Q12236085,,,2009,
Q11979088,1306,,1867,https://www.jcsu.edu
Q1309998,,,1998,https://www.uninsubria.eu
Q102523007,,,1910,
Q1479987,,,1877,https://www.ict-toulouse.fr/
Q2718933,3784,,1964,https://www.rwu.de/
Q118104566,,,2022,https://www.mbu.asia
Q6156327,,,1996,
Q30253869,,,,
Q7338302,,,1987,https://ceapoly.edu.ng/
Q107404539,,,,
Q655542,,,1951,
Q30262849,,,1954,
Q219317,23849,,1361,https://portale.unipv.it/it
Q5986177,,,1937,
Q139027873,,,2001,https://www.patriciancollege.ac.in/
Q5942044,,,1978,
Q10387880,,,1965,
Q6867765,,,2002,
Q2140369,12376,,1945,https://www.p.lodz.pl
Q5876115,700,,1990,
Q30257262,,,,
Q12074615,,,1946,https://ipp.gov.ua/
Q1474624,19577,,1919,https://ysu.am
Q5163392,,,,https://consortium.org/
Q30294439,,,,
Q140876269,,,2025,https://staimh.ac.id
Q4126742,,,1903,
Q483032,,,1948,https://mju.ac.kr
Q648599,,,1983,
Q3666593,,,1968,
Q10403916,,,2011,
Q487836,,,1948,https://www.gnu.ac.kr/
Q6082244,,,1985,
Q30293786,,,,https://lucerna.edu.mx/
Q56271958,,,,
Q6073794,,,2006,
Q7708458,,,1980,
Q16097602,,,,
Q11489958,,,,https://www.tokushima-ec.ed.jp/
Q2120272,33000,,1938,
Q17307710,,,1976,
Q18118745,,,,https://en.zyufl.edu.cn/
Q4380853,7642,,1870,https://www.mst.edu/
Q6706571,4454,,1967,
Q3152611,,,1995,
Q5345719,2123,,2002,
Q19613837,,,,
Q1168859,,,1678,https://albertina-academy.it/
Q4412628,,,1959,
Q85877927,18835,,2021,https://en.nycu.edu.tw/
Q30265879,,,1958,
Q109911163,,,2000,https://www.binahusada.ac.id
Q7894366,,,1975,
Q2610734,,,2006,https://www.umn.ac.id
Q5171775,4063,,1957,
Q10873032,,,1999,
Q7077867,,,1995,
Q1664823,,,1938,https://ibk-heyrothsberge.sachsen-anhalt.de/
Q141194498,,,,https://latihan.moh.gov.my
Q5209138,,,1955,
Q18357639,,,2011,https://www.uuhf.ac.in
Q52162254,,,2018,
Q1815994,34000,,1946,
Q5483039,3304,,1946,https://franciscan.edu/
Q4584790,,,1967,
Q141194642,,,2022,https://my.sunway.edu.my/sunwaytesjb/
Q4836325,,,2001,
Q7571442,1537,,1961,
Q56648907,,,,
Q5412393,,,1988,
Q4267920,,,1921,
Q139407502,,,1988,https://www.gvpcdpgc.edu.in
Q1860208,,,1908,https://www.nui.ie/
Q10387852,,,1964,
Q129343001,,,2022,
Q1209685,,,1920,https://www.ibaraki.ac.jp/
Q30294310,,,1959,
Q2669434,5880,,1996,
Q65199602,,,,https://jami.edu.af
Q7163294,,,1934,https://schuylkill.psu.edu/
Q15649513,,,,
Q27044883,,,,
Q25458380,,,2021,
Q3551830,,,1950,
Q5180556,6012,,1972,
Q109913887,,,2019,https://pepbandung.ac.id/
Q7813300,,,1923,https://univ.shibata.ac.jp/
Q1366589,8000,,1994,https://www.uni-dubna.ru/
Q581252,,,1895,
Q30295997,,,2011,
Q7934199,,,1983,
Q12523475,,,2014,https://www.unimor.ac.id
Q109442110,,,2020,https://sttw.ac.id
Q5933098,,,1973,
Q129343342,,,2019,
Q4494336,,,1970,
Q1518473,,,1991,
Q11426668,967,,1908,
Q109912290,,,2003,https://amik-nurmal.ac.id
Q4784581,,,1986,
Q11419694,,,,
Q14957010,,,2008,https://kahedu.edu.in/
Q50309576,,,,
Q4452998,,,,https://pharmi.uz/
Q8027270,80,,1978,
Q7270828,,,1996,https://www.queensuniversity.org/
Q137397370,,,2025,https://khwu.uz/
Q25450410,,,2014,https://bauc14.edu.iq
Q7124691,,,1946,
Q141194814,,,2014,https://www.xwa.edu.sg
Q3151718,,,1955,https://www.ib.edu.ar/
Q7895340,,,2002,
Q3699300,,,1998,
Q111423680,,,,https://www.ulasalle.edu.pe/
Q130537749,,,,https://www.isce.pt
Q5838892,,,1978,https://www.eseade.edu.ar/
Q20962476,,,,
Q43896508,,,1953,
Q492519,2116,,1906,
Q85449,25000,,1898,https://kpi.ua/
Q12486644,,,2008,
Q3578311,,,2002,https://polytech.univ-tours.fr
Q2839974,,,1976,https://www.aragon.unam.mx/
Q11494244,,,1899,
Q109912011,,,2001,https://mahaprajnastab.ac.id/
Q29522585,,,,
Q3551592,,,1953,https://uhearst.ca/
Q135095620,,,,https://toxrun.iucs.cespu.pt
Q1519674,,,1968,
Q123600984,,,,https://www.univi.it/
Q1932075,7283,,1922,https://msutexas.edu
Q15570,19861,,1963,https://cuhk.edu.hk
Q317087,5968,,1964,https://www.uni-luebeck.de/
Q126839530,,,2006,https://mmcop.edu.in
Q5130334,6879,,1969,https://clayton.edu/
Q5656138,4617,,1924,
Q3635018,,,1938,
Q6105653,825,,1961,
Q30268153,,,,
Q1146435,1500,,1995,https://www.upnm.edu.my/
Q1076606,,,1974,https://www.ujkz.bf/
Q1121983,650,,1987,https://www.uni.gl/
Q109913126,,,2019,
Q3547145,,,1971,https://www.bcu.ac.uk
Q1391186,,,1994,
Q41568147,,,1956,
Q56584038,,,1970,
Q61363123,,,1993,https://www.kmpht.ac.th
Q17632346,3173,,1990,
Q30294144,,,,
Q30265681,,,1991,
Q14469027,777,,2009,
Q2496233,6000,,1396,
Q1311379,2685,,1869,https://www.trinity.edu/
Q5401417,,,1944,
Q109919233,,,2006,https://www.dianhusada.ac.id
Q7896324,,,1967,https://uscupstate.edu/
Q7227028,,,1979,https://www.ipbeja.pt/en/Pages/default.aspx
Q87401635,,,,
Q2529518,67930,,1957,https://uot.edu.ly/
Q30293890,,,,
Q27994491,,,1930,
Q12523350,,,1952,https://uisu.ac.id
Q7202470,,,,
Q7101137,417,,1987,
Q30294485,,,,
Q134250799,,,,https://escolanaval.marinha.pt
Q7603620,3135,,1906,https://www.canton.edu/
Q3010005,,,1971,https://www.cegepstfe.ca/
Q761534,40118,,1785,https://uga.edu
Q10387879,,,1958,
Q4008225,,,1928,https://www.vfmac.edu/
Q10829094,,,1990,
Q4058030,,,1940,https://www.adygnet.ru/
Q4940229,,,1982,https://www.bolton-sfc.ac.uk/
Q2865901,,,,https://www.artsaucarre.be/
Q87739027,,,,https://dentistry.yonsei.ac.kr/
Q10387642,,,1997,https://portal.uniasselvi.com.br/
Q871369,1804,,1841,
Q4470465,2700,,1996,
Q14687585,,,1984,https://www.ipmi.ac.id
Q12323381,,,2009,
Q6959003,,,1935,
Q1030866,,,1998,
Q7895888,4247,,1880,
Q4673537,,,1964,https://angrau.ac.in/
Q140907625,,,1957,https://scdaturda.ro
Q483402,,,1954,
Q48731015,,,2017,
Q502824,8139,,1977,https://www.hkr.se/
Q7986877,1253,,1972,
Q30294266,,,2009,
Q6156788,,,1994,
Q14778986,,,1993,
Q9091550,,,1967,https://universidadean.edu.co/
Q135480040,,,2021,https://ccimcollege.com
Q30266472,,,,
Q7101371,1374,,2001,
Q7415930,,,1992,https://www.sandau.edu.cn
Q141195428,,,2004,https://www.shelton.edu.sg
Q7369622,,,1992,
Q131428225,,,,https://systec.fe.up.pt
Q7651180,,,1991,
Q30263381,,,2002,
Q1279704,,,1948,
Q5388284,8364,,1946,
Q138587616,,,2006,https://www.greenhopeuniversity.edu.so
Q11453711,,,1908,https://sibano.myswan.ed.jp/
Q13114341,,,1955,https://www.rajagiri.edu
Q5146657,,,1988,
Q59822615,,,,
Q141193704,,,,
Q5317603,,,1864,https://dcps.duvalschools.org/
Q100523641,,,2012,
Q4701228,,,1953,
Q7919327,,,1992,
Q3329652,9415,,1997,https://www.uic.es
Q86902171,,,2020,
Q30293677,,,,
Q3551438,15054,,1971,
Q135095583,,,2001,https://www.cesda.com
Q7894396,,,1971,https://www.usjt.br/
Q90571031,,,2011,https://www.theccm.co.uk/
Q109911593,,,2016,
Q32821,,,1993,https://www.uspceu.com
Q30293891,,,,
Q140352254,,,,https://sviet.ac.in
Q411895,,,1958,https://rtu.lv
Q7571863,2914,,1938,
Q3578204,617,,1968,
Q623604,,,1995,https://www.handong.edu
Q1245583,4742,,1971,https://rh-koeln.de/
Q7938058,,,1988,https://www.uvm.cl/
Q5070660,,,2006,https://www.cnlu.ac.in
Q30283193,,,1964,
Q15213548,2303,,1896,
Q11135052,,,1933,
Q4849288,24903,,1913,https://www.bakersfieldcollege.edu/
Q30257531,,,,
Q16053180,,,1966,
Q7603209,3928,,1966,
Q1367256,6800,,1946,https://mipt.ru/
Q16684257,,,,
Q30294160,,,1987,
Q61931711,,,2007,
Q138860423,,,2000,https://www.cicataaltamira.ipn.mx
Q7692432,,,2012,https://www.technoindiauniversity.ac.in
Q7895388,,,2002,
Q5733950,27297,,1994,https://www.unsam.edu.ar/
Q5521285,,,1998,
Q30293942,,,,
Q7225469,,,1964,
Q61932524,,,2007,https://en.colegioarula.com/
Q33121280,,,,https://www.cuso.ch/
Q3551578,2977,,1956,https://udallas.edu/
Q30294446,,,,
Q28949978,,,2001,https://unisan.ac.id
Q706177,7217,,1958,https://www.cmu.edu.tw/
Q132531174,,,1953,https://ptithcm.edu.vn
Q7413609,512,,1970,
Q3551569,,,1901,
Q2140778,19718,,1829,https://www.rit.edu/
Q123382196,,,2011,https://sulicihan.edu.krd
Q11525492,1075,,1940,
Q1630459,,,1983,
Q17068763,,,2014,
Q7958917,,,1992,
Q133812241,,,2018,https://suttneruni.at/de/universitaet
Q3036648,,,2005,https://worcester.ac.uk/
Q30286223,,,,
Q2507812,,,1987,
Q129342966,,,2022,
Q482680,,,1946,
Q2303102,,,1977,https://www.sum.ba/
Q2879544,,,1951,
Q6765691,,,1901,
Q30259515,,,,
Q135983401,,,,https://www.physiol.med.uni-muenchen.de/index.html
Q30257434,,,,
Q4407732,,,1929,
Q136524138,,,,
Q860527,40953,,1890,https://www.unt.edu/
Q705316,,,1958,https://www.iese.edu/
Q30293893,,,,
Q30257723,,,,
Q12131112,,,1993,
Q128123109,,,2018,https://www.gaia.college
Q7894846,,,1982,https://new.ut.edu.lb/en/
Q17064413,,,2012,https://www.kzu.ac.in
Q5146625,5107,,1968,
Q4742868,169,,1923,
Q541548,4282,,1838,https://www.unine.ch/
Q7660561,,,2007,https://sec.ac.bd/
Q7894337,,,2005,
Q7895145,8747,,2003,
Q11997311,,,1949,
Q28085949,,,2012,
Q41737273,,,1953,
Q7913402,,,1997,
Q116959458,,,2019,https://www.exeter.ac.uk/research/medicalmycology/
Q5649375,1028,,1827,https://www.hanover.edu/
Q25053184,,,2014,
Q7673531,,,1979,https://tabor.edu.au/
Q10279307,,,1989,https://www.wyden.com.br/uniruy/
Q2088266,,,1931,
Q30294464,,,1963,https://mahendradattauniversitas.ac.id
Q1736410,,,1951,https://www.unisantos.br/
Q1736342,1728,,1971,
Q6781819,2613,,1915,
Q100956240,,,1985,
Q29162657,,,,
Q4426595,,,1992,
Q29002800,,,,
Q30283209,,,1970,
Q28679456,,,,
Q19747809,,,1993,https://www.stikombanyuwangi.ac.id
Q52856767,,,1917,
Q3028249,43403,,1957,https://www.uade.edu.ar/
Q4745400,,,1990,
Q24388511,,,2001,
Q30294019,,,,
Q115249824,,,2019,https://itts.ac.id/
Q6105669,,,1965,
Q3048047,6028,,1967,https://www.edmonds.edu/
Q5920583,1060,,1889,
Q7844818,,,1958,
Q112677348,,,2006,
Q133811744,,,2021,https://futb.edu.ng
Q4126490,,,1952,
Q12506014,,,,https://pip-semarang.ac.id
Q5021183,796,,1924,https://www.cwsl.edu
Q19749144,,,2014,https://peradaban.ac.id
Q6781189,,,1905,
Q109911623,,,,https://www.sttissiau.ac.id
Q30266454,,,1996,
Q679945,737,,1898,
Q11646627,,,1904,https://www.kinjo.ac.jp/kjc/
Q77081755,,,1984,
Q56828,,,1996,https://chmnu.edu.ua/
Q30263526,,,1991,
Q102412398,,,1964,
Q4412511,,,1920,https://eng.nosu.ru/
Q30296368,,,1992,
Q2572209,5804,,1997,
Q6427193,,,1995,https://www.uis.edu.my/
Q12511338,,,,https://www.stmik-im.ac.id
Q1046619,,,2002,
Q3326342,1842,,2003,https://www.uaoceu.es/ca
Q4828300,1109,,1859,https://www.averett.edu/
Q6452072,,,1886,
Q19894207,,,2012,
Q128123078,,,2022,https://uriu.uz
Q11433136,,,2006,https://www.o-hara.ac.jp/grad/
Q625150,,,1997,https://www.af.ac.kr/
Q4878659,1675,,1784,
Q17060575,,,1983,https://www.hdvtc.edu.cn/
Q4446049,8778,,1977,
Q10874701,,,1975,https://www.cgst.edu/
Q6888922,,,2000,
Q1707030,,,2003,
Q12523282,,,1952,
Q108737583,,,1372,https://www.irshums.ac.ir/
Q5896667,3378,,1920,
Q90571395,,,2014,
Q7499504,,,1940,
Q141195402,,,,
Q1751487,22000,,1907,https://www.npi-tu.ru/index.php?id=226
Q30269711,,,1954,
Q3551806,6424,,1902,
Q390021,,,1967,
Q7591484,26430,,1927,
Q129342800,,,2023,
Q954035,9665,,1966,
Q30281847,,,1954,
Q7310359,1399,,1883,
Q137408917,,,2020,https://wiseedu.co.id
Q3551448,,,2005,
Q61931524,,,1941,
Q192775,,,1451,https://gla.ac.uk/
Q30263036,,,2002,
Q30289124,,,,
Q3551513,,,1915,https://unasp.br/
Q11815216,,,2000,
Q133247549,,,,https://www.universidadatlanticomedio.es
Q52637715,,,,https://www.cps.sp.gov.br
Q5020340,,,1978,
Q45086388,,,2001,
Q7894388,,,1972,https://www.unopar.com.br/
Q482735,,,1939,
Q30263769,,,1985,
Q3151931,550,,1987,
Q5157504,,,2001,
Q30294213,,,,
Q64143444,,,1984,https://ka-ihokan.com/
Q4696600,,,1987,
Q16524558,,,1972,
Q14715332,775,,1961,
Q30294224,,,,
Q7531067,,,,
Q71519868,,,1997,https://staiyastispadang.ac.id/
Q8065704,,,2002,
Q6953682,,,1985,
Q5713257,1331,,1960,
Q12486640,,,2017,https://uinbanten.ac.id
Q17024910,,,1938,
Q87815413,,,1961,
Q5973443,,,1962,https://www.tamug.edu/
Q7680144,,,1992,https://tktk.ee
Q109910749,,,2023,
Q125922,,,1979,
Q6109954,,,1947,https://www.jecjabalpur.ac.in/index.aspx
Q10279233,,,2002,
Q30289521,,,,https://library.nd.edu/
Q11375575,,,,https://www.kasd.ac.jp/
Q84015249,,,1996,
Q46996957,,,1962,
Q4247132,,,1853,
Q1468607,96709,,1971,https://www.liberty.edu/
Q539692,,,,
Q30253881,,,,
Q24928475,,,1965,https://www.ipag.edu
Q133862021,,,2017,https://www.rp.ac.rw/
Q4965764,1076,,1930,
Q5539406,4140,,1885,https://www.georgefox.edu
Q6979247,529,,1906,https://www.nuhs.edu/
Q5758983,,,1922,
Q4116094,,,2003,
Q30283068,,,1982,https://www.cespu.pt/en/
Q648838,1741,,1997,
Q11521177,,,1969,
Q5146783,,,1969,https://cnc.bc.ca/
Q851413,12833,,1823,https://www.bht-berlin.de/
Q6879301,,,1987,https://themsms.org/
Q11589060,,,1961,
Q124525859,,,2018,https://www.esa-mosta.dz
Q90096707,,,1963,
Q6203498,,,1964,
Q1666124,1566,,2001,https://www.hfh.ch/
Q111937424,,,2009,
Q7896284,,,1989,
Q4812252,,,2007,https://www.cus.ac.in
Q943759,,,1995,
Q6082261,,,1987,
Q5146820,,,1913,https://www.csbsju.edu/
Q2111095,,,1968,
Q3551526,,,1989,
Q5062888,,,1951,
Q133811467,,,1999,https://aces.edu.au
Q52637707,,,2013,
Q3551618,,,1965,https://univ-lome.tg/
Q7492970,,,2005,https://altoosi.edu.iq/ar/
Q14709772,1167,,1936,
Q13018823,,,2005,
Q124844869,,,2021,https://adpi.uz
Q12069046,,,1963,
Q735057,4783,,1965,https://www.northshore.edu/
Q7710683,,,1956,
Q5146680,,,,
Q5474366,,,1949,
Q259394,,,1978,
Q7896177,,,1911,
Q30279652,,,,
Q45133819,,,,https://www.ciceco.ua.pt
Q21189252,,,2013,
Q1066188,,,1989,
Q77076652,,,,https://www.ifto.de/
Q279724,17808,,1968,https://en.uit.no/startsida
Q84558370,,,2015,https://kingsuniversity.edu.ng/
Q11402804,,,1907,
Q1968183,,,1921,https://donntu.edu.ua/
Q77076502,,,,https://www.bwh-hamburg.de/about-us.html
Q11406335,,,2011,
Q66839213,,,,
Q46210,65234,,1923,https://www.unimi.it
Q7885602,,,1933,
Q2299797,,,1952,https://buaa.edu.cn
Q16647785,14800,,2013,https://kedge.edu/
Q3298369,2763,,1847,
Q6810038,,,1902,
Q1093910,15402,,1847,https://ccny.cuny.edu
Q11404416,,,1883,https://www.hokurikugakuin.ac.jp/univ/
Q5600321,,,1995,
Q13064815,,,1996,
Q135398242,,,2013,https://isteah.edu.ht
Q33121327,,,1999,
Q5244553,,,1988,
Q133811575,,,2004,"https://www.univ-reims.fr/viefra/vieillissement-fragilite-ur-3797/accueil,11517,21012.html"
Q7903281,,,1999,
Q5186546,209,,1971,
Q7592117,142,,1963,https://www.svdp.edu/
Q105095640,,,1965,https://www.fcekano.edu.ng/
Q7566646,,,,
Q109912981,,,2018,https://poltekelbajo.ac.id
Q6682339,5216,,1967,
Q109912080,,,2013,https://www.stakterunabhakti.ac.id
Q1148334,,,2011,https://www.tmu.ac.jp/
Q109912972,,,2016,
Q7499802,,,2000,https://www.shobi-u.ac.jp/
Q140351807,,,2021,https://bua.edu.eg
Q1540471,4650,,1969,https://www.govst.edu/
Q6129947,,,1917,https://english.sufe.edu.cn/
Q698448,,,1992,
Q648674,,,1997,https://www.stmatthews.edu/
Q2599486,,,1997,https://www.mondragon.edu
Q136663922,,,,https://www.medicina.ulisboa.pt/clinica-universitaria-de-cardiologia
Q106411913,,,2012,
Q11433431,3513,,2014,
Q30266488,,,,
Q136663539,,,,https://www.unave.pt
Q30294391,,,,
Q138460726,,,2010,
Q6978838,3299,,1955,https://www.ntua.edu.tw
Q1816872,8745,,2001,https://www.glos.ac.uk/
Q493506,,,1992,
Q30266934,,,1997,
Q6990636,,,,
Q7194574,15544,,1969,
Q7588852,763,,1879,
Q30293747,,,1994,
Q1465437,,,1990,
Q4832013,,,1890,
Q11180291,,,1948,
Q19744776,,,1961,https://uika-bogor.ac.id
Q130537798,,,,https://www.ect.uevora.pt/investigacao/unidades_investigacao/centro_de_investigacao/(id)/2156
Q134251135,,,,https://joaodedeus.pt
Q2036836,,,1961,https://www.ufcspa.edu.br/
Q141018806,,,2010,https://sriraajaraajan.in/
Q6156370,,,1990,
Q7392840,,,,
Q5527226,4299,,2002,
Q1143235,20720,,1874,https://english.rikkyo.ac.jp/
Q55533542,,,1922,https://jiyu.jp/
Q30266474,,,1999,
Q110269592,,,2022,https://iiuler.edu.in
Q748085,26732,,1308,https://www.unipg.it
Q141193754,,,2025,https://vists.gov.vn
Q7499509,,,1988,
Q131428239,,,,
Q141193944,,,,
Q994543,,,1854,
Q1239515,,,1902,https://tspu.ru/
Q140907812,,,,https://www.ebramec.edu.br
Q11591464,,,1913,
Q3547647,,,1964,
Q3578068,,,1960,https://www.ena.sn/
Q43896398,,,1999,
Q482669,,,1927,
Q10387641,,,,
Q4835554,,,1999,
Q5046531,1108,,1909,
Q16708767,,,1905,https://www.tairov.com.ua/
Q4166431,,,1930,https://donstu.ru/
Q7305532,,,1994,
Q2586224,269,,1996,
Q455331,1427,,1897,https://www.hmtm-hannover.de/
Q1084409,,,1969,https://www.univpm.it/Entra/
Q1788258,,,1968,
Q30294012,,,,
Q30294125,,,,
Q106485444,,,2019,https://centralasian.uz/
Q5461388,,,1947,https://www.fgc.edu/
Q129343804,,,2023,
Q5916417,3963,,1960,
Q5407181,,,1993,
Q13018784,,,,
Q30258237,,,2004,
Q141194469,,,1991,https://www.kompas.edu.my
Q30293911,,,,
Q2688358,10531,,1909,
Q87815011,,,2001,
Q11445239,,,1921,https://takada-hs.e-net.nara.jp
Q4315882,300,,1996,
Q52847011,,,1960,
Q6116999,4140,,1928,
Q3626706,,,1930,https://chuvgpu.ru/
Q129344104,,,2023,
Q845682,40881,,1982,
Q1263535,48791,,1960,
Q11478434,,,1966,
Q7603631,,,1991,
Q3578447,,,1985,
Q3244291,,,1932,https://www.adamson.edu.ph
Q6448707,,,1965,
Q30262589,,,2001,
Q1053303,,,1948,
Q12286407,,,1991,
Q4570802,,,1912,
Q941298,2907,,1879,https://uams.edu/
Q24952361,,,2014,https://pvnrtvu.ac.in
Q30257424,,,,
Q3578484,,,1904,
Q4702162,,,1990,
Q15914130,,,1979,
Q3631316,,,1962,
Q1622069,1000,,2004,
Q7896816,,,1986,https://www.univ-guelma.dz/
Q109911782,,,2014,https://stikesmuhbojonegoro.ac.id
Q141194834,,,2000,https://www.sidmasarawak.edu.my
Q11369521,,,1964,
Q30257670,,,1993,
Q5443327,,,2016,
Q80171,15210,,1937,
Q6068365,,,1994,
Q52848154,,,1992,
Q7503918,,,2010,https://svu.edu.in
Q12523379,,,2012,https://umus.ac.id/
Q3444458,1226,,1937,https://www.westmont.edu/
Q1786078,9858,,1865,
Q7688758,,,2001,
Q140589037,,,1996,
Q135983341,,,1997,https://utslp.edu.mx
Q141195872,,,,https://www.unitar.my/college/
Q28806358,,,2006,
Q1516684,,,1965,https://www.kent.ac.uk
Q16705028,,,2018,https://www.iiau.uz
Q137361020,,,1972,https://mnwc.edu.in/
Q7163245,,,1935,
Q43895540,,,,
Q778594,,,2001,
Q97587199,,,2003,https://www.apn-surakarta.ac.id
Q4208100,,,1997,
Q4725961,,,1923,
Q1391213,509,,1967,
Q106574509,,,1957,https://www.flacso.org.ar/investigacion/
Q7058041,1293,,1941,https://www.njc.edu/
Q122873017,,,1922,
Q3953805,,,1953,
Q1134292,749,,1998,
Q1707329,,,2010,
Q18705899,,,,
Q7985808,11417,,1969,
Q3181122,41412,,1957,https://www.unpad.ac.id
Q24949227,,,,
Q649163,27748,,1986,https://www.hanze.nl/eng
Q43241744,,,1976,https://www.cpc.gc.ca/en
Q59659626,,,,
Q30259547,,,,
Q39049817,,,1954,
Q3113166,213,,1962,
Q5560109,374,,1946,
Q11564658,,,1975,
Q8044183,,,1958,https://www.xtu.edu.cn/
Q7800203,,,1912,
Q4745312,,,2002,https://www.rit.edu/kosovo/
Q6192694,,,,
Q107724045,,,2020,https://www.tau.edu.ng
Q6108962,,,,
Q6073295,,,2010,
Q6365497,,,1998,
Q7834196,,,1910,
Q132765520,,,,https://www.universidadunie.com
Q65283740,,,,https://www.tdtukokand.uz/
Q542498,600,,1998,https://www.avemaria.edu/
Q6103451,1349,,1887,https://www.kobe-shinwa.ac.jp/
Q2495702,,,1993,
Q7424719,,,1995,https://www.sarum.ac.uk/
Q30267016,,,1968,
Q7422990,,,2004,
Q5437845,,,1992,
Q4254869,,,1993,
Q16994732,,,,
Q24908384,,,2016,https://www.meu.edu.in
Q68939243,,,1963,https://tatu.edu.gh/
Q1196888,9748,,1949,
Q43895471,,,,
Q6444900,,,1954,https://www.kmust.edu.cn/
Q74552935,,,,
Q7326714,4929,,1960,
Q2495917,53106,,1968,
Q12523309,,,1999,https://www.ubk.ac.id
Q92387913,,,2001,
Q11085981,,,2003,
Q1718656,27072,,1899,https://www.pw.edu.pl/
Q6493966,1821,,1925,
Q29127121,,,,
Q100956228,,,1990,
Q7559188,,,2000,
Q1934904,,,1919,
Q1557172,,,1992,
Q6007124,,,1994,https://www.kumu.kg
Q3551611,,,2010,
Q6555694,,,,
Q4887749,,,1957,
Q7602223,87,,1904,
Q945017,35985,,1993,https://www.hva.nl/
Q141195023,,,,https://metro.edu.my
Q11071911,2947,,2017,
Q2562289,,,1969,
Q7252777,,,1984,
Q2324410,,,1926,
Q64143518,,,1995,
Q4242943,,,1993,
Q124363130,,,2022,https://www.sss-publisher.com/
Q11374874,,,2007,
Q3894788,5000,,1950,https://www.umb.edu.pl/
Q432637,24500,,1821,https://www.gwu.edu
Q51782208,,,2016,
Q109911644,,,2016,https://laaroiba.ac.id
Q12523411,,,1958,https://www.unu.ac.id
Q14796435,,,2010,
Q109911952,,,1986,https://www.stiamataram.ac.id
Q30258342,,,1984,https://www.vermontfolklifecenter.org/
Q5623566,,,,
Q25612006,,,1990,
Q134251183,,,,https://www.cmadd.com
Q7060260,1184,,1934,https://www.northwestu.edu/
Q129343860,,,1991,
Q1153515,3217,,1949,https://www.geidai.ac.jp/
Q65172352,,,,https://www.vnkgu.edu.vn
Q5105410,,,2005,
Q7494490,3159,,1871,https://www.shepherd.edu/
Q3152630,,,1961,https://ispbukavu.ac.cd/
Q141194220,,,,https://kkkulim.mypolycc.edu.my
Q3696246,,,2002,
Q135739043,,,2022,https://eniegoxford.org
Q140351620,,,,https://tidrec.um.edu.my
Q19900198,,,,
Q141195020,,,2017,https://www.ukc.edu.kh
Q315658,42868,,1702,https://uwr.edu.pl/
Q132803461,,,2000,https://www.venkathomoeo.org
Q16972102,,,1969,
Q6372911,,,2008,https://www.musicuniversity.ac.in
Q7335665,,,1854,
Q113551475,,,1960,
Q3577932,,,1988,
Q30266530,,,1995,
Q10829152,,,1976,
Q30257780,,,,
Q61934742,,,2001,https://www.nusystem.org/
Q5091594,,,1974,
Q7895656,1862,,1864,https://www.umf.maine.edu/
Q29055002,,,,
Q7896772,904,,1962,
Q30294051,,,,https://upsb.edu.pe/
Q11148478,,,2000,
Q141195373,,,2019,https://mcu.edu.mm
Q1591654,1909,,1946,https://www.lssu.edu/
Q1075658,,,1994,
Q30257272,,,1993,
Q7894466,,,2000,https://shadygrove.umd.edu/
Q3551691,,,2010,https://uas.edu.ne/
Q116959495,,,2003,https://delta.edu.sd
Q1605137,1468,,1876,https://www.hendrix.edu/
Q64143449,,,2013,https://www.utrgv.edu/railwaysafety/
Q118736,,,1991,
Q5253016,,,,https://www.dvisd.net/
Q141195601,,,2022,https://nds.edu.my
Q1422594,21912,,1879,https://www.shsu.edu/
Q30257159,,,,
Q1574578,20000,,1973,
Q64143432,,,1998,
Q17051314,,,2014,https://www.mnlumumbai.edu.in
Q6156717,,,2012,https://utec.edu.uy/es/
Q14686598,,,1970,
Q61932853,,,2002,
Q6040089,,,1933,https://www.ictmumbai.edu.in/
Q109910747,,,1983,
Q50040137,,,2010,
Q30253861,,,1989,
Q56841482,,,,
Q31185084,,,2006,https://www.its.edu.rs/
Q29426456,,,1864,
Q139407824,,,2019,https://www.rnmi.info
Q138860609,,,,https://usg.edu.mx
Q1728127,,,1963,
Q60450,167,,1924,
Q1771717,23640,,1946,https://www.pdx.edu/
Q5116125,,,,
Q16934243,,,1998,https://www.monash.edu.my/
Q1164068,20000,,1885,https://www.kpi.kharkov.ua/
Q902189,,,1931,
Q22569412,,,1992,https://fedpoffaonline.edu.ng/
Q6908243,,,1856,
Q3578117,,,1994,
Q4250919,,,1999,https://www.um.ac.id
Q22080740,,,2011,
Q314305,2894,,1982,https://www.uni-wh.de/
Q10854113,,,1973,
Q112677148,,,,https://www.scac.edu.cn
Q141195541,,,,
Q30294415,,,1986,https://www.unidar.ac.id/
Q3114304,,,1976,https://www.nagaokaut.ac.jp/
Q4693576,,,2012,
Q3578225,,,1893,
Q129342817,,,2022,
Q861888,32312,,1856,https://oregonstate.edu/
Q2471216,8286,,1824,https://www.jefferson.edu/
Q5973023,,,1707,https://www.ipgmer.gov.in/
Q136352067,,,1991,https://www.cuautla.tecnm.mx
Q5116581,71,,1893,
Q5295800,,,1994,
Q4454907,130,,1975,
Q6156576,,,2006,https://www.gob.pe/untels
Q1391246,559,,2006,https://www.fh-diakonie.de/
Q1804942,1333,,1819,https://www.centre.edu/
Q3152556,,,1955,https://www.isep.fr
Q7243998,11357,,1958,
Q133812254,,,,https://www.utas.edu.om/muscat
Q3551502,10000,,1992,
Q2207700,7407,,1996,https://www.mobile-university.de/de/startseite/
Q7896175,,,1967,
Q137204549,,,2016,https://www.utlagunadurango.edu.mx
Q7726780,3712,,1912,https://www.css.edu/
Q30265682,,,1982,https://www.unikal.ac.id
Q11441431,,,1933,
Q46996962,,,,
Q133811546,,,,https://ncr.christuniversity.in
Q941853,,,2011,
Q3409570,,,1998,
Q109358750,,,2021,https://wakayama.kyowa.ac.jp
Q30266497,,,,
Q7894358,8779,,2004,https://unpaztoday.wordpress.com/
Q1631821,,,1540,
Q5149957,1445,,1966,
Q6893652,,,1962,
Q16895693,,,2009,
Q107518999,,,2016,
Q30293815,,,,
Q135914996,77500,,1990,https://ufc.dz/en/
Q109913306,,,1973,https://www.aks-akk.ac.id
Q5663364,,,1901,
Q6958946,,,1941,
Q10867629,,,1956,
Q130647048,,,,https://vub.hr/
Q10943718,2560,,1893,https://www.uwsuper.edu/
Q30263303,100,,2005,
Q11084340,,,1980,
Q2496116,,,1902,
Q5998152,215,,1892,
Q133812207,,,,https://ister.edu.ec
Q7497159,,,1994,
Q16901997,,,2008,
Q19807911,,,1878,https://stjohnscollege.edu.in
Q8055565,,,1841,
Q1688743,360,,1886,https://www.jtsa.edu
Q4274100,,,1932,
Q5568352,14374,,1965,
Q30294046,,,,https://www.upsc.edu.pe
Q115868470,,,,
Q7788537,1705,,1894,https://www.thomas.edu/
Q131428160,,,,https://www.fct.unl.pt/investigacao/centro-de-estudos-e-formacao-avancada-em-gestao-e-economia
Q129342752,,,2022,
Q7012997,97,,1982,
Q30253884,,,,
Q1683524,450,,2010,
Q20045009,,,1980,
Q109912946,,,2008,https://staialfurqan.wordpress.com
Q4696594,,,1905,
Q4728950,,,,https://www.aiishmysore.in/
Q193727,25151,,1876,https://jhu.edu
Q127415581,,,,https://portal.estacio.br/unidades/centro-universit%C3%A1rio-est%C3%A1cio-de-santa-catarina/
Q4146946,,,1991,
Q30257401,,,,
Q11062018,,,1958,https://www.gzhmu.edu.cn/
Q2324294,829,,1761,https://www.abk-stuttgart.de/
Q103019653,,,,
Q2354119,17200,,1967,
Q15210735,,,2011,https://www.cu.ac.ae/
Q4999280,,,,
Q7800217,,,1978,
Q7813858,,,1952,https://toko.hosho.ac.jp/
Q1773894,843,,1946,https://www.kh-berlin.de/
Q7847616,,,1947,
Q16938304,,,1962,
Q104845113,,,1949,https://www.samarcollege.edu.ph
Q6961254,,,2008,https://www.namal.edu.pk/
Q638750,4200,,1994,
Q7893782,,,1965,https://www.unity.edu
Q43406,16647,,1911,https://nthu-en.site.nthu.edu.tw/
Q6083428,,,2010,
Q7821207,,,1993,
Q2826874,,,1990,
Q1093568,,,2003,
Q106399173,,,2015,https://www.rmu.ac.bd/
Q28163803,,,1997,
Q1302632,,,,https://www.ehb.swiss/
Q5171574,,,1945,https://www.ilr.cornell.edu/
Q16962164,6061,,2009,
Q121743262,,,1998,https://abu.edu.kz/
Q5309980,,,1885,
Q4822428,,,2011,https://www.aurouniversity.edu.in
Q7309992,,,1966,
Q7895266,,,1978,
Q707948,14215,,1955,https://eng.thu.edu.tw/
Q61931613,,,2013,
Q635878,,,1986,
Q16096123,,,2000,
Q1622188,687,,,
Q25465577,,,2013,https://www.sari-mutiara.ac.id
Q7918779,,,1977,
Q85769537,,,2008,https://www.ial.edu.sg
Q917899,6961,,1920,
Q126208808,,,2008,https://giu.edu.ge
Q138655121,,,,https://www.icn-artem.com/en/berlin-campus/
Q6781201,,,1972,
Q48731590,,,2016,https://www.iimtu.edu.in
Q559549,4538,,1845,https://www.usna.edu/homepage.php
Q11595305,,,1964,
Q59537133,,,1974,
Q28221476,,,,
Q7057873,,,1949,
Q4334719,,,1977,
Q7984021,235,,2007,
Q24144,,,1923,
Q3330688,,,1955,
Q11494027,,,1974,
Q28173195,,,1975,
Q742142,,,1967,https://www.cegepst.qc.ca/
Q7645707,,,1961,
Q7896182,,,2007,
Q1792343,374,,1971,
Q6085143,,,2009,
Q4304086,10876,,1931,https://eduprosvet.ru/
Q7673530,642,,1908,
Q57524381,,,2015,
Q6965775,,,1975,https://www.nduat.org
Q17089089,,,2017,https://www.sswroshni.in/
Q3128572,3000,,1997,
Q109912823,,,2002,https://www.stikesindramayu.ac.id
Q30296297,,,1956,
Q30294176,,,,
Q6965244,,,1984,
Q136663757,,,,https://libphys.pt
Q12132954,17500,,1805,
Q7353215,,,,
Q8044879,,,,
Q2817327,,,1987,
Q59536743,,,1977,
Q3696301,,,2020,
Q1282309,13000,,1930,
Q106620279,,,2021,https://s-sph.ac.jp/
Q6364161,,,1996,https://www.kannuruniversity.ac.in
Q10771888,,,,
Q12523472,,,1987,https://unitas-pdg.ac.id
Q4784195,12001,,1965,
Q4852821,77856,,1829,https://www.baltimorecityschools.org/
Q11652156,,,1994,
Q5984146,,,1970,
Q105409652,,,2020,https://www.bbb.ac.in
Q126118426,,,2015,https://iask.hu/en/
Q126839711,,,2016,https://fonds-clinatec.fr
Q30263376,,,1943,
Q1752712,,,1945,
Q5146678,20849,,1967,https://www.cod.edu/
Q11453680,,,1924,https://natori-h.myswan.ed.jp/
Q107518672,,,2012,https://scholarrock.com/
Q99402481,,,,
Q11407429,130,,1965,https://www.mkjc.ac.jp/
Q7697206,,,2017,https://www.telfordcollege.ac.uk/
Q1141980,,,1935,
Q4826823,,,1976,
Q7440269,,,1995,
Q6674563,202,,1915,
Q5154693,13684,,1964,
Q615154,,,1968,https://www.us.edu.pl
Q96374720,,,1939,
Q1033335,2820,,1870,
Q3551862,,,2002,
Q16953794,,,,https://www.bbsp.co.uk/
Q2120228,,,2007,
Q131934371,,,,https://isaf.co.ao/
Q11525089,,,1992,https://www.tokyo-keitan.ac.jp/
Q42272504,,,2007,
Q834458,,,1957,https://ndmw.imu.edu.cn/
Q7894246,,,1990,
Q28172384,,,2013,
Q349055,26241,,1868,https://wayne.edu
Q3207459,,,1990,
Q593321,36728,,1481,https://unige.it
Q123823512,,,1898,
Q129571900,,,,https://tuebingen.ai
Q75606,,,1929,
Q30281772,,,2008,
Q7586213,,,1985,
Q125457809,,,,https://ocom.org/
Q3997334,13226,,1653,
Q10946795,,,1958,https://www.ahjzu.edu.cn/
Q609375,327,,1982,
Q11079070,3726,,,
Q30324459,,,,https://www.dysoninstitute.ac.uk/
Q109919710,,,2014,https://www.stt-sriwijaya.ac.id
Q637346,5734,,1835,https://www.uwa.edu/
Q51707466,,,2018,https://www.komatsu-u.ac.jp
Q7675339,,,2000,
Q1166885,,,1932,
Q5461285,488,,1946,
Q7841394,,,1998,
Q12625125,,,1977,
Q18745224,,,2013,
Q7895375,,,2013,https://www.uoeld.ac.ke/
Q140870636,,,,https://www.advex.ac.th
Q120983392,,,2007,https://shreemedical.edu.np
Q16414944,,,1981,
Q7259217,,,1991,
Q7227031,,,1980,
Q4865666,,,1904,
Q1998811,72994,,2004,https://www.nwu.ac.za/
Q133811391,,,,https://mt.ideaeducation.com
Q23448442,,,,
Q1528410,,,1966,
Q136352141,,,,https://rcet.rungta.ac.in
Q7513814,,,1995,https://www.smu.edu.in
Q326282,,,1968,https://www.uquebec.ca
Q109913019,,,2015,
Q7692502,,,2007,
Q1050078,12243,,1889,https://www.wcu.edu
Q23977,5518,,1967,
Q6192089,,,1972,
Q124845705,,,,https://gulf.edu.sa/en/index.php
Q109913889,,,,https://www.stipakdh.ac.id
Q1857773,28850,,1828,
Q6452135,,,1963,
Q3052113,17764,,1926,https://erau.edu/
Q1351114,,,1920,
Q1888661,5140,,1872,
Q30274387,,,1957,
Q140908070,,,2005,https://cop.smbt.edu.in
Q140908428,,,,https://www.staksh.ac.id
Q7119584,,,,
Q3603956,,,1939,
Q39049864,,,1986,
Q1643758,,,1620,https://www.uce.edu.ec/
Q635118,10300,,1873,https://library.semo.edu/
Q25679384,,,2005,
Q734324,17794,,1745,https://www.tu-braunschweig.de/
Q7446924,366,,1961,https://www.seisen-jc.ac.jp/uni/
Q7420802,,,1994,
Q13164,38150,,1755,https://www.msu.ru/
Q7523288,,,1973,
Q7934736,,,1978,https://vetmed.vt.edu/
Q5871533,,,1981,
Q12506024,,,1987,https://www.polnam.ac.id
Q30286990,,,,
Q9091535,,,1989,https://www.uautonoma.cl/
Q1393813,,,1992,
Q61113786,,,,
Q13021113,,,,
Q4122984,,,1917,
Q28846425,,,2016,
Q5435862,,,1912,https://www.farmingdale.edu/
Q129343455,,,2024,
Q96404779,,,1982,https://www.sadiyacollege.ac.in
Q83513275,,,,
Q650358,,,1996,
Q61363060,,,2004,https://www.acttm.ac.th
Q11474785,85,,1948,
Q30290953,,,,
Q30267081,,,1978,
Q20626551,,,1945,
Q88781265,,,1982,
Q6156721,,,1970,
Q109913405,,,2006,https://www.stmik-amik-riau.ac.id
Q7400981,291,,1915,
Q4238527,4500,,1966,https://kgik1966.ru/
Q30263859,,,,
Q8052493,,,1887,
Q1514848,,,1907,https://www.usask.ca/
Q91408426,,,2015,
Q21006090,,,2002,
Q5202348,6600,,1969,
Q11400963,,,1961,
Q10829145,,,,https://tdmu.edu.vn/
Q2562140,,,1976,
Q2212977,7281,,1840,https://www.smu.ca/
Q12613535,,,1970,
Q5017672,1229,,1913,
Q4331464,5113,,1900,
Q4206599,18000,,1957,https://kbsu.ru
Q7596608,,,2002,
Q11440724,,,1949,
Q137204541,,,2014,https://www.iucbc.edu.ar
Q10829064,,,1995,
Q131262,96945,,1088,https://www.unibo.it
Q29522874,,,,
Q20439432,,,1991,
Q9252282,,,2001,https://amisns.edu.pl
Q24236523,,,2011,https://kibu.ac.ke/
Q4881948,,,1964,
Q109911637,,,2003,https://www.tiberias.or.id
Q96405696,,,2019,https://silveroakuni.ac.in
Q1481465,5148,,1980,https://hoems.hessen.de
Q24175530,430,,2013,
Q3551768,,,1903,https://www.etudierenhainaut.be/universite-du-travail-charleroi.html
Q6973704,,,1996,
Q109912606,,,2014,https://www.stkip-pessel.ac.id
Q30266486,,,1993,
Q30257668,,,,
Q140868854,,,2014,https://pbcar.healthsci.mcmaster.ca
Q651133,11000,,1918,
Q60749347,,,2018,https://dypiu.ac.in
Q5157509,,,2004,
Q534515,,,1950,https://www.ui.ac.id
Q7895267,,,1966,
Q8044698,,,,
Q6747091,,,2004,https://www.mru.edu.in
Q3551836,,,1959,https://upc.ac.cd/
Q3578104,,,1953,https://encpb.org
Q17064466,,,1998,
Q28122504,26131,,,
Q11525593,803,,1964,
Q18922100,,,1973,
Q30257757,,,1991,
Q30257746,,,1993,https://www.muiv.ru/
Q4857614,418,,1943,
Q16128755,,,1995,
Q109911715,,,,
Q8048282,,,2005,
Q30263476,,,,
Q12065536,,,1952,
Q2281517,70000,,1896,https://en.scu.edu.cn
Q1274578,,,2004,https://www.uer.it
Q138460657,,,2014,https://idecu.conicet.gov.ar
Q141194508,,,2007,https://shrm.edu.sg
Q7294908,,,2010,
Q30272243,,,2000,
Q27982784,,,1999,
Q11123301,,,1965,
Q7122801,,,1976,
Q30261826,,,1976,
Q7896472,,,1945,
Q8052081,,,1989,
Q10829043,,,,
Q23808525,,,1960,
Q136663747,,,1980,https://inenco.unsa.edu.ar
Q1667019,,,1994,
Q5072115,,,1994,
Q1758009,25063,,1970,https://ug.edu.pl
Q18484150,,,1941,
Q5302745,,,1955,
Q80805367,,,,https://www.dhsh.de/
Q4273696,,,2005,
Q116959466,,,1983,https://www.uod.edu.do
Q10932366,,,1992,
Q28813667,,,1972,
Q5576619,20671,,1974,https://www.unicen.edu.ar/
Q7649440,,,2001,
Q1492202,250,,2003,
Q6973743,,,1961,
Q137456493,,,2007,https://ulsaoaxaca.edu.mx
Q109913715,,,2015,https://www.staisarsingkil.ac.id
Q6070946,,,1952,
Q12074596,,,1991,
Q109911139,,,2005,https://www.stkyakobus.ac.id
Q5950451,,,1990,
Q30266447,,,2007,
Q4208095,,,1998,
Q140351689,,,2005,https://www.mcn.uni-muenchen.de
Q12471232,,,1989,https://web.poltekbangsby.ac.id/
Q5450199,5640,,1965,
Q5087818,,,1994,
Q12523478,,,1990,https://trunajaya.id
Q1549932,30000,,1882,
Q7077704,,,1946,
Q52855949,,,1956,
Q10336543,,,1968,https://www.nesop.com
Q22080565,,,2012,
Q17078083,,,2007,
Q8004456,,,1940,
Q2562148,,,1971,
Q12513136,,,,
Q138655040,,,1987,https://ihaal.institutos.filo.uba.ar
Q5330560,,,1907,
Q109913813,,,1969,https://akperrscikini.ac.id/
Q3010020,,,1967,
Q13115862,,,1968,
Q1190852,100827,,1909,
Q6784557,5665,,1966,
Q50040718,,,1964,
Q3537680,,,1978,https://www.ou.ac.lk/
Q5254290,,,2003,
Q107724127,,,2003,https://cocinkku.org/
Q6869714,,,2008,
Q125761935,,,,https://unp.edu.ni
Q6733497,,,1997,
Q6080279,,,1965,https://www.ishikawa-nct.ac.jp/
Q5042860,1976,,1929,https://www.carlow.edu/
Q135398176,,,,https://innovationsocialeusp.ca/crits/
Q5055806,,,1975,
Q3551732,,,2011,
Q7894362,,,1902,
Q135983392,,,2001,https://tessfp.edomex.gob.mx
Q141195559,,,2001,https://kingsuniversitycollege.edu.my
Q3547651,,,1969,https://www.rtu.edu.ph/
Q6879735,,,1963,
Q115376,26341,,1867,
Q4902173,,,1992,https://www.bnmu.ac.in
Q7571428,886,,1911,https://swlaw.edu
Q109919622,,,2007,https://stikesmi.ac.id
Q7060262,,,2012,https://nwu.edu.ng/web/
Q7681273,,,1997,https://www.tndalu.ac.in
Q5765247,,,1881,
Q2732297,,,1954,
Q5589958,,,2005,
Q4855002,,,2001,https://www.gstu.edu.bd/
Q30293769,,,,
Q1822432,,,1921,
Q470963,50000,,1958,https://www.fzu.edu.cn/
Q1335573,5115,,1880,https://emerson.edu/
Q6098422,,,2007,
Q10942544,,,,
Q3339059,1076,,1891,
Q39059776,,,1966,
Q109919499,,,2019,https://www.stikesintanmartapura.ac.id
Q109910742,,,2018,https://www.bsi.ac.id
Q109919224,,,1999,https://www.stiesa.ac.id
Q30253885,,,1917,
Q6426891,,,1982,
Q7558060,,,2018,
Q112676332,,,,https://www.cync.edu.cn/
Q39054214,,,,
Q30266579,,,,
Q141194654,,,2014,https://bmu.edu.vn
Q579314,,,1977,
Q126900770,,,1956,https://www.bpa.edu.rs/
Q10387826,,,1909,https://ufla.br/
Q17030047,,,1958,
Q18484184,,,,
Q10302891,,,1946,
Q573144,14335,,1993,https://www.ujaen.es
Q7109087,,,1908,https://www.otsuma.ac.jp
Q141195499,,,1992,https://ucyp.edu.my
Q30263525,,,2000,
Q6817158,,,1915,
Q22101066,,,1984,https://www.tsguas.edu.cn/
Q1566138,7117,,1900,
Q5348583,,,1945,https://uwajimasuisan-h.esnet.ed.jp
Q45133425,,,,https://www.unsw.adfa.edu.au/
Q14681667,,,1994,
Q7674488,,,1967,https://awl.edu.pl/
Q5457900,2049,,,
Q941855,4146,,1969,https://www.uis.edu/
Q7896523,23504,,1991,https://uniuyo.edu.ng
Q29467179,,,2017,
Q4770460,,,1898,https://www.aqnu.edu.cn/
Q133810527,,,,https://sbiims.edu.in
Q18484241,,,,
Q8044115,,,1981,
Q5445466,972,,1913,https://www.ferrum.edu/
Q134251276,,,1991,https://unimtech.edu.sl
Q108737505,,,1995,
Q4906269,2426,,2003,
Q133811876,,,,https://uadventus.ro
Q10387844,,,2000,
Q218506,40000,,1666,https://www.lu.se
Q15903527,,,2002,
Q7895365,,,2000,
Q633561,,,1542,https://unizar.es/
Q129343248,,,2022,
Q622137,7067,,1865,https://www2.lehigh.edu/
Q1231433,4216,,1997,https://www.unibz.it
Q116971904,,,2018,https://www.atriauniversity.edu.in
Q4220223,25000,,1956,
Q52663306,,,,
Q136663553,,,,https://www.chrc.pt
Q7895627,,,2002,https://ulab.edu.bd
Q1370721,10946,,1916,
Q65164557,,,,
Q4855343,,,1973,
Q102228406,,,,
Q109922653,,,,https://web.poltekkesmamuju.ac.id
Q115616935,,,2021,
Q28381317,,,2015,
Q52848172,,,1977,
Q1378320,1667,,1864,https://swarthmore.edu
Q61801427,,,,https://www.ktncollegeofpharmacy.net
Q1804769,,,1953,https://urk.edu.pl/
Q131429619,,,2022,https://ltu.edu.np/
Q7569426,1271,,,
Q595437,,,1950,
Q2994526,1200,,1927,https://en.shcmusic.edu.cn/
Q7071876,,,1970,
Q890684,3000,,1965,
Q2945442,,,2003,
Q30263543,,,,
Q18467811,,,,
Q132803511,,,,https://asmcpilibhit.com
Q135095446,,,,https://www.unimaisedu.com.br
Q141194264,,,1991,https://www.trainingvision.com.sg
Q48798628,,,2007,
Q6806451,3083,,1824,https://web.musc.edu/
Q4126645,,,1994,
Q7563973,,,1969,
Q30257158,,,,
Q19747764,,,2020,
Q314089,18183,,1971,
Q109911877,,,,https://www.poltekkesbandung.ac.id
Q140907980,,,2011,https://inaya.edu.sa
Q896706,3639,,1991,
Q5547686,9274,,1828,https://www.augusta.edu/
Q4897887,,,1947,https://www.betheluniversity.edu
Q5244524,,,1979,
Q7894387,,,1938,
Q10278991,,,,
Q4351539,,,1921,https://www.pspu.ru
Q43895381,,,1961,https://www.statetechmo.edu/
Q4742899,,,,
Q141195219,,,2016,https://meritus.edu.my
Q136386289,,,,https://www.uqs-ye.info/
Q27895354,,,1980,
Q29002810,,,,
Q83591932,,,,https://www.ismm.edu.cu/
Q69422633,,,1996,
Q108737435,,,2011,https://stjosephstechnology.ac.in/
Q850730,34000,,1614,https://www.rug.nl/
Q7419511,12607,,1965,https://www.sfcollege.edu/
Q109913451,,,2019,https://www.itekes-bali.ac.id
Q50035296,,,2005,https://www.ikas.dk
Q19611217,,,2010,https://www.issb.edu.tr/
Q109911404,,,2003,https://staima-banjar.ac.id
Q50035944,,,2015,https://www.regionh.dk/CAMES-english
Q16892773,,,1992,https://www.jpv.ac.in
Q10660871,,,1993,https://www.sogsakk.fi/
Q5330653,,,1970,
Q3307468,856,,1964,
Q10866624,,,1997,
Q2031560,,,1895,
Q6741451,,,1969,
Q139771686,,,2001,https://nobelcollege.edu.np
Q28412971,,,1978,https://www.tjtc.edu.cn/
Q1071862,,,1639,https://www.ryukoku.ac.jp/
Q61931398,,,2010,
Q100993174,,,,
Q28223339,,,1962,
Q30293977,,,,
Q13140622,,,2002,
Q141194637,,,2003,https://murni.edu.my
Q6973599,,,1988,
Q18484135,,,1972,
Q1191344,16769,,1895,https://www.niu.edu/
Q30262856,,,2002,https://www.unpa.edu.mx
Q17014230,,,1930,https://www.acer.org
Q51783941,,,2012,
Q3010008,,,,
Q7494756,,,2001,
Q1278206,14465,,1874,
Q7080082,1251,,1971,
Q5149656,,,1851,
Q16056625,,,1983,
Q3634135,,,1976,https://www.kakatiya.ac.in
Q1780816,17500,,1844,https://www.albany.edu
Q102347728,,,2016,https://bwu.edu.ly
Q5474367,,,2002,
Q12471226,,,2014,https://www.atim.ac.id
Q192334,30092,,1789,https://unc.edu
Q48726095,,,1994,
Q1261103,1159,,1967,
Q86663201,,,,https://www.kgumsb.edu.bt/
Q129343677,,,2017,
Q7571391,,,1901,
Q6811806,,,1996,
Q7896370,,,1968,https://www.ubaya.ac.id
Q376281,,,,
Q125200002,,,2004,
Q8048622,,,1964,
Q131431929,,,,https://www.tecsanpedro.edu.mx
Q6134439,,,1966,
Q7896198,,,1960,
Q10332113,9827,,1964,https://www.mc3.edu/
Q914024,,,1949,https://www.yokohama-cu.ac.jp/
Q140907472,,,2009,https://qiteplanguage.org
Q74536101,,,,https://iealc.sociales.uba.ar/
Q33121477,,,,
Q6746945,,,1990,https://cityu.edu.lb/
Q109912082,,,2002,https://www.stimbudibakti.ac.id
Q11525064,,,,
Q10286430,,,,
Q8054407,,,2006,https://yvu.edu.in/
Q1682329,2747,,1880,https://www.tuskegee.edu/
Q6966890,106,,1842,
Q30293983,,,,
Q8343697,,,1999,
Q10829073,,,2010,
Q135095648,,,1999,https://saghez.iau.ir
Q3075348,,,2006,
Q4956720,10986,,1958,
Q30294220,,,,
Q3578248,,,2001,
Q1296434,,,2000,https://www.uni-mate.hu/
Q132803406,,,2000,https://www.unifateb.edu.br
Q4764385,,,1959,
Q3728444,,,2000,
Q137408965,,,1993,https://www.hatz.hr
Q28961320,,,,
Q11111580,,,1985,
Q98113942,,,1983,
Q7355881,1643,,1963,
Q5310594,,,1992,
Q7681303,,,2002,
Q3893320,1982,,1901,
Q1394262,32616,,1964,https://www.parisnanterre.fr/
Q7894309,,,1995,
Q138654996,,,1931,https://ilh.institutos.filo.uba.ar
Q65210580,,,2018,
Q450587,9962,,1964,
Q5507734,,,1884,https://asaka-h.fcs.ed.jp/
Q1163431,18378,,2019,https://psl.eu
Q1641788,17649,,1892,https://www.uri.edu/
Q4112982,,,,
Q3010004,,,1969,
Q30263538,,,2009,
Q5629800,,,2007,https://www.hitecuni.edu.pk/
Q7895726,,,1993,
Q12523327,,,2001,
Q4356865,,,1950,
Q50039942,,,1993,
Q4743471,,,,
Q6530549,4200,,1909,
Q16644482,,,1936,
Q30264760,,,1927,
Q28172385,,,2016,
Q30293771,,,,
Q27963036,,,2008,
Q3445331,1132,,1884,
Q606140,10537,,1964,https://www.waikato.ac.nz
Q56612468,,,,
Q6439351,,,1995,
Q136663884,,,,https://cba.uac.pt
Q4318649,3150,,1937,
Q1678185,6000,,1971,https://www.universite-ndjamena.td/
Q11271520,,,2007,
Q7185889,,,1965,
Q131428130,,,2017,https://www.bmu.edu.ly
Q48741701,,,2016,
Q10902560,,,1906,
Q920064,,,1886,https://www.bsa.ac.uk/
Q251214,,,2007,
Q109913577,,,2004,https://stiperamuntai.ac.id
Q5604871,,,,
Q176667,,,2001,
Q7894295,,,2000,
Q141194192,,,,https://kkchenderoh.mypolycc.edu.my
Q141195061,,,1977,
Q35794,18977,,1209,https://www.cam.ac.uk/
Q28949979,,,1982,https://www.unwir.ac.id
Q109919610,,,2019,
Q140868721,,,1995,https://psc.tamu.edu
Q689475,,,1998,https://www.laureate.net/
Q6023106,,,1923,
Q7928199,,,1999,
Q3152577,,,1962,https://ism.ma/fr/accueil-ism/
Q30287189,,,,
Q10387822,,,1965,
Q4773809,,,1814,https://kazangmu.ru/
Q131428187,,,2016,https://iheie.minesparis.psl.eu
Q12513129,,,1992,https://www.sttp-yds.ac.id
Q4227955,3504,,1867,
Q495015,44300,,1905,https://www.fudan.edu.cn
Q6733405,,,1993,
Q7896711,836,,1834,
Q7338456,,,1961,
Q51782231,,,1991,
Q30257246,,,,
Q17093214,,,1991,https://hafedpoly.edu.ng/
Q5687641,,,1968,
Q6089124,,,2010,
Q139407832,,,2015,https://www.muslimuniversity.edu.af
Q11421252,,,,
Q1041598,11653,,1947,
Q50968648,,,,
Q141195286,,,2003,https://www.aac.edu.sg
Q123382202,,,,https://mwanzauniversity.ac.tz
Q721109,,,2002,https://bu.edu.so/
Q6021557,,,1926,https://www.iitism.ac.in
Q109911843,,,2000,https://www.stietridharma.ac.id
Q109911566,,,1997,https://www.stiekia.ac.id
Q131765600,,,1998,https://ouk.edu.kz/
Q12070837,,,1958,https://www.tkmce.ac.in
Q51077300,,,2017,https://www.srmap.edu.in
Q30294468,,,,
Q6973771,,,1980,
Q7500131,,,1974,
Q15904170,,,1953,
Q6122081,,,2008,
Q135095294,,,,https://2ai.ipca.pt
Q109913123,,,2001,
Q6000961,,,1957,
Q5035687,,,1960,
Q273570,188,,1821,https://www.chartes.psl.eu/
Q141194353,,,,https://www.i-systems.edu.my
Q5675100,8673,,1920,
Q133810544,,,2023,https://iifte.uz
Q109912079,,,1960,https://www.stipfarming.ac.id
Q135095187,,,,https://www.gei.edu.eg
Q6156853,,,1974,https://unisinubogota.edu.co/
Q5330206,1803,,1969,https://cei.edu/
Q6074590,,,2011,
Q6752127,,,1999,
Q697367,5323,,2000,
Q16110696,,,1998,https://www.veleri.hr/
Q5643247,,,1939,
Q3269006,,,1927,
Q109912638,,,1982,https://siakad.stkippgribl.ac.id
Q16307808,,,,
Q1059283,,,1994,
Q6868459,,,1999,
Q46996973,,,,
Q12511348,,,,https://stmik-sumedang.ac.id
Q109912254,,,2020,
Q15574199,4117,,1971,
Q11499808,,,,
Q6537860,,,1865,
Q83804736,,,2018,https://uontario.ca
Q1177741,,,1531,https://www.unithe.hu/
Q4837293,,,1998,https://www.bfuhs.ac.in
Q136352012,,,2012,https://www.utcalvillo.edu.mx
Q30296058,,,1886,
Q6942755,3456,,1926,https://www.muskegoncc.edu/
Q19978516,,,2009,https://www.sanktignatios.org/
Q7934331,,,1884,
Q7894260,,,1997,
Q7896243,,,1976,https://www.universityofsantamonica.edu/
Q603686,,,1956,https://www.hkbu.edu.hk/
Q29864663,,,,
Q135739026,,,1989,https://www.euruni.edu/Discover-EU-Barcelona.html
Q2756518,,,2008,
Q2003976,28450,,1971,https://www.upv.es/
Q48936493,,,1963,
Q43896530,,,2002,
Q16697389,,,1995,
Q18395937,,,2007,
Q109912222,,,2019,https://masoemuniversity.ac.id
Q141194513,,,2000,https://www.bcnlp.ac.th
Q2886844,,,1972,
Q1326975,11829,,1886,
Q107717874,86,,2017,https://www.atibauniversity.edu.ng
Q4470466,6600,,1930,
Q9380869,,,1997,
Q3551607,,,1992,https://www.universite-kikwit.com/
Q30263558,,,,
Q7894394,,,1937,
Q6412029,,,2005,https://www.ksau-hs.edu.sa
Q7615536,3492,,1947,https://www.stevenson.edu/
Q7934212,,,1914,https://ext.vt.edu/
Q109912388,,,2018,
Q5035532,2715,,1992,
Q30263475,,,1558,https://ateneum.edu.pl
Q1355694,,,1987,
Q140868390,,,2008,https://uzdsmi-nf.uz
Q1542386,,,1972,https://ruc.dk/
Q30286736,,,,
Q3369724,,,1881,
Q30262889,,,1982,
Q30263524,,,2010,https://www.29mayis.edu.tr/tr/
Q25112373,,,1995,https://unigeo.edu.ge/
Q30286209,,,,
Q1018771,,,1949,
Q1568961,,,2000,https://www.swinburne.edu.my/
Q3177493,,,1957,
Q1262617,3600,,1978,
Q54914453,,,,
Q4916526,,,2008,
Q6156614,,,,
Q30268847,,,,
Q30263417,313,,1985,
Q137943869,,,,https://saravan.ac.ir
Q97293012,,,,https://www.chec.fr/
Q133811704,,,1993,
Q7347822,,,1913,
Q30255640,,,,
Q7296531,,,1868,
Q4174759,,,1939,
Q45819,,,1984,
Q55614496,,,2013,https://www.tdu.edu.in
Q17039280,,,1933,
Q67654472,,,2019,
Q7555032,,,1972,
Q7675938,,,2003,
Q1972136,,,1976,
Q141195366,,,1961,https://assuntacollege.edu.my
Q7688756,,,1982,
Q4750915,,,1984,
Q2830804,1118,,1881,
Q6156336,,,1976,https://www.uan.edu.co/
Q74435326,,,,https://centrouniversitariounifg.edu.br/
Q30257400,,,,
Q8045956,,,1969,
Q30268241,,,,
Q1093363,,,1992,
Q706940,6595,,1966,
Q4886877,,,2010,
Q6359130,,,1999,
Q111431912,,,2004,https://medinstytut.lviv.ua/
Q4570025,75200,,1949,https://www.gcu.edu/
Q7413692,20693,,1963,
Q4398071,9500,,1930,
Q51882897,,,2018,
Q1961160,,,1918,
Q54166,27000,,1971,https://www.th-koeln.de/
Q30297145,,,2007,
Q4824006,,,1975,
Q6424304,,,1875,https://www.kobe-c.ac.jp
Q9091600,,,1985,
Q136358928,,,1984,https://fcpc.edu.ph/
Q136663742,,,,https://eim.education
Q128123083,,,,https://www.fam.ulusiada.pt
Q30294764,,,,
Q16931585,,,1966,
Q4476752,10000,,1930,
Q140351184,,,2021,https://ranch.university
Q7525349,,,,
Q1937364,,,1995,
Q29002785,,,,
Q7286822,,,1933,https://www.rakuno.ac.jp/
Q135095235,,,,
Q134879009,,,2020,https://www.misselasmo.org/
Q109912801,,,2017,https://www.stitnafistabalong.ac.id
Q140045518,,,,https://centreforwaterresourcesstudies.dal.ca
Q1064573,,,1991,
Q11440136,,,1935,https://soho.jonan.jp/jc/
Q5648125,,,2007,
Q4745239,,,1940,
Q16902793,180,,1962,
Q6983278,,,1953,
Q52610248,,,,
Q7192377,,,1957,
Q141195378,,,1995,https://www.icom.edu.my
Q756126,14928,,1956,
Q957995,9238,,1883,
Q45135063,,,,
Q109912004,,,2019,https://stikesmm.ac.id
Q2120206,,,2007,
Q29054558,,,,
Q24456686,,,,
Q7009262,,,1954,https://njms.rutgers.edu/
Q141195199,,,,https://www.surya.edu.my
Q5445986,,,1870,https://www.fettes.com
Q7249003,,,,
Q4303889,,,,
Q11107598,,,,
Q2570442,,,1991,
Q139033490,,,2024,https://sarbon.university
Q4082709,,,1931,
Q13334,16629,,1966,https://www.univ-orleans.fr/
Q458666,14050,,1937,
Q141195295,,,,https://kkpenampang.edu.my
Q1207503,,,1946,
Q7289848,,,1910,
Q6156538,,,,
Q30294185,,,,
Q5019038,,,1893,
Q830901,6551,,2004,https://www.u-hyogo.ac.jp/
Q6082323,,,1982,
Q1152942,8455,,1949,https://www.mie-u.ac.jp/
Q5459481,,,,https://www.flintschools.org/
Q10387841,,,,
Q673105,21205,,1909,
Q4764380,,,1959,
Q601885,,,1951,https://en.oranim.ac.il/
Q2371986,,,1971,
Q213439,23994,,1819,https://virginia.edu
Q12368063,,,,
Q19600086,,,2013,
Q135095604,,,,
Q136663937,,,2007,https://cierl.uma.pt
Q15915004,,,1997,
Q30294064,,,,
Q7895100,,,1980,
Q11632334,,,1948,https://www.npa.go.jp/keidai/english/index.html
Q124525931,,,2019,https://fabriquerel.org
Q1048898,13097,,1791,https://www.uvm.edu/
Q1552113,5246,,1893,
Q12688191,,,,
Q85746900,,,2004,
Q30287875,,,,
Q50015,1949,,1925,https://www.cgu.edu
Q12191827,,,1984,
Q2508394,,,1996,
Q3752161,,,1991,https://kdru.edu.af
Q5122883,11863,,1915,
Q7894364,,,1970,
Q15732430,,,1938,
Q30294382,,,,
Q7191780,,,1967,https://www.pierce.ctc.edu/
Q31187195,,,,
Q7603627,7636,,1861,https://ww1.oswego.edu/
Q125762021,,,,https://eastwest.edu.ge
Q30263868,,,2006,
Q8055406,7784,,1966,https://www.york.cuny.edu/
Q338514,591,,1990,
Q17071332,,,2002,
Q4961841,986,,1950,
Q7231703,3964,,1927,
Q5348584,,,1966,
Q7055057,2829,,1903,https://www.ndscs.edu
Q86737854,,,,
Q5917674,,,1981,
Q2160579,5257,,1959,
Q140876154,,,1995,https://e-damavandihe.ac.ir
Q6035477,,,1952,
Q2643409,29000,,2004,https://www.avans.nl/
Q2617399,18000,,1931,
Q5440484,13181,,1981,https://mautech.edu.ng
Q6705649,,,1966,
Q131428031,,,,https://ccul.pt
Q135738440,,,2001,https://www.tjit.edu.in
Q109912936,,,1987,https://www.stimi-bjm.ac.id
Q20452286,,,,
Q30287911,,,,
Q10387807,,,2005,
Q1613719,36000,,1944,https://www.umcs.pl
Q7838935,3968,,1901,
Q136663951,,,,https://www.appsyci.pt
Q7023607,,,1967,
Q1702696,,,1994,https://www.jkuat.ac.ke/
Q12523351,,,1962,https://unissula.ac.id
Q7707476,2339,,2009,
Q30294119,,,,
Q2607021,,,1919,
Q10296808,,,1985,
Q30293940,,,,
Q2302260,11405,,1881,https://sdstate.edu
Q30257433,,,1951,
Q6540200,,,1881,
Q109913032,,,1983,https://www.stieamm.ac.id
Q140351723,,,1992,https://depedsaragani.com
Q19744851,,,2001,https://.unitri.ac.id
Q6979275,,,2010,
Q30266182,,,1935,
Q113484308,,,2022,https://www.osgu.ac.jp/
Q7034417,,,1983,
Q319761,11170,,1872,https://www.aber.ac.uk/en/
Q25450455,,,1993,
Q126050081,,,2023,https://www.univ-rennes.fr/
Q136663417,,,2017,https://ciited.conicet.gov.ar
Q5101687,,,,
Q30258162,,,1953,
Q59535941,,,2002,
Q4705321,,,1991,
Q10387910,,,1983,
Q6583865,,,1999,
Q7272348,6942,,1963,
Q30253887,,,,
Q30271100,,,1978,
Q11661259,,,1961,
Q109912713,,,,https://www.sttsimpson.ac.id
Q1591389,,,2001,https://www.hep-bejune.ch/
Q7850095,,,1946,https://www.ktt.ac.jp/tiu/
Q9302510,,,1995,
Q1607255,2484,,1778,https://www.tiho-hannover.de/
Q15208026,,,1994,
Q30294048,,,,
Q119148726,,,,https://acad-cj.ro/biblioteca.html
Q11986872,,,,https://ldh.no
Q30293859,,,,
Q595840,,,2006,
Q971691,,,1970,
Q10854050,,,1986,
Q68074269,,,,
Q41568037,,,2001,
Q12523415,,,1999,
Q1774197,,,1925,
Q30262948,,,1995,
Q482759,,,1964,
Q13565262,,,1905,https://www.isatu.edu.ph/
Q3009995,,,1968,https://www.cegepdrummond.ca/
Q18170732,,,2002,
Q22080336,,,2013,https://cmr.edu.in/
Q5202383,,,1963,
Q21019393,,,2008,
Q134250913,,,,https://steotonio.pt
Q30294032,,,,
Q10387877,,,,
Q20411232,,,2014,
Q1237670,72,,1851,
Q97280841,,,1993,https://yakutia.science/
Q30253880,,,,
Q30263378,,,1987,
Q115768957,,,2011,https://www.ftveti.edu.et
Q5962950,,,1974,
Q4304299,15000,,1921,https://mtuci.ru/
Q3010011,,,1980,
Q61930714,,,1973,
Q640694,31185,,1906,https://www.ualberta.ca
Q25419663,,,2006,https://uniego.edu.br
Q16096532,,,1978,
Q59535266,,,1993,https://www.gulfenglishschool.sch.qa/
Q30294168,,,,
Q4966838,1455,,1880,https://www.bridgewater.edu/
Q6175405,,,1982,
Q30271788,,,2009,
Q18388023,,,2014,https://kfueit.edu.pk/
Q77574105,,,,
Q109913299,,,2018,https://poltekpel-sorong.ac.id
Q392189,66972,,1878,https://www.umontreal.ca/
Q131428060,,,1999,https://www.asianintlschool.edu.vn
Q141194268,,,,
Q1104405,10118,,1954,
Q97524039,,,2019,https://umpp.ac.id
Q4201765,,,1999,https://tsi.lv/
Q5935849,,,1950,
Q1656608,11766,,1901,
Q141195783,,,1997,
Q141195492,,,2009,https://www.pcu.edu.kh
Q4696580,,,1940,https://www.mizuho-c.ac.jp/
Q4303895,,,1931,
Q11815241,,,1998,
Q30263619,,,2005,
Q17056187,,,2013,
Q6631323,,,1985,
Q270532,,,1495,https://abdn.ac.uk/
Q3152474,,,1929,
Q10829180,,,2002,
Q39046565,,,1965,
Q16999351,,,1989,
Q4969329,,,,
Q1505093,79,,1966,
Q109912238,,,2019,
Q132803369,,,2009,https://www.serrana.edu.py
Q28656901,8000,,1981,
Q896468,5895,,1971,
Q30265568,,,1981,https://www.unhamzah.ac.id
Q7896686,,,1988,https://econtinua.udla.cl/
Q7285427,,,1995,
Q4842597,,,2001,
Q30263692,,,2009,
Q1922219,250,,1918,
Q1622076,4000,,1996,
Q4857700,117,,1947,
Q7894319,,,1966,https://www.unitec.mx/
Q622664,42875,,1960,https://ucsd.edu
Q489696,,,1993,
Q6686153,,,1909,https://www.loucoll.ac.uk/
Q3244340,,,1838,
Q30294115,,,,
Q7401662,76,,1956,
Q110100666,,,2021,
Q136663780,,,,https://www.utas.edu.om/ibri
Q2559074,,,1930,
Q7331083,,,2000,
Q134251342,,,,https://www.uc.pt/imprensa/
Q2501849,5795,,1945,https://usarb.md/
Q30293806,,,,
Q1700808,,,1997,
Q30264167,,,1988,
Q48804537,,,2008,
Q6902155,2302,,1964,
Q48726559,,,1906,https://iscnagpur.ac.in/
Q6156738,,,2000,
Q7573934,932,,1911,
Q6052304,,,2007,
Q30294148,,,2008,
Q137795966,,,2019,https://www.sparshhimalayauniversity.edu.in
Q1783608,11460,,1889,https://unco.edu
Q1136874,11841,,1869,https://www.stcloudstate.edu/
Q52846903,,,1945,
Q97208050,5474,,2020,https://www.kocaelisaglik.edu.tr
Q17632385,,,2013,
Q24935146,,,1987,
Q6391918,1729,,1962,
Q1908174,,,1992,
Q12132887,,,2010,
Q129342877,,,2022,
Q491597,,,1972,
Q123207552,,,1941,https://www.mmhsc.edu.et
Q6364490,,,1997,
Q1916610,,,1950,
Q11610873,,,1966,https://www.catherine.ac.jp
Q30294365,,,2013,
Q33121359,,,2009,
Q101377981,,,,
Q1423677,,,1996,
Q2034815,410,,1917,
Q7896336,,,1965,
Q7677240,,,1959,https://www.takaoka.ac.jp/
Q135739337,,,1994,
Q28954152,,,2005,https://www.univrab.ac.id
Q61861355,,,2016,https://www.unavarra.es/isfood/
Q4802157,,,1980,
Q2624776,,,1937,
Q30266576,,,1959,
Q4999222,,,1972,
Q4672825,,,1949,https://www.atu.edu.gh/
Q109913152,,,2017,
Q5588999,,,1982,
Q7055590,,,1991,
Q2917699,,,1972,https://www.tanta.edu.eg
Q3918348,,,2000,
Q133812232,,,2011,
Q128123120,,,,https://iees.pt/escola-superior-de-educacao-de-fafe/
Q30294668,,,,
Q30293869,,,,
Q18484105,,,,
Q30263540,,,2004,
Q103920259,,,1994,https://sui.fsin.gov.ru/
Q11589950,,,1998,
Q30257192,,,,
Q30294698,,,2002,
Q30262737,,,2000,
Q3509668,45938,,1975,
Q109912751,,,2018,https://www.poltekpel-banten.ac.id
Q64143416,,,,
Q15852343,160,,2013,
Q4479221,,,1958,https://угту.рф
Q7063438,,,1957,
Q7497760,214,,1983,https://www.honan.ac.jp/
Q11663202,1157,,2008,
Q52849863,,,1994,
Q12131094,,,1992,
Q4201665,,,,
Q377757,8200,,1904,https://www.ru.ac.za/
Q1972721,19155,,1971,https://www.ltu.se
Q129343017,,,2022,
Q112676667,,,1999,https://www.sdws.edu.cn/
Q3603764,,,1927,
Q921264,3458,,1891,
Q4229553,,,1932,
Q30265208,,,1996,
Q107518734,,,2001,https://chembio.triiprograms.org/
Q7988378,1324,,1912,
Q7010189,2777,,1893,https://www.nmhu.edu/
Q121326850,,,,https://adenuniversity.edu.pa/
Q1960654,,,1854,
Q30293743,,,,
Q4857686,,,1951,
Q220226,,,1992,https://www.unam.edu.na/
Q632004,19137,,1923,https://www.ru.nl/
Q10882754,3770,,1968,https://eng-rp.aeust.edu.tw/
Q109359905,,,2021,https://www.mcon.ac.jp/
Q5297154,,,2005,https://www.doonuniversity.ac.in
Q6379500,,,1987,
Q5210049,3186,,1881,https://dsu.edu/
Q136663607,,,,
Q12513135,,,,
Q5440061,,,1955,https://fcaishiagu.edu.ng/
Q248702,748,,1776,
Q2495899,,,2002,https://ontariotechu.ca/
Q48731017,,,2017,https://www.vupune.ac.in
Q547138,,,2004,https://www.paneurouni.com/
Q2496084,,,2002,https://www.ump.edu.my/en
Q2398777,,,,
Q7895102,,,1991,https://www.uobabylon.edu.iq/
Q27961614,,,1981,
Q10863000,17521,,1947,
Q5932856,,,1944,https://www.snnu.edu.cn/
Q111431884,,,,https://itb.edu.ec/
Q39046516,,,2012,
Q634259,,,1948,
Q1628690,,,1904,
Q30267389,,,2005,
Q403626,9407,,1946,
Q109913064,,,1982,https://www.labora.ac.id
Q10387835,,,2013,
Q16121178,,,2002,https://eaeu.edu.sd/
Q133811927,,,,https://mppolytechnic.ac.in
Q641084,,,1938,https://www.arellano.edu.ph
Q5062041,,,1993,
Q109912221,,,2020,
Q729391,,,1973,https://www.unex.es
Q29675,,,1962,https://www.ulima.edu.pe/
Q104847937,,,2021,https://www.plaksha.edu.in
Q5611381,2277,,1876,https://www.gcc.edu/
Q29467511,,,2017,https://www.quantumuniversity.edu.in
Q6742767,,,2011,
Q524289,,,1794,https://www.cnam.eu/site-en/
Q13139757,,,1993,
Q6156516,2559,,1987,
Q39516648,,,1956,
Q1938648,,,2009,https://www.kentalis.nl/
Q524713,,,1995,https://www.erasmushogeschool.be
Q118314808,,,,https://www.gulfcollege.edu.om
Q7567580,,,1969,
Q4361461,,,1940,
Q3143507,1058,,1875,https://htu.edu/
Q109912514,,,2016,
Q132140,45038,,1927,
Q469476,6857,,1919,https://www.aucegypt.edu/
Q6041582,,,1975,
Q15118972,,,1956,
Q12065026,1137,,1916,
Q25474292,,,1984,https://www.stma-trisakti.ac.id
Q141194829,,,1996,
Q6027449,,,1989,
Q7603622,3077,,1913,
Q55453840,,,1958,
Q7241864,,,1974,
Q135398293,,,2009,https://grin.normativity.ca
Q115059016,,,2023,https://www.tid.ac.jp/
Q1304582,,,2010,
Q1017599,346,,2009,https://www.businessschool-berlin.de/
Q27139633,,,2010,
Q7895940,3010,,1927,https://unca.edu
Q3578093,1022,,1961,https://www.enise.fr
Q484108,,,2009,
Q1054905,7763,,1867,https://www.morgan.edu/
Q9380864,,,1997,
Q6973724,,,1959,
Q507349,,,1949,https://gujaratuniversity.ac.in
Q7569478,1263,,1960,
Q2915589,,,1991,
Q48841572,,,2019,https://kiu.edu.ge/
Q43895452,,,1973,https://www.morrisontech.edu/
Q29052371,,,,
Q141194105,,,2006,https://micp.edu.my
Q6359113,,,2001,https://www.kiu.ac.ug/
Q107202968,,,,
Q30293709,,,,
Q3152574,,,1956,https://www.isen-lille.fr
Q85991590,,,2018,
Q4496306,,,1991,
Q1074112,9033,,1949,
Q19744814,,,1987,https://www.umsida.ac.id
Q7894893,,,1973,https://floridapress.org/
Q16433690,,,1961,
Q25450349,,,2009,https://www.alzahu.edu.iq/
Q3577935,,,1982,
Q1796144,1017,,1771,
Q109921179,,,2016,https://polbitrada.ac.id/
Q4352907,,,2010,
Q135095589,,,2015,https://www.ens-bousaada.dz
Q4475821,,,1988,
Q138028309,,,2009,https://gci.edu.np
Q1687025,,,1890,https://www.comillas.edu
Q7208107,3591,,1960,https://www.pointpark.edu/
Q102347729,,,2016,
Q3183238,,,2002,
Q7410267,,,1958,https://ssvv.ac.in
Q7588644,,,1850,
Q3940116,4702,,1956,
Q3551776,,,1978,https://www.ucema.edu.ar
Q45612,,,2005,
Q19744854,,,1985,https://www.widyagama.ac.id
Q1029504,21534,,1920,https://www.unwe.bg/
Q4923740,,,,https://www.bladen.k12.nc.us/
Q12523442,,,1979,
Q1450490,4260,,2003,
Q7305558,,,1892,
Q10829139,,,,https://tbd.edu.vn
Q7894290,,,1998,
Q133811133,,,,
Q48756589,297,,2017,https://www.iwate-uhms.ac.jp/
Q10917223,,,,https://www.jvcit.edu.cn/
Q30294090,,,1983,https://unilatina.edu.co/
Q7408197,,,1989,https://www.jsfs.co.il/
Q11124426,,,2000,
Q109919327,,,2021,https://www.stifapelitamas.ac.id
Q30294701,,,,
Q8038222,,,1968,
Q3896631,,,1910,
Q4336880,,,1975,
Q2496161,,,1999,
Q28054180,,,2016,
Q74528130,,,,
Q7286214,,,2006,
Q108737453,,,,https://www.forest.org.rs/?sLang=en
Q4408431,,,1931,
Q5599771,,,1973,
Q12309280,,,,
Q2495809,333507,,1931,https://usg.edu
Q14160833,,,1984,
Q2324530,,,1960,https://tou.edu.kz/
Q3551442,,,1968,
Q1462246,21000,,1964,https://www.upatras.gr/
Q3551790,,,1996,https://ulk.ac.rw/
Q4469711,30000,,1992,
Q7508590,,,2010,https://www.skbu.ac.in
Q136351875,,,2012,https://iranacademia.com/?lang=en
Q489331,,,1897,https://ssu.ac.kr/
Q28446441,,,2007,
Q52636645,,,2009,
Q141194465,,,1998,https://www.fame.edu.my
Q4667848,,,2001,
Q30262971,,,1994,
Q5104661,,,1956,
Q981237,,,,
Q11858808,,,1963,https://www.emo.fi/
Q238101,67949,,1851,https://twin-cities.umn.edu/
Q5314731,,,1970,
Q130537722,,,1989,https://www.caor.minesparis.psl.eu
Q57987898,,,2011,
Q2177111,9000,,1906,https://rsmu.ru
Q5655014,,,1921,https://www.hbtu.ac.in
Q141194557,,,,https://www.unitar.my/college/
Q109911964,,,2019,
Q6050760,,,2002,
Q109919754,,,2006,https://www.stikespanakkukang.ac.id
Q2496197,9000,,1979,
Q4985470,1863,,1891,https://www.bvu.edu/
Q6817140,,,1927,
Q5062908,,,1977,https://www.cepc.gob.es/
Q5315407,,,1995,
Q1770587,,,1977,https://www.dnc.ac.jp/
Q16947040,4202,,1973,
Q25450407,,,2014,https://nuc.edu.iq/en/
Q5639857,,,1991,
Q30282387,,,1997,
Q54854439,,,,
Q23807236,,,2001,https://www.unpi-cianjur.ac.id
Q13122812,,,2007,
Q11043892,,,1956,https://www.sdjtu.edu.cn/
Q1053911,,,1910,
Q6156850,,,1989,
Q2005511,11074,,1916,https://www.ufh.ac.za/
Q1516779,,,1946,https://www.nyenrode.nl/
Q109984700,,,2021,https://www.dhu.edu.in
Q8047900,,,1934,
Q59535213,,,1991,
Q3128626,1690,,1885,https://www.junia.com/fr/junia/programme-grande-ecole-hei/
Q30267684,,,2016,https://kanazawa.schoolweb.ne.jp/1710015
Q109913804,,,1998,https://stisipwidyapuri-smi.ac.id
Q6940239,,,1929,
Q514105,,,1954,
Q46996987,,,1962,
Q6078998,,,2008,
Q109919791,,,1983,https://stiabagasasi.ac.id
Q30260552,,,2011,https://luanar.ecampus.ac.mw/
Q5317480,8034,,1957,
Q3610917,,,1966,
Q6156585,,,2007,
Q315229,6000,,1965,https://www.dshs-koeln.de/
Q30293775,,,,
Q97308728,,,2007,https://www.poltekkes-malang.ac.id
Q5139329,7983,,1964,
Q7895618,27360,,1986,https://lagh-univ.dz
Q7966733,,,,
Q11126285,,,2005,
Q2422926,,,1987,https://www.hku.nl/
Q2901181,,,1935,https://www.istitutomarangoni.com
Q18355930,,,2010,
Q18354920,4838,,2011,
Q120983198,,,1988,https://escp.eu/madrid
Q1407397,18344,,1984,https://www.ou.nl/
Q31757806,,,2000,https://www.ucspathein.edu.mm
Q89345429,,,1966,
Q30266545,,,,
Q77077056,,,2010,https://www.nestor-bildung.de/
Q1970344,,,1791,
Q3604051,,,1940,
Q137795876,,,2020,https://www.britishuni.edu.ge/en
Q130537827,,,2020,https://www.utas.edu.om/suhar
Q25450302,,,2010,https://hiuc.edu.iq
Q30294467,,,,https://www.jlenu.edu.cn/
Q6020638,,,2009,
Q3580764,,,2007,
Q4201661,,,1993,
Q5086970,,,1947,
Q5695527,,,1903,
Q6930337,13988,,1962,
Q30282960,,,,
Q3604039,,,1967,
Q6191964,,,1913,
Q7504609,,,1949,
Q30294268,,,1980,https://www.univ-tiaret.dz
Q30257414,,,,https://крду.мвд.рф
Q107478104,,,2014,https://coronacollegeofeducation.edu.ng/
Q1514069,444,,2011,
Q23498032,,,1931,https://tfi.uz
Q18484239,,,1994,
Q7449480,135,,1951,https://ssw.edu
Q109912409,,,2016,https://www.stisa.ac.id
Q5570532,,,2006,https://www.nagaland.net.in
Q129343773,,,2022,
Q12486118,,,2017,https://uinmataram.ac.id
Q11655183,3477,,2000,
Q624189,,,1948,
Q2570220,6059,,1780,https://artsetmetiers.fr/en
Q131428093,,,,https://www.cq.uminho.pt
Q30257297,,,1994,
Q135738532,,,,https://tuetech.edu.vn
Q6784196,3762,,1961,
Q109913482,,,2011,https://www.akfarimambonjol.ac.id
Q2892503,,,2010,
Q5373734,1230,,1836,https://www.emoryhenry.edu/
Q4467975,,,1958,
Q19852174,,,1985,
Q141194306,,,1988,https://www.hanxin.edu.my
Q41568127,,,1996,
Q100955856,,,2003,
Q6801272,,,1969,
Q20775334,,,1929,https://www.hotelschool.nl/
Q12523338,,,1989,https://www.uniba.ac.id
Q5092852,,,,
Q109913178,,,2010,
Q29513720,,,1989,https://www.esm.dz
Q6424308,,,1912,
Q30294402,,,,
Q19745825,,,1987,https://www.unigamalang.ac.id
Q7592819,,,2003,
Q17030781,,,1965,https://www.hbust.edu.cn/
Q30263472,,,2003,
Q2983727,,,1968,
Q5974942,,,1946,
Q14679337,2530,,1963,
Q3694582,,,2001,
Q633040,9304,,1922,
Q6424857,,,1967,https://www.kochi-gc.ac.jp/
Q12334021,,,2014,https://www.rybners.dk/
Q4751185,14313,,2000,https://coou.edu.ng/
Q7894344,,,1997,https://unis.edu.gt/
Q140033219,,,1992,https://mandakh.edu.mn
Q1737513,13989,,1969,
Q16256213,,,1986,
Q3268893,,,1806,https://fermat.mon-ent-occitanie.fr
Q49210,57270,,1831,https://nyu.edu
Q12074691,,,2002,
Q19732705,,,2017,https://www.akamigas.ac.id
Q3896624,,,1975,https://www.xynu.edu.cn/
Q16711550,10585,,1930,
Q5333198,,,1981,
Q25426111,6000,,2016,https://vid.no
Q61943383,242,,2016,https://www.fhchp.de/
Q30294824,,,,
Q122284945,,,2022,
Q7517999,140,,1879,https://simmonscollegeky.edu/
Q3010001,,,1967,https://cegeplevis.ca/
Q8074115,,,,https://zoolmuseum.biol.uoa.gr/?lang=en
Q30265072,,,1979,
Q30266455,,,,
Q1633215,33332,,1968,https://www.unisa.it
Q11060363,,,1964,https://www.czimt.edu.cn/main.htm
Q109913365,,,2010,https://www.poltekkespalu.ac.id
Q30294536,,,2015,https://www.upri.ac.id
Q10980312,,,2003,https://uniku.ac.id
Q118897981,,,,
Q6481422,,,1992,
Q7607085,,,1946,
Q1591615,4243,,1965,https://www.hpu.edu/
Q135095545,,,,https://www.mgachrc.org
Q109919397,,,1998,
Q7864125,,,1986,
Q7199570,1168,,1963,
Q1152190,,,1900,
Q30293907,,,1977,https://www.southbaylo.edu/ca/home/index.htm
Q3866971,,,1947,
Q131428213,,,,https://socius.rc.iseg.ulisboa.pt
Q136663584,,,,https://labmm.fmh.ulisboa.pt
Q6156835,,,1995,
Q30257296,,,,
Q2496204,,,1965,https://www.unsta.edu.ar/
Q3351151,,,1979,
Q2840233,,,1950,
Q115153330,,,,https://milanoup.unimi.it/
Q1780212,22710,,1970,https://www.univ-spn.fr/
Q19605761,,,,
Q30262830,,,2005,
Q16959509,,,1988,
Q4097525,,,1980,
Q131351679,,,1984,https://azimeti.az/az
Q401034,49436,,1962,https://www.abu.edu.ng
Q3577732,,,1898,
Q6447364,,,1957,https://kuk.ac.in
Q7894325,,,2008,https://www.uto.edu.bo/
Q965390,,,1838,https://ihgb.org.br
Q109912907,,,2016,https://stisdafa.ac.id
Q16097938,,,2011,https://www.jeju.ac.kr/Main/index.php
Q7692505,,,2007,
Q6450965,,,1994,https://kymu.edu.ua/
Q136663795,,,,https://cij.up.pt
Q141195602,,,1998,https://instedt.edu.my
Q3551685,,,1851,https://www.trinity.utoronto.ca/
Q7171622,,,,
Q4702538,,,1999,
Q84588601,,,2015,https://www.stikesbuleleng.ac.id
Q5588989,,,1951,
Q3695977,,,2017,https://www.cottonuniversity.ac.in
Q3547053,,,1903,
Q24885130,,,,
Q4250926,,,1965,https://www.trisakti.ac.id
Q61365375,,,1969,
Q30293740,,,,
Q135738732,,,,https://www.unb.ca/mamce
Q133811565,,,1995,https://imc.bas.bg
Q10885058,,,1948,
Q6059990,,,2007,
Q19744843,,,2012,
Q1940803,12306,,1993,https://www.miun.se/
Q371625,17094,,1930,https://www.brooklyn.edu/
Q1230739,24888,,1895,
Q125450776,,,2001,https://www.itescam.edu.mx
Q7714345,,,1983,
Q104480933,,,2006,https://www.algebra.hr/
Q106808323,,,2002,https://www.poltekstpaul.ac.id
Q386348,904,,1908,https://www.nesl.edu/
Q5162061,,,1908,
Q7591280,,,1911,
Q7894082,,,1965,https://www.uti.edu/
Q2982989,763,,1967,
Q109911965,,,2020,https://upg.ac.id/
Q6818726,,,1917,
Q111431924,,,2011,https://iiep-baires.econ.uba.ar/
Q30591100,,,,https://www.bsmrmu.edu.bd
Q28949964,,,2008,
Q11613856,,,1954,https://www.kouku-dai.ac.jp/
Q55633763,,,2013,https://www.srinivasuniversity.edu.in
Q7427250,1386,,1965,https://www.svcc.edu/
Q140873463,,,2019,https://cisess.umd.edu
Q5529378,,,1945,https://gumed.edu.pl/
Q5147640,,,1967,https://www.cegepvalleyfield.ca/
Q10829028,,,2004,
Q7060296,3506,,1902,https://www.unwsp.edu/
Q19370961,35000,,2019,https://univ-cotedazur.fr/
Q1026902,9261,,1965,
Q4201739,,,1993,
Q4418283,,,1953,
Q4704901,,,1988,https://uoturath.edu.iq/
Q4670504,18215,,1982,
Q77075730,,,2007,https://hibb.hamburg.de/
Q4315005,,,1918,
Q30263647,,,1970,https://policijska-akademija.gov.hr/
Q109913759,,,2017,https://www.udn.ac.id
Q19458890,,,2003,https://www.jigyasauniversity.edu.in
Q658975,16908,,1537,https://www.unil.ch/
Q1752117,30009,,1992,
Q127990,17380,,1947,https://www.anu.edu.au/
Q5373150,,,1940,https://www.emmanuelbiblecollege.ca/
Q141195422,,,2003,https://kkhululangat.mypolycc.edu.my
Q3578191,,,1969,
Q137943553,,,2018,https://www.vsig.hr
Q3291440,,,1985,
Q30263670,,,,https://www.cb.szczecin.pl/
Q30294405,,,,
Q3687230,,,1971,
Q10299478,,,1962,
Q12688193,,,,
Q30263496,,,1976,
Q12645671,,,1966,
Q90571011,,,2011,
Q10927172,4384,,1947,https://www.ntunhs.edu.tw/
Q1482689,36000,,1906,https://kneu.edu.ua/
Q29055418,,,,
Q30266617,,,,
Q30286103,,,,
Q5089727,,,1993,
Q7894269,,,,https://uh.ac.cr/
Q109919728,,,1997,https://steijogja.ac.id
Q835075,,,1981,
Q1964403,30958,,2006,
Q129343516,,,2021,
Q181419,2579,,2022,
Q2360835,,,1825,https://rghpu.ru/
Q596856,,,1942,
Q30263737,,,2005,
Q5055461,2906,,1953,
Q4861050,,,,
Q958316,,,1951,https://www.iwkoeln.de/
Q6135587,,,1930,
Q283032,,,1985,
Q14687525,,,1962,https://www.ccc.edu/colleges/washington/pages/default.aspx
Q3630817,,,1992,https://www.magadhuniversity.ac.in
Q30266498,,,,
Q135983404,,,2012,https://www.ssri.net.au
Q2101370,,,1991,
Q6165981,,,1963,
Q5330261,,,1912,https://www.elnu.edu.cn/
Q50040075,,,1929,
Q7894748,,,1976,
Q30273009,,,1976,
Q4201544,,,,https://ikp-rao.ru/
Q5087893,7452,,1963,
Q7289780,,,1942,
Q109442406,,,2012,https://www.stimsurakarta.ac.id
Q7894416,,,1965,https://www.methodist.ac.id
Q865528,25615,,1965,https://warwick.ac.uk/
Q141194180,,,2004,https://ivides.vnu.edu.vn
Q5958734,,,1986,
Q109913850,,,2012,
Q569350,268,,1966,https://www.hff-muenchen.de
Q25238599,,,1974,https://cartogis.org/
Q29177722,,,,
Q1319786,50000,,2017,https://www.uca.fr
Q21654162,,,,
Q109922186,,,,
Q96376546,,,2002,https://www.dbcitanagar.ac.in
Q7519171,,,1881,
Q7128537,3854,,1947,
Q109912788,,,2005,
Q4879121,,,1959,
Q30632611,,,1960,
Q3443302,,,2004,
Q11508084,,,,
Q119465721,,,2022,https://www.ulbi.ac.id
Q17077730,,,2010,
Q5331052,,,1996,
Q109911981,,,,https://staibrebes.ac.id
Q11597806,,,1994,https://www.ritsumei.ac.jp/uji/
Q5649335,,,1956,
Q5949096,10000,,1984,
Q5520732,,,1956,
Q4923738,1057,,1967,
Q109922067,,,2020,
Q7802240,497,,1981,
Q273534,1200,,1882,https://www.ecoledulouvre.fr/
Q18484195,,,,
Q1307345,11741,,1865,https://umaine.edu/
Q12600846,,,1991,
Q30264871,,,1948,
Q4479105,,,1948,https://ugntu.ru/
Q7562940,,,1884,
Q15648560,,,2010,
Q109590356,,,1992,
Q140907481,,,2000,https://stkipm-pagaralam.ac.id
Q6041581,,,1962,
Q57978195,,,2015,https://www.unin.hr/
Q1049470,29956,,1956,https://uwaterloo.ca
Q30266295,,,,
Q7237976,2716,,1957,
Q109912781,,,1985,https://www.stispolwb.ac.id
Q6868461,5757,,2003,
Q10387869,,,1972,
Q51782279,,,1992,
Q59535226,,,1992,
Q30293669,,,,
Q104480305,,,2009,https://www.mimts.org/
Q7894340,,,2001,
Q17111350,,,1993,
Q10867958,,,1953,https://www.shcc.edu.cn/
Q19744839,,,1953,https://www.unisti.ac.id
Q4781580,,,1991,
Q4854863,,,1933,https://www.banffcentre.ca/
Q25468814,,,2019,
Q30263398,,,1988,
Q49162809,,,,
Q135218300,,,,
Q126839592,,,2015,
Q924265,33020,,1928,https://www.au.dk/
Q30266673,,,,
Q2093477,,,1967,
Q7976138,10748,,1967,
Q109919257,,,2013,
Q4315120,,,1944,
Q100956214,,,1982,
Q7961980,,,2001,
Q235034,32277,,1787,https://www.pitt.edu
Q53122,,,1946,
Q168756,45057,,1868,https://berkeley.edu
Q140902912,,,2016,https://esatic.ci/
Q8618,11700,,1875,https://www.ucly.fr
Q4130497,25000,,1963,
Q1357677,,,1738,https://vaganovaacademy.ru/
Q7895126,,,2004,
Q17672767,,,1901,https://www.esigelec.fr
Q109912812,,,2020,
Q7913486,,,1959,
Q6842319,4737,,1972,https://www.midland.edu/
Q7615552,,,1891,
Q9380712,,,1998,https://www.merito.pl/gdansk/
Q866829,6012,,1909,
Q7288633,,,2015,
Q12593324,,,1977,
Q135738686,,,1992,https://www.colpos.mx/cp/campus-cordoba
Q23305842,,,2002,
Q33527389,,,1948,
Q30294815,,,,
Q6030507,,,2002,
Q4824013,,,1891,https://aut.edu.au/
Q10387837,,,1953,
Q129343556,,,2022,
Q6523043,2361,,1958,
Q129571879,,,2009,https://iku.edu.iq
Q5959184,,,,
Q7842639,1086,,1959,
Q15043606,,,1978,
Q112676159,,,,https://www.yit.edu.cn/
Q6478782,3973,,1862,
Q7401787,1638,,1895,https://www.stmartin.edu/
Q64143665,,,1992,https://www.bilse.de
Q1473647,,,2002,https://phzh.ch/
Q7587641,3931,,1948,
Q3551429,4841,,1839,
Q5890751,,,1974,https://www.hbcse.tifr.res.in/
Q30293792,,,,
Q61931897,,,2010,
Q7588924,77,,1959,https://www.sjvcs.edu
Q107477960,,,1978,https://www.kscoe.edu.ng/
Q6313025,1356,,1876,https://www.juniata.edu/
Q52853894,,,1996,
Q7570118,5789,,1946,
Q6742723,7273,,1911,
Q212528,9781,,1971,https://www.uttyler.edu/
Q24676,19900,,1997,https://www.umh.es
Q61931898,,,2000,
Q125761940,,,2022,https://uchenab.edu.pk
Q7570510,358,,1983,
Q5351420,,,1994,
Q125753974,,,,
Q11453761,,,1983,https://sekishi.myswan.ed.jp/
Q4743438,,,1881,
Q5208186,,,1993,
Q7569505,9546,,1935,https://seu.edu/
Q337555,,,1820,https://www.academie-medecine.fr/
Q1467445,13500,,1950,https://www.nstu.ru/
Q1202047,,,2001,
Q11044056,,,1955,
Q414016,,,2001,
Q4745317,,,1998,
Q52849030,,,1998,
Q482649,,,1962,https://www.seoularts.ac.kr
Q607331,200174,,1676,https://www.usac.edu.gt/
Q12828800,,,,
Q1252062,2297,,1948,https://www.sciencespobordeaux.fr/
Q5603955,1620,,1962,
Q56826,10000,,1930,
Q5698182,,,1955,
Q135095276,,,,https://u3is.isvouga.pt
Q741892,340,,2000,
Q3790133,,,1960,https://www.ufsm.br/
Q141194840,,,,https://kkpagoh.mypolycc.edu.my
Q30266482,,,1994,
Q139889697,,,2004,https://www.eesmajithia.edu.in
Q11467035,,,1939,
Q3551516,,,2005,
Q4207816,,,1932,
Q30267115,,,1995,
Q109912428,,,2017,
Q30320343,,,1989,
Q12141934,,,1961,
Q1798894,4112,,1966,
Q706708,22000,,1931,https://www.ncku.edu.tw/
Q6689301,,,1906,
Q10387881,,,1967,https://www.univale.br/
Q30293765,,,,
Q16306405,,,1983,https://sites.google.com/smnc.ac.th/smncweb/home
Q17499695,,,1579,
Q109912230,,,2007,https://www.stikeswiramedika.ac.id
Q52848475,,,1998,
Q11370166,,,1999,
Q7504884,,,1950,
Q11563329,,,1961,
Q132803465,,,2021,https://nec.edu.sa/en/ncn/
Q492766,30000,,1916,
Q18345973,,,2011,https://gehu.ac.in
Q30273857,,,1980,
Q11657294,,,1963,https://www.anan-nct.ac.jp/
Q30294519,,,2009,https://unmura.ac.id
Q49087,780,,1866,https://www.fisk.edu/
Q30258648,,,1993,
Q1622096,4574,,2009,
Q1366519,3113,,1854,
Q3348405,,,1876,https://opgc.uca.fr/
Q30288168,,,1971,
Q30263020,,,1996,
Q4690800,,,2000,
Q12486660,,,1969,https://www.itn.ac.id
Q4671455,,,1993,
Q7895461,,,1974,
Q135095401,,,1991,https://qmc.umd.edu
Q4980834,,,1877,
Q6775170,,,1976,
Q16977868,,,2005,
Q12511274,,,2014,https://iainpalopo.ac.id
Q4257876,6828,,1958,
Q114340025,,,1992,https://aissmsioit.org
Q1709596,6851,,1955,https://www.nyit.edu
Q4980029,1412,,1930,https://www.bryan.edu/
Q5329257,,,2002,https://www.eastridingcollege.ac.uk/
Q5395822,943,,1839,https://www.erskine.edu/
Q6973563,,,1994,
Q12523341,,,2002,
Q30262640,,,,https://www.hebcpc.cn/
Q30257767,,,1993,
Q1165715,,,1946,
Q5530381,,,2003,
Q109913436,,,2003,https://www.aktanboekittinggi.ac.id
Q5222216,,,1946,
Q2035460,10050,,1971,
Q108940696,,,,
Q16892267,,,1933,
Q4288589,,,1991,https://mi.university/
Q514030,,,1989,
Q16997791,,,1946,
Q109911974,,,2019,https://tazkia.ac.id/
Q6090137,,,,
Q30294089,,,1978,https://cecar.edu.co/
Q129342965,,,2023,
Q3162985,12000,,1920,
Q6979250,49681,,1989,https://www.unlam.edu.ar/
Q1455176,,,1949,
Q3578126,,,1948,https://meteofrance.fr/enm
Q532822,,,1562,https://www.uniss.it
Q123031724,,,,https://www.urgfiltma.uz
Q6478429,,,1949,
Q420181,,,1917,https://asu.edu.ph
Q4827946,,,1993,
Q1814701,,,1919,
Q722186,648,,1956,
Q9351517,,,1951,
Q16959503,836,,1983,https://www.uat.edu/
Q4146754,,,1994,https://gaugn.ru/
Q10829075,,,2007,
Q1981482,,,1714,
Q129571866,,,1998,https://www.atlixco.tecnm.mx
Q109913024,,,2019,
Q30266079,,,,
Q7060132,2109,,1913,https://nnu.edu/
Q7499293,,,1962,https://www.unishivaji.ac.in
Q5146323,,,1911,https://www.collegeart.org/
Q15218213,,,2006,
Q974628,,,1986,
Q7589597,998,,1864,
Q3152528,,,1993,https://www.isima.fr
Q10302638,9400,,1979,
Q135739926,,,2012,
Q3128595,,,,https://www.hepl.ch/
Q18358956,,,2000,
Q11815227,,,1999,
Q19744798,,,1984,https://www.ust.ac.id
Q48880259,,,,https://mattertolife.maxplanckschools.org/
Q30288122,,,,
Q52848282,,,1993,
Q3788819,,,1980,
Q1747272,,,1949,
Q6452721,,,,
Q108146885,,,1979,https://www.ansbi.org/
Q7792539,2037,,1921,https://www.thomasmore.edu/
Q626067,,,1953,
Q17042706,,,2003,
Q5399470,5783,,1852,https://www.loyola.edu/
Q7591939,,,1889,
Q4289527,,,1923,https://mgu-mlt.ru/
Q5061559,4304,,1949,
Q11374927,,,1962,https://www.kier.kyoto-u.ac.jp/
Q25555818,,,1992,https://www.tisbi.ru/
Q51784271,,,2013,
Q7352053,1692,,1866,https://www.roberts.edu/
Q2170992,,,1929,https://www.rcog.org.uk
Q5115985,,,1974,
Q109912850,,,2004,https://www.sttiijakarta.ac.id
Q10274656,,,1933,
Q30266483,,,,
Q17055675,,,2004,https://www.iutripura.edu.in
Q7105604,,,1933,
Q6545022,2761,,1974,https://www.life.edu/
Q19600076,,,2006,
Q761708,8371,,1878,https://www.h-ka.de/
Q11638654,,,,
Q4449709,,,1956,
Q13093106,,,,
Q1746770,244,,1959,https://www.derksen-gym.de/
Q707272,11000,,1647,https://www.uni-bamberg.de/
Q1122926,50009,,1290,https://www.ulisboa.pt/
Q30257784,,,,https://www.iacee.org/
Q30292568,,,,
Q642310,10280,,1958,
Q109911840,,,2010,https://staiyasbakalianda.ac.id
Q7895437,,,2007,
Q30287496,,,,
Q7895785,6829,,1956,
Q4146979,,,1930,
Q30294718,,,2008,https://unda.ac.id/
Q7694901,,,1986,
Q9182583,,,2004,https://bsw.edu.pl
Q7809372,,,1965,
Q64143515,,,1995,
Q1003463,,,1904,https://www.bulsu.edu.ph/
Q30264921,,,1983,https://en.tourzj.edu.cn/
Q2495812,,,1993,
Q30263396,,,2004,
Q11568631,,,2009,https://kumamoto-nct.ac.jp/
Q7568570,3366,,1927,
Q10387952,,,2012,https://univesp.br/
Q4114347,,,1932,
Q30287371,,,,
Q3151920,,,2010,https://www.vetagro-sup.fr
Q5885817,,,1946,
Q138815099,,,2017,https://stephensgroupofinstitutions.com/stephens-nursing
Q100452185,,,2015,
Q5146860,,,2016,https://www.ub.edu.bs/
Q30294236,,,2009,
Q52162252,8000,,2018,https://ankaramedipol.edu.tr/
Q7895341,,,1998,
Q6452356,,,1954,
Q30266200,,,,
Q25516850,,,,
Q6879509,,,1963,
Q61931819,,,1987,
Q116789844,,,,https://napata.edu.sd
Q50379462,,,1975,
Q673841,,,2002,https://english.ckgsb.edu.cn
Q137657003,,,1929,https://lfi-naas.org.ua
Q109911521,,,2012,https://www.stitpringsewu.ac.id
Q6156379,,,1983,
Q10178,,,1883,https://www.cpe.fr/
Q788091,,,1968,https://www.uam.es
Q1982482,710,,1960,https://www.ncf.edu/
Q109922423,,,2008,
Q7586223,,,2000,
Q5607783,,,2006,
Q3943478,,,1895,https://www.sccbellinzona.ch
Q273593,,,1797,https://www.beauxartsparis.fr
Q6156410,,,1952,
Q64684504,,,2012,https://uniasturias.edu.co/
Q30283714,,,1880,
Q10829052,,,,
Q48728051,,,,
Q6841844,,,1995,
Q4769889,1683,,1968,
Q338505,,,1750,
Q3152535,,,1992,
Q10302486,,,2008,
Q1141728,,,1949,https://www.icu.ac.jp/
Q13018760,,,,
Q1475400,,,1971,
Q11300904,,,2006,https://mba.globis.ac.jp/
Q130533282,,,,https://www.esm-tlemcen.dz/
Q137943579,,,1998,https://ersuma.ohada.org
Q7588171,,,1896,https://www.stgeorges.edu
Q728840,,,1972,https://www.upce.cz/
Q55454588,,,2018,https://www.atmiyauni.ac.in
Q30257526,,,,
Q109912911,,,2018,https://iaincurup.ac.id
Q9340531,,,1994,https://san.edu.pl/
Q1317143,22211,,1798,
Q68800103,,,2013,
Q4745314,,,1984,
Q4979495,,,,
Q171932,,,2002,
Q97212771,,,2019,https://www.itspku.ac.id
Q5508483,1946,,1963,
Q7408055,,,1965,https://www.unsrat.ac.id
Q6124019,,,2009,https://www.jainuniversity.ac.in
Q1033692,25948,,1929,https://www.smc.edu/
Q6913630,,,1881,https://morrisbrown.edu/
Q131877453,,,,https://www.ict-kanazawa.ac.jp
Q136663452,,,,https://cpas.ac.in
Q140999813,,,2005,
Q30263050,,,1986,
Q11414926,,,1945,
Q2094177,22205,,1912,
Q141195539,,,1998,https://www.naa.edu.sg
Q474969,,,1986,
Q19610589,,,,
Q2495945,13238,,1906,
Q4122971,,,1951,
Q12204437,,,2002,
Q6433114,,,1964,
Q111943244,,,2020,https://www.fuaz.edu.ng
Q1433864,,,2000,https://www.parmenides-foundation.org/
Q141194189,,,,https://kvserimanjung.moe.edu.my
Q6041362,,,1961,
Q13018797,,,1998,
Q7569290,1113,,1991,
Q83372529,,,,
Q3578479,,,,https://esad-pyrenees.fr/
Q10489198,,,1976,
Q10279319,,,,
Q109911967,,,1965,https://www.sttebenhaezer.ac.id
Q3551759,,,1939,
Q4702192,,,2001,
Q85994212,,,2003,https://stai-iu.ac.id/
Q96415603,,,1995,https://www.wulin.ac.cn/en
Q1980701,8802,,1930,https://nure.ua/
Q12513077,,,1975,https://stih-manokwari.ac.id/
Q11179774,,,2003,https://www.heilongjiang-international-university.com/
Q22032153,,,2001,
Q135739041,,,,https://bcchr.ca
Q5292277,,,2001,
Q7178957,,,1973,
Q3551609,,,1789,https://www.ukings.ca/
Q30294299,,,1936,
Q626053,,,1956,
Q7161124,22500,,1968,https://www.upf.br/
Q30255207,,,1991,
Q6841434,8404,,1884,https://www.mga.edu/
Q141194842,,,1991,https://www.unitar.my/our-locations/kuching/
Q136663939,,,,https://www.utas.edu.om/nizwa
Q9186348,,,1971,
Q109919252,,,2007,https://www.eka-prasetya.ac.id
Q10372648,,,,
Q839020,,,1954,
Q29052365,,,1985,https://www.isaeuniversidad.ac.pa/
Q24661246,,,2007,https://uos.ac.uk/
Q7568074,,,1967,https://www.socccd.edu/
Q48900245,,,2010,https://www.fjjxu.edu.cn/
Q4402470,,,1941,
Q7570627,,,1960,
Q9380867,,,1996,https://www.wszia.opole.pl/
Q7985209,6437,,,https://www.westgatech.edu/
Q33121562,,,,https://ssphplus.ch
Q129342888,,,2021,
Q12061039,,,2006,
Q442106,,,1966,
Q3558408,,,1978,
Q11090044,,,1909,
Q6858616,,,1991,
Q131900579,,,2019,https://gate-ai.eu/
Q7894317,,,1970,
Q7490593,8121,,1950,
Q5328082,15420,,1952,
Q110045766,,,,https://www.inep.co.rs
Q3578037,,,1986,
Q124079580,,,2022,https://www.adaniuni.ac.in
Q4398497,,,1931,
Q5366145,731,,1890,
Q1249251,23505,,1905,https://www.missouristate.edu
Q22963,582,,1947,https://www.uni-speyer.de/
Q30294472,,,,
Q13018791,,,,https://www.pbru.ac.th
Q7895928,,,2002,
Q141194358,,,2003,https://kkbpenawar.edu.my
Q141194337,,,,https://kkgopeng.mypolycc.edu.my
Q5920236,,,2003,https://www.isi-dps.ac.id
Q1622194,289,,1987,
Q7244292,,,1923,https://www.pwcs.edu/
Q11134920,,,1983,
Q2453446,,,1994,
Q1378,13500,,1961,
Q109913459,,,,https://www.sttborneo.ac.id
Q30258338,,,1889,
Q39049843,,,1972,
Q7523729,,,1947,https://www.usindh.edu.pk/
Q30263058,,,1972,
Q5640282,,,2002,
Q129571861,,,1974,https://www.cdguzman.tecnm.mx
Q922647,5674,,1933,
Q4418285,,,1930,
Q30283824,,,1933,
Q29002794,,,,
Q6135045,,,1986,
Q2585815,,,1967,
Q109911553,,,2005,https://stiegici.ac.id
Q2441962,,,1961,
Q11568238,,,1956,
Q7153646,,,1946,
Q137409097,,,2019,https://politehnika.edu.rs
Q6041556,,,1996,
Q55657279,,,2017,https://bolgar.academy
Q3461604,,,1909,
Q30267052,,,1984,
Q10269817,,,,
Q7402546,,,1973,
Q139771346,,,2023,https://induspublishers.com/IJMHS/index
Q196559,14000,,1911,https://english.hi.is/
Q12708600,,,,
Q4080152,,,1991,
Q33121355,,,1937,
Q3914587,,,,
Q5104666,,,1954,https://www.cqnu.edu.cn
Q19966960,,,,
Q7521677,,,2006,
Q1729725,,,1989,
Q30294374,,,,
Q5582039,,,1998,
Q116959442,,,2005,https://issatgf.rnu.tn
Q52848180,,,1958,
Q7426174,,,1988,
Q30293830,,,,
Q6719155,,,1982,
Q30264910,,,1957,
Q1707020,,,2001,
Q86494514,,,2010,
Q928272,18649,,1967,
Q1857293,,,1940,https://www.puc-rio.br
Q7961864,,,2001,
Q3551664,4636,,1865,
Q7079968,,,2001,https://www.otech.edu
Q109912910,,,2005,https://www.stit.insankamil.ac.id
Q25041230,,,2011,
Q7988383,1442,,1971,
Q85797891,,,2018,
Q30294455,,,,
Q240041,,,1557,https://uni.lutheran.hu
Q16254450,,,1992,
Q7141532,25034,,1924,
Q625222,,,2001,
Q5123128,,,1911,https://ccc.edu
Q81433122,,,2020,https://www.institut-agro.fr/
Q30266525,,,2007,https://www.uch.edu.pe/
Q130537850,,,,https://ipiaget.org/ipjpn
Q5551132,,,2002,
Q5894760,,,1999,
Q109913421,,,2014,
Q4974673,,,1992,
Q140226022,,,2021,https://aucy.ac.cy
Q5142055,807,,1837,https://www.colby-sawyer.edu/
Q29975027,,,,
Q6343817,,,2001,
Q3050990,,,1994,https://www.jamk.fi/
Q273485,,,2011,
Q97041886,,,1965,
Q43896002,,,1973,https://en.bbgu.edu.cn/
Q1062129,17975,,1907,
Q6002003,,,1999,https://nu.edu.az/
Q18654088,,,1965,
Q41568129,,,2016,
Q5373395,,,1954,
Q762243,,,1839,https://www1.chester.ac.uk/
Q1457082,,,1997,https://www.tdtu.edu.vn
Q10302506,,,2008,
Q10828873,,,1996,
Q207460,337,,1967,
Q27951746,,,,https://wise.dongguk.ac.kr
Q30294636,,,,
Q131428135,,,1982,https://mazatlan.tecnm.mx
Q7680006,1156,,1867,
Q61931709,,,1994,
Q12522871,,,2005,https://www.uin-suska.ac.id
Q4842757,,,2008,
Q763105,4000,,2002,https://uninp.edu.rs/
Q7665078,,,1910,
Q141194493,,,1998,https://www.iptip.edu.my
Q5005278,,,1992,
Q955176,,,1997,
Q11525512,788,,1959,
Q11441038,,,1915,https://osaka-engei.ed.jp
Q22687002,,,2014,
Q3439758,,,1883,https://www.sidwell.edu/
Q109912867,,,2018,https://politeknikpu.ac.id/
Q11357815,837,,1921,
Q4538401,,,1941,
Q10302831,,,,
Q7559838,4837,,2002,
Q5941995,,,1951,
Q3306835,,,1993,
Q131877484,,,2013,https://hiuniversity.com
Q6079964,,,2018,https://www.iuc.edu.tr
Q19704353,,,1972,
Q133812214,,,2018,https://ecoastronomy.edu.lk
Q7931261,,,2002,https://www.vjec.ac.in
Q3547675,,,1958,
Q20987842,,,1984,
Q30294810,,,,
Q5099978,,,1948,
Q2031813,4500,,1990,https://www.uvvg.ro/
Q30294096,,,,
Q7571412,,,1973,
Q7208182,,,1937,https://point.edu/
Q7618146,,,2006,
Q3046089,,,1998,https://www.excelia-group.fr/
Q8040662,2244,,1963,https://www.wcc.vccs.edu/
Q30263646,,,1999,
Q130882924,,,1944,https://www.benu.edu.mx
Q153265,42421,,1819,https://www.uc.edu/
Q138302440,,,2022,https://veniteuniversity.edu.ng/
Q109919715,,,2006,
Q1529083,4500,,1994,
Q109921850,,,2013,
Q7231908,22904,,1961,https://www.pcc.edu/
Q11148841,,,1978,
Q6979258,,,1983,
Q135983353,,,2023,https://ensti-annaba.dz
Q323681,,,1797,
Q5461548,1422,,2012,
Q30257276,,,,
Q3578245,,,1756,
Q1655933,,,,https://www.utas.edu.om/ibra/
Q12601220,,,,
Q1990472,,,1975,https://asue.am
Q727492,,,1926,
Q12523285,,,2015,https://unibos.ac.id
Q579321,30867,,1818,https://www.dal.ca/
Q136448349,,,,https://kcmcu.ac.tz
Q55391746,,,2018,https://www.mungeruniversity.ac.in
Q7282570,,,1978,
Q71523348,,,1971,https://www.stba-prayoga.ac.id
Q7449538,,,1931,
Q7267828,,,1949,
Q30265307,,,1391,
Q30294370,,,,
Q125199995,,,,https://dpwe.nycu.edu.tw
Q1145306,22520,,1857,https://www.caluniv.ac.in
Q3579240,,,1929,https://www.lsu.edu.ph/v2/index/
Q3547571,,,1946,
Q7461521,,,1990,https://shahed.ac.ir/
Q17050545,,,2013,https://www.himalayanuniversity.com
Q7425578,,,1959,
Q137204407,,,2020,https://sageuniversity.edu.in
Q7058785,,,1909,
Q5576631,,,1828,
Q12170081,,,1978,https://academysps.edu.ua/
Q3551743,,,2011,
Q121295326,,,,
Q30263650,,,1954,
Q50040061,,,,
Q488851,,,1954,https://cn.inha.ac.kr
Q29049038,,,1993,
Q6156405,,,1968,
Q4120041,,,1999,
Q30293720,,,,https://www.uniymca.edu.mx
Q116959492,,,1992,
Q1747601,6921,,1877,
Q25527783,4205,,1955,https://jtsu.uz/
Q56261064,,,,
Q10387913,,,1968,
Q30289317,,,,
Q11088929,,,1950,
Q30281752,,,1961,
Q472316,,,1881,https://www.nottingham.ac.uk/
Q941524,4072,,1867,
Q105576298,,,,https://bnu.edu.eg/
Q502577,4500,,1994,
Q6224438,,,1837,https://mgs.wmich.edu/
Q574571,20702,,1962,https://www.uni-regensburg.de/
Q10387916,,,1959,
Q1443352,,,2008,
Q7451437,,,1924,https://kodomo.senzoku.ac.jp
Q7894663,,,2004,
Q1368179,,,1906,
Q2341039,4429,,1883,
Q39047141,,,2012,https://www.rrbmuniv.ac.in
Q4807851,,,1987,https://www.aspen.edu
Q5628931,,,1995,
Q1753535,2150,,1837,
Q15972910,,,2023,
Q6689074,,,1973,
Q5426631,,,2000,
Q3577727,,,1900,
Q61933743,,,1957,
Q5461672,,,1982,
Q2088271,104,,1925,https://www.khkt.de/
Q141194874,,,1959,https://rskdpgcollege.org
Q319078,77162,,1853,https://www.unimelb.edu.au/
Q3551445,,,1978,
Q97160182,,,1959,https://www.zegel.edu.pe/
Q273598,158,,1995,
Q6156385,,,1999,
Q20669871,,,1992,
Q6751699,1784,,1857,https://www.commonwealthu.edu/campus-life/mansfield
Q132450977,,,2019,https://www.akademijasabac.edu.rs
Q493141,18176,,1982,https://www.ub.bw/
Q17104498,,,1996,
Q140908246,,,1949,https://uasn.ac.id/
Q1787152,29596,,1889,https://www.weber.edu
Q138654939,,,2023,https://enstsa.edu.dz
Q624970,9379,,1899,
Q5429530,,,2003,
Q109912780,,,2020,https://uicm.ac.id
Q48731308,,,2005,https://www.williamcareyuniversity.ac.in
Q30257771,,,,
Q52146304,,,,
Q109913044,,,2004,
Q140870602,,,2025,https://www.futes.edu.ng
Q123512462,,,,https://hmu.ac.ir
Q10279325,,,,https://www.fsg.edu.br/
Q141194873,,,1998,https://unitikotabharu.edu.my
Q5493810,,,1898,
Q12837257,3750,,1993,
Q4166093,,,1957,https://dontu.ru/
Q30294285,,,1960,
Q65073483,,,2012,
Q2883574,,,1939,
Q3564659,,,1828,
Q7413400,,,,
Q55453860,,,,
Q109912416,,,1988,https://www.stiesabang.ac.id
Q3551594,,,1906,
Q77081545,,,1974,
Q125761945,,,,https://unsam.edu.ar/escuelas/eidaes/
Q3992303,,,1943,
Q11525523,954,,2009,
Q7209998,,,1949,https://puno.edu.pl
Q1278023,,,1992,
Q19545341,,,1862,
Q50037676,,,1924,
Q7232670,,,1845,
Q6412129,1746,,1867,https://www.king.edu/
Q5508996,,,1944,https://www.fgv.br
Q2399398,,,2001,https://ubb.edu.pl/
Q54874667,,,2017,https://alameen.edu.iq/
Q30263451,,,2000,
Q30257465,,,,
Q4398067,12000,,1979,
Q29222208,,,,
Q6413758,,,1909,
Q131428151,,,,
Q109913237,,,2007,https://www.poltekestniau.ac.id
Q5507758,,,1994,
Q1391274,458,,1980,https://www.saarland.de/fhsv/DE/home/home_node.html
Q30293862,,,,
Q2493687,,,1989,
Q11400934,,,1965,
Q2587376,3995,,1944,https://www.fresno.edu/
Q6911982,,,1883,
Q100955858,,,2010,https://www.jazeerauniversity.com/
Q7303964,,,1867,
Q650167,3697,,1919,https://www.babson.edu/
Q7618891,311,,1984,
Q18351500,700,,2014,
Q368923,,,2003,
Q11714526,10000,,1967,
Q140226286,,,,https://shau.edu.iq
Q65340488,,,1977,
Q6431393,,,1958,
Q109911567,,,2019,
Q3207844,,,1950,
Q6863630,,,1973,https://www.msunaawan.edu.ph/
Q109912506,,,2021,
Q1391258,4700,,2000,
Q25450390,,,2011,
Q5698189,14000,,2002,https://www.hfuu.edu.cn
Q3042433,87000,,1995,https://www.uoc.edu
Q49212,69465,,1876,https://www.tamu.edu
Q6994323,,,2010,
Q4888646,,,1908,
Q2387454,16600,,1933,
Q130537715,,,1978,https://www.fcwm.edu.ng
Q21296958,,,1972,https://www.a-b-z.ch/
Q23844905,,,2013,
Q10909219,,,1907,
Q30264799,,,1980,
Q4887726,,,1958,https://www.bbmu.edu.cn/
Q28129691,,,2016,https://www.iiitp.ac.in
Q30253681,,,1962,
Q7813841,,,1927,
Q622683,32230,,1585,https://www.uni-graz.at/de/
Q1628728,11000,,1832,
Q1277967,,,1905,https://www.sanbonaventuraseraphicum.org
Q6858490,,,1944,
Q141195561,,,1995,https://imperia.edu.my
Q30296403,,,1903,
Q6868628,,,1997,https://www.mnwest.edu/
Q141194695,,,,https://kkhuluterengganu.mypolycc.edu.my
Q8082628,,,2008,https://sirnak.edu.tr/
Q11471546,,,,https://www.forest.ac.jp
Q3346318,,,1983,
Q1698206,2600,,1867,
Q67179885,,,1987,https://www.ampta.ac.id
Q3578096,1223,,1963,
Q1622088,19000,,1977,
Q7081169,,,1972,
Q109913558,,,2016,
Q56377773,,,1958,
Q95607077,,,1998,https://www.ub.uni-potsdam.de/de/publizieren/universitaetsverlag.html
Q5028013,,,,
Q56388631,,,2000,
Q3551603,,,1955,
Q20857983,,,2008,
Q458530,,,1955,
Q5025591,,,2009,https://www.cuhp.org.uk
Q141195087,,,,https://kkgri.edu.my
Q11638619,,,1967,https://koutoku.ac.jp/
Q6156769,,,1989,
Q29716,,,1933,https://www.uanl.mx/
Q50040072,,,,
Q5059526,,,,
Q11375282,,,1906,
Q139771220,,,,https://www.icrisat.org/regions/eastern-and-southern-africa?country=ethiopia
Q22686995,,,2014,
Q11375665,,,1907,
Q10829057,,,,
Q30253690,,,1901,
Q138460660,,,2025,https://rnd.ac.uk
Q1314405,1882,,1972,https://www.johncabot.edu
Q108737581,,,,
Q30263389,,,,
Q1064270,1698,,1949,
Q29520561,,,,
Q96373398,,,2019,https://base.ac.in
Q5109087,,,1906,
Q2628140,13000,,1933,
Q17066859,,,1951,
Q3151965,1309,,1991,https://www.sciencespo-rennes.fr
Q574586,9449,,1922,
Q4314989,,,1896,
Q6040501,,,1974,
Q30293895,,,,https://www.unicda.edu.do/
Q19744782,,,1984,https://www.uij.ac.id
Q11448878,,,1847,
Q109913297,,,2007,https://stkipmelawi.ac.id
Q1782948,10389,,1912,
Q41738,,,1855,
Q3578208,845,,2002,https://www.ensicaen.fr
Q15089062,,,1961,https://www.elisava.net
Q4834194,,,1984,https://crescent.education/
Q137943764,,,2025,https://mnc.edu.sa
Q30293744,,,,
Q427778,,,1948,
Q572968,12629,,1970,https://www.univ-pau.fr
Q17033009,,,1951,
Q25040686,,,1963,https://www.alvanikoku.edu.ng/
Q7566876,,,1882,
Q7832539,,,2007,
Q30294182,,,,
Q2475117,,,1803,
Q15215934,,,2005,https://www.emccomilla.com/
Q3440945,2539,,2008,https://www.iitp.ac.in
Q61932532,,,1348,https://www.stgeorges-windsor.org/
Q52636186,,,2021,https://www.stkip-pgri-sumbar.ac.id
Q8060057,8072,,1989,
Q30294273,,,2003,
Q60463842,,,2016,https://uftb.ac.bd
Q768224,31780,,1241,https://www.uva.es/
Q7676802,2851,,1966,
Q30264082,,,1968,
Q30293913,,,,
Q17058479,,,1992,
Q7395009,,,1961,
Q5434550,,,1998,
Q135983371,,,1970,https://www.gescer.in
Q20586446,,,,https://nac.edu.ph
Q921088,28354,,1875,https://www.doshisha.ac.jp/
Q7692429,,,2012,https://www.technoglobaluniversitysironjmp.com
Q12513082,,,2018,
Q52236454,,,2018,
Q55394977,,,2004,
Q3578091,,,1975,
Q909784,1979,,1956,
Q5205005,,,2002,https://dsu.edu.pk/
Q5330954,,,,
Q25465042,,,1985,https://www.sttrcepu.ac.id
Q1275372,358,,1942,https://www.ensae.fr/
Q1567759,2496,,2006,https://www.hcu-hamburg.de
Q30294279,,,2003,
Q2496153,,,1945,https://www.uni-ruse.bg/
Q109910768,,,2010,https://www.polman-babel.ac.id
Q10302642,,,1989,
Q5221862,,,1999,
Q68898345,,,,https://www.ams-institute.org/
Q1107277,,,2006,
Q7373601,,,1919,
Q5166453,1377,,1889,
Q16961106,,,2009,
Q122154849,,,,https://rgsbm.uz
Q7603604,,,2002,
Q138860375,,,2005,https://www.ogitech.edu.ng
Q7571432,,,1964,
Q16665962,9500,,2013,
Q16842091,,,1921,
Q30253853,,,,
Q109919614,,,2001,https://stie.dewantara.ac.id
Q4697183,5981,,1967,
Q18086063,,,2005,
Q7337691,2755,,1992,
Q19747817,,,2016,https://hamzanwadi.ac.id
Q30266490,,,2013,https://lancaster.edu.gh/
Q10873028,,,1949,
Q7589148,,,1994,
Q11441039,,,1948,
Q30261957,,,1975,
Q11402609,,,1922,
Q108737444,,,2016,https://lviv.itstep.org/
Q7017227,,,1962,
Q2128644,,,,
Q12583981,,,1962,
Q5120311,6873,,1969,
Q400222,,,1966,
Q6818313,,,2012,https://hsc.mercer.edu/
Q109911602,,,1989,
Q135095306,,,2004,https://earthice.hi.is
Q11609563,,,1998,
Q7331062,,,1971,https://www.rutc.ac.uk/
Q30297319,,,,
Q6545715,,,1929,
Q30265562,,,1986,
Q6914683,,,2009,
Q7813901,,,1965,
Q30294428,,,2007,https://www.unibi.ac.id
Q4823141,,,1881,https://www.austinisd.org/
Q277681,,,1951,https://semmelweis.hu/
Q749718,25359,,1890,https://go.okstate.edu
Q16902329,,,1994,
Q7896345,,,1927,
Q9727096,,,1968,
Q141195698,,,2008,https://www.ijn.edu.my
Q30294199,,,2005,
Q1287141,,,1931,https://www.teikyo-u.ac.jp/
Q2590529,7061,,1891,
Q8778175,,,1869,
Q52813001,,,1918,
Q7487930,,,1956,
Q18844612,,,2010,
Q30257832,,,,
Q96971327,,,2020,https://kaishi-pu.ac.jp/
Q104243349,,,2011,
Q624374,,,1981,
Q71523226,,,2005,https://stifarm-padang.ac.id
Q112676221,,,2002,https://www.jzci.edu.cn/
Q138460437,,,2021,https://cipresearch.org
Q6982552,,,1994,
Q7373980,,,1952,https://www.rcgp.org.uk/
Q30298683,,,2014,
Q30294363,,,,
Q6448697,,,1975,
Q30266057,,,1983,
Q1622244,2325,,1992,
Q17085960,,,1992,
Q109913169,,,1985,https://www.stkippgri-situbondo.ac.id
Q2140391,191026,,1876,
Q129342777,,,2021,
Q5754061,,,1899,
Q10829147,,,,
Q3551804,,,1993,
Q30293902,,,,
Q5942046,,,1958,
Q1962291,2908,,1935,https://brusov.am
Q7801323,,,1992,https://www.ttsdschools.org/
Q30286278,,,,
Q7849881,559,,1952,
Q1012699,3674,,1863,https://www.bryant.edu/
Q12523347,,,2023,https://www.uir.ac.id
Q129676692,,,2023,https://rtvi.edu.iq/
Q30257817,,,1970,
Q2113846,897,,2001,https://www.provadis-hochschule.de/
Q1475631,,,1920,
Q3551506,,,1996,https://www.unisr.it
Q4754215,3848,,1911,https://andersonuniversity.edu/
Q140870499,,,2011,https://abs.edu.in
Q14457713,,,1965,https://www.uajy.ac.id
Q55627945,,,,
Q7692307,,,2007,
Q1463356,1800,,1987,https://www.unak.is/
Q12701144,,,,
Q112676775,,,,
Q12523405,,,2009,https://umt.ac.id
Q30274408,,,2008,
Q140907818,,,2018,https://www.apexuniversity.co.in
Q121236934,,,2021,https://www.sikkimalpineuniversity.edu.in
Q4201806,,,1946,
Q12523449,,,2013,https://unsam.ac.id
Q414334,,,,
Q48936598,,,,
Q625111,,,1974,
Q4703503,,,1506,
Q30289739,,,1986,
Q97161856,,,,
Q5168753,1539,,1966,
Q7692314,,,2013,
Q11419734,,,1925,
Q141195806,,,,https://www.neg.edu.my/Windfield-College
Q5060546,186,,1957,
Q30293754,,,,
Q4446469,,,1993,
Q5351764,26034,,1972,
Q90920549,,,,https://www.kafuco.ac.ke/
Q5049081,,,1945,
Q7894404,,,1973,
Q5197087,8720,,1978,
Q6451903,,,1933,https://www.kyoei.ac.jp/
Q3577870,,,1933,https://www.ecole-air-espace.fr/
Q401546,,,1991,https://www.ayu.edu.tr/
Q2065769,16000,,1963,https://www.uwindsor.ca/
Q107519535,,,1992,https://krc-t.in/
Q6747771,,,1991,
Q18409139,7494,,1922,
Q25453692,,,1963,https://www.instiperjogja.ac.id
Q379124,,,1872,
Q16494702,,,1944,https://www.unicach.mx/
Q28129491,,,2016,
Q138460420,,,1991,https://www.tarabaschttakum.edu.ng
Q947747,27900,,1969,https://www.u-picardie.fr
Q4005936,,,2007,https://www.unidarc.it/
Q3498695,,,1954,https://www.liepu.lv/lv
Q141195433,,,1992,https://www.kpmaiwp.edu.my
Q11053261,6702,,1965,https://eng-www.ksu.edu.tw/
Q5029935,,,2000,
Q3578223,506,,1919,https://www.ensc-rennes.fr
Q30263584,,,2007,
Q141194888,,,2011,https://diu.edu.kh/diu/
Q138460401,,,2022,https://inmss.ro
Q7885460,,,1962,https://www.unioncatholic.org/
Q29511800,,,,
Q6979285,,,2009,https://uno.edu.ar/
Q29054166,,,,https://www.udch.edu.pe/web/
Q28600092,,,,
Q4916370,,,1985,
Q7105603,,,1928,
Q1195830,,,1983,
Q25470437,,,,
Q141193901,,,1999,https://vwa.edu.sg
Q30289820,,,1979,
Q30293727,,,,
Q2628171,,,1924,https://cancer.be/
Q7894658,,,1971,
Q4695210,,,2003,
Q33534133,,,1910,
Q6156546,,,1981,
Q12204409,,,2004,
Q839224,,,1984,https://www.grenoble-em.com/
Q956056,963,,1780,https://www.transy.edu/
Q15719138,,,2001,https://nitte.edu.in/nmit/
Q126208860,,,2016,https://www.hochschule-schaffhausen.ch
Q137409044,,,2008,https://www.effectus.com.hr
Q85881176,,,2020,https://www.iput.ac.jp/tokyo/
Q5792136,,,1996,
Q4802623,,,2010,
Q33121110,,,1997,
Q30294044,,,,
Q110499462,,,2020,https://www.uom.edu.iq/
Q7742343,,,1932,
Q28233223,,,1995,
Q17024978,,,1991,
Q30263300,,,,
Q624575,,,1920,
Q1276602,2271,,1890,https://www.sf.edu/
Q835726,,,1950,
Q7811440,,,1881,
Q3578001,5081,,1936,https://chn.efrei.fr/
Q136663568,,,,https://citad.ulusiada.pt
Q1203113,357,,2006,
Q6983298,,,1900,
Q5302638,,,1945,
Q56846951,,,,
Q7663241,,,2005,https://www.spu.edu.sy/
Q109912855,,,2018,
Q858979,3077,,1963,https://www.insa-toulouse.fr
Q135095116,,,,https://www.ua.pt/pt/incubator
Q130882712,,,2023,https://www.uni-sustainability.at
Q11078782,,,1983,
Q30294147,,,,
Q5527146,,,1955,
Q7597376,,,2009,https://www.sais.edu.sg/
Q498580,,,2002,
Q135095267,,,,
Q7742999,,,2001,
Q5130690,,,1948,
Q25411265,,,,
Q532460,,,1949,https://proteo.hu
Q7055358,1181,,1958,
Q136663717,,,,https://astro.web.uma.pt/Grupo/index.htm
Q3578187,,,1969,
Q12601045,,,,
Q141194130,,,,
Q140351768,,,2021,https://drkeninstitute.or.th
Q3634084,,,1960,
Q152087,36232,,1809,https://www.hu-berlin.de/
Q6095050,,,1999,
Q10849139,,,1985,
Q109258514,,,2025,https://www.gbu.edu.cn
Q7413315,,,1925,
Q20520998,,,,
Q138580848,,,1904,https://www.stpaulsschoolofnursing.edu
Q11472320,716,,1895,https://www.tuyama.okayama-c.ed.jp/
Q4950663,,,1965,
Q127415604,,,,https://kpju.edu.my
Q7988097,1625,,1926,
Q575662,,,1884,
Q6761997,1593,,1936,
Q129571850,,,,https://upci.edomex.gob.mx/upci
Q10387812,,,1962,
Q30257770,,,,
Q4881203,,,1985,
Q10854118,,,2006,
Q4325459,,,1935,https://edubiotech.ru/
Q12712165,,,1964,https://unj.ac.id
Q7401829,3439,,1863,
Q131875322,,,2016,https://msuas.ac.zw
Q114568254,,,,
Q6309990,,,1964,
Q6379233,,,1997,
Q6020729,,,2009,
Q2914008,,,1993,
Q109912989,,,2020,https://www.jgu.ac.id
Q109911768,,,2014,https://www.moriah.ac.id
Q16902332,,,2011,
Q10274541,,,,
Q30294215,,,,
Q3109591,,,1975,https://www.gobelins-school.com/
Q125199979,,,,https://tesci.edomex.gob.mx
Q3011789,,,1996,
Q1321803,13983,,1923,
Q7060498,2541,,1959,https://www.northwood.edu/
Q1960359,,,1953,https://vass.gov.vn/en
Q1391189,4218,,1991,
Q7059510,570,,1892,https://www.northland.edu/
Q64143551,,,2005,
Q7131589,,,1960,
Q1467882,,,1920,
Q7508136,,,,
Q1416632,47712,,1919,https://www.fa.ru/
Q87762982,,,,https://www.ac-paris.fr/
Q1797448,1861,,1911,
Q2946015,,,1989,https://www.crts.gov.ma
Q11487228,,,1886,
Q1622113,991,,1971,https://www.hs-kehl.de/
Q7975162,6952,,,
Q135095689,,,2024,https://akademy.by
Q3152580,,,1970,https://www.imep.be/en/
Q5526717,5345,,1963,https://www.gaston.edu
Q5051596,1371,,1851,
Q3551323,,,1984,
Q3468084,2704,,1884,https://www.muw.edu/
Q109913900,,,2021,https://global.ac.id
Q141194993,,,1996,https://www.snc.ac.th
Q17027513,,,2000,
Q61931352,,,1996,
Q30266689,,,,
Q141194650,,,2004,https://reti.edu.my
Q3551327,,,1981,
Q140351820,,,2008,https://cist.edu.np
Q29520900,,,,
Q25450059,,,2014,https://ibnsina.edu.iq
Q109913400,,,2008,https://staimtarate.ac.id
Q101579967,16160,,2022,https://www.omu.ac.jp/
Q7590859,1945,,1898,https://www.snc.edu/
Q5070172,4137,,1878,https://www.champlain.edu/
Q6411557,,,,
Q4154233,,,1949,https://www.dalgau.ru/
Q10829164,,,1959,
Q2896792,,,1924,
Q1124228,,,1784,https://www.rcsi.com/
Q111158643,,,2020,https://uniluanda.ao/wp/
Q2495874,11200,,1895,https://www.d.umn.edu/
Q109021349,,,,
Q7413,,,1960,https://www.nitk.ac.in
Q5088072,,,1965,https://www.ccsuniversity.ac.in
Q59536879,,,,
Q109919416,,,2020,
Q8037300,2705,,1975,
Q16050004,,,,
Q1889100,101150,,1976,https://www.phoenix.edu/
Q56399412,,,2018,
Q30260362,,,2006,
Q7739369,,,1987,
Q7989148,1127,,1852,https://www.westminster.edu/
Q6670736,,,,https://www.bil.ac.uk/
Q4827950,286,,2000,https://www.avemarialaw.edu/
Q13018826,,,,
Q12204508,,,1988,
Q47927,,,1964,https://www.umm.ac.id
Q133810816,,,,
Q1632429,2166,,1909,
Q140908419,,,2009,https://www.qitepinmath.org
Q6569551,7475,,1950,https://www.twu.ca
Q4699944,,,1994,https://www.motor.ac.kr/
Q13098212,,,2005,https://www.uinsgd.ac.id
Q141194424,,,2014,https://ubd.edu.bn/cames/
Q29054122,,,,
Q10388170,,,2002,https://unintese.com.br
Q56583901,,,2017,
Q109922789,,,,
Q7432497,,,2008,
Q138460433,,,2021,https://ba-nord.de
Q109912949,,,1999,
Q6431765,,,1995,
Q16911413,,,2010,
Q109912760,,,2018,https://www.stikesbup.ac.id
Q30296225,,,1937,
Q5211714,4964,,1963,https://www.daltonstate.edu/
Q2808676,,,2008,
Q7894360,5990,,1953,
Q30288381,,,,
Q28949961,,,1987,https://unida.ac.id
Q5318230,,,1872,
Q3738249,,,1982,
Q531871,,,,
Q7234289,,,,
Q5552031,,,1759,https://www.germantownacademy.net/
Q1285262,6813,,1917,https://www.uaf.edu/
Q4738816,,,1993,
Q10829032,,,,
Q4277553,,,,https://man.gov.ua
Q624691,16367,,1989,
Q4791274,925,,1960,
Q1473796,16926,,1969,https://www.unf.edu/
Q7998112,4606,,1965,https://wsutech.edu/
Q670649,18000,,1918,https://isu.ru/en/
Q8066116,2223,,1969,
Q6278855,,,1960,
Q11062175,,,1993,
Q10889350,5325,,1964,
Q1494671,,,1596,https://www.univaq.it
Q1298529,,,1876,
Q1072918,,,1949,https://www.shimane-u.ac.jp/
Q246534,,,1957,https://www.aun.edu.eg
Q30267874,,,1978,
Q97041676,,,1978,https://acuns.ca
Q8058582,,,1993,https://www.u1.ac.kr/
Q4824340,,,1993,
Q29052667,,,,
Q7059096,,,2002,
Q5088075,,,2003,https://www.cdlu.ac.in
Q19880836,254,,2008,
Q2072098,,,1976,
Q17230053,,,,
Q109919500,,,2019,https://www.stikes-notokusumo.ac.id
Q4922668,,,1888,
Q700758,16250,,1948,https://www.uni-saarland.de/
Q5146728,,,1955,https://uhe.edu.pk
Q25663141,,,1918,
Q2049406,,,1979,
Q12513075,,,1994,https://stie-sbi.ac.id
Q9219,4487,,1802,https://www.westpoint.edu
Q18941968,,,1964,https://www.unesa.ac.id
Q10902145,,,1984,
Q130478447,,,,https://www.esraa.edu.iq/
Q18484245,,,,
Q7634576,,,2009,https://www.suffolk.ac.uk
Q5146859,2508,,1960,
Q30294043,,,,https://upp.edu.pe/
Q55454278,,,1991,https://ptf.hu/
Q7587500,180,,1832,
Q5331946,1082,,1999,https://www.ebsu.edu.ng/
Q18355035,,,1995,https://www.santosh.ac.in/
Q8079161,,,2007,https://www.ozyegin.edu.tr/
Q19899091,,,1954,
Q29578572,,,2016,https://www.carl-remigius.de/
Q21190916,,,2012,
Q3915401,,,1987,
Q572245,,,1919,
Q2706876,16100,,1967,
Q16171910,,,,
Q30294022,,,,
Q6156700,,,1981,
Q64343228,,,1873,
Q5434097,,,1967,https://www.fanshawec.ca/
Q1201513,21240,,1869,https://www.otago.ac.nz/
Q4314791,,,1992,
Q2638914,5000,,1945,
Q28172354,,,2016,
Q6161219,719,,1912,
Q3551411,,,1990,
Q5135907,3591,,1942,
Q12745238,,,,
Q3578181,,,,
Q10674565,,,2008,https://www.spsm.se
Q18126508,,,2012,https://www.kcgmckarnal.org
Q98080881,,,2017,https://www.stikesmus.ac.id
Q7567040,,,,
Q109442092,,,2010,https://www.poltekkesbhaktimulia.ac.id
Q109919617,,,2006,https://stikeswdh.ac.id
Q1075339,25714,,1804,https://www.ohio.edu/
Q109913213,,,,https://www.poltekkesjakarta1.ac.id/
Q3806225,,,1985,https://www.ikj.ac.id/
Q693351,,,1538,
Q5330549,,,1981,
Q27888404,,,,https://unhz.eu/
Q29525257,,,1969,
Q3041652,,,1993,https://maanpuolustuskorkeakoulu.fi/
Q316272,2227,,1971,
Q52850737,,,1971,
Q390287,,,1635,https://www.elte.hu/
Q4062927,,,1943,
Q7573904,,,1980,
Q7878055,,,,
Q56291289,,,2001,
Q48726568,,,1932,
Q2495782,,,2006,
Q7105589,,,1966,https://www.osaka-ohtani.ac.jp/
Q6924393,2140,,1968,https://www.mvnu.edu/
Q54506208,,,,
Q25053183,,,,
Q909117,,,1927,
Q5609317,,,1944,
Q4804794,,,,
Q4115110,,,1929,
Q140351904,,,2014,https://www.uetpeshawar.edu.pk/us-pakistan-center-for-advanced-studies-in-energy-uspcase/
Q1435898,44486,,1996,https://fontys.nl/
Q1388305,,,2010,https://www.fh-gesundheitsberufe.at
Q5011582,,,,https://www.cicataqro.ipn.mx/cicataqro/qro/cicata/index.html
Q16096209,,,,https://www.kcu.ac/
Q21143214,,,2015,https://www.iimbg.ac.in
Q30293734,,,,
Q835285,,,2008,
Q6023669,8093,,1964,
Q3551722,,,1991,
Q30257653,,,1994,
Q414085,,,1969,https://www.cypruscollegeofart.com/
Q7618074,,,,
Q28220028,,,2013,https://cau.edu.tr/en/home/
Q11511641,,,1950,
Q15938572,,,1941,https://www.jsmc.edu.cn/
Q8022753,,,1870,https://www.wilmington.edu/
Q2822452,,,1775,https://beauxartsdeliege.be
Q1132082,,,1968,
Q4806216,,,1987,
Q39046550,,,2011,
Q30294505,,,,
Q133811853,,,2006,https://rahman.ac.ir
Q97232285,,,1984,
Q5019135,,,,
Q7401511,,,1889,
Q1816202,24020,,1992,https://www.wlv.ac.uk/
Q131912226,,,2009,
Q7713453,,,1993,
Q3707072,,,1955,
Q141195747,,,1950,
Q3343880,,,2012,
Q16644462,,,1998,
Q2001033,16211,,1968,
Q7895015,,,1986,https://www.univ-adrar.edu.dz/
Q140046084,,,2012,https://www.deberekuylacademy.nl
Q1613236,7072,,1854,https://www.ric.edu/
Q1622239,8833,,1971,
Q18511341,,,,https://vlf.unob.cz
Q6040948,,,1946,
Q12072323,,,1999,
Q3550141,,,1948,
Q109912191,,,2007,https://www.stikestelogorejo.ac.id
Q262617,1257,,1947,
Q6485557,9225,,1953,
Q28790473,,,2001,https://www.bak.hr/
Q1812180,20113,,1993,https://www.ungs.edu.ar/
Q6924782,,,2001,
Q1664127,,,1974,
Q105335883,,,,
Q1757937,495,,2005,
Q98080768,,,2005,https://www.atvi.ac.id
Q11556154,802,,1975,
Q115536558,,,1988,https://www.psmchs.edu.sa
Q97235428,,,2019,https://www.umko.ac.id
Q4756641,,,1854,
Q3446091,2187,,1836,https://www.alfred.edu/
Q2120263,,,,
Q77077480,,,2003,
Q4116236,,,1972,https://www.mans.edu.eg
Q11046982,,,,
Q2789475,,,1960,
Q685557,34616,,1968,https://www.tu-dortmund.de/
Q33526664,,,1966,
Q6203214,,,1899,https://www.jissen.ac.jp/
Q3551851,438,,1988,
Q30293901,,,,
Q750639,2816,,1972,
Q6784220,896,,1894,https://www.mcla.edu/
Q30281875,,,2006,
Q4824072,,,1999,
Q7010292,1203,,1950,
Q109911937,,,2002,https://www.stainurulfalahairmolek.web.id
Q9380755,,,1995,
Q15262551,,,1973,
Q183170,34742,,1969,
Q3652398,,,1997,https://ehs.se/
Q7676308,3509,,1982,https://www.tnua.edu.tw
Q2525721,,,1954,
Q30293796,,,,
Q414163,,,1949,
Q4937990,,,1950,
Q1185955,20722,,1874,https://www.unr.edu/
Q124634992,,,,
Q100956222,,,1993,
Q52846206,,,,https://mpa71.ru/
Q6608367,79138,,1820,
Q3298581,,,,https://www.ima.or.jp/
Q11617424,189,,1916,
Q30258449,,,1958,
Q109919247,,,1962,https://www.akpardarmaagung.ac.id
Q3701750,,,2012,
Q112751953,,,1977,https://unihorizonte.edu.co
Q6149087,,,1939,https://www.sccm.edu.cn/
Q19726582,,,2002,https://www.ithb.ac.id
Q7267907,,,1952,
Q4947956,,,1877,
Q1896627,,,1960,https://www.ulm.ac.id
Q118314775,,,,https://www.galata.edu.tr
Q30289229,,,,
Q7895510,4922,,1973,https://tamuv.edu
Q528231,8836,,1891,https://gold.ac.uk
Q837164,,,1963,https://www.ncl.ac.uk/
Q7447310,,,1992,
Q840443,,,1906,
Q13036063,,,2019,https://sol-tech.co.za/
Q20524369,,,2009,
Q4200341,,,1957,https://www.usu.ac.id
Q25551584,,,1973,
Q12522876,,,2001,https://www.unipdu.ac.id
Q11815234,,,1954,
Q1544739,,,1976,
Q140876165,,,2024,https://isgi.mr
Q30296404,,,2003,
Q17090884,,,2014,
Q7494031,3743,,1952,
Q4476709,,,1940,
Q3249121,,,1941,
Q11440648,,,1940,https://www3.osaka-c.ed.jp/ikuno-t/
Q16944788,,,1940,
Q15575,15110,,1966,https://www.flinders.edu.au/
Q3551815,,,1933,
Q13018793,,,,
Q117812418,,,2023,https://www.f-rei.go.jp/
Q11453678,,,1920,https://freimei-h.myswan.ed.jp/
Q5390871,13408,,1969,
Q7338305,,,1972,
Q3551567,,,1861,
Q140908241,,,2006,https://www.laescueladeloschefs.edu.ec
Q8778145,,,1942,https://www.zamorano.edu/
Q25522068,,,,https://web.ttyesi.uz/
Q140307802,,,2020,https://rw.edu.ye
Q25449885,,,2009,https://alrayan-university.edu.ye
Q3687220,,,1878,
Q12523375,,,2011,
Q30263976,,,2007,https://wu.edu.et/
Q1113098,,,1837,
Q5917829,,,1975,
Q42847577,,,,https://www.rotman-baycrest.on.ca/
Q4828763,,,2009,
Q3540690,5354,,1892,https://www.ithaca.edu/
Q24590306,,,2015,
Q2001088,3500,,1901,https://northern.edu/
Q14704554,,,,https://helenaschools.org
Q141194181,,,1936,https://www.goon.edu.my
Q122773797,,,,
Q7963763,,,2003,
Q8049772,,,1989,https://www.ycis.ac.in/
Q77075769,,,1944,https://www.slv-nord.de/
Q9380876,,,1992,
Q7163248,,,1948,https://behrend.psu.edu/
Q100956047,,,,https://tecnologicoloja.edu.ec/
Q7895543,,,1947,
Q56414517,,,2017,https://www.stpmataram.ac.id
Q29054538,,,,
Q30293982,,,,
Q30294743,,,1979,https://ouzai.org/
Q124526100,,,2023,https://polteksci.ac.id
Q7267905,,,1946,
Q257249,,,1942,
Q3551586,,,2004,
Q2661844,1702231,,1982,
Q7783983,,,1866,https://www.thiel.edu/
Q890735,,,1986,
Q2381477,,,1779,
Q133810634,,,2005,https://ckpipsr.ac.in
Q139771316,,,1991,https://www.chaitanya.edu.in
Q7588178,,,1976,
Q4397933,,,1987,
Q4125413,17284,,1956,https://cchgeu.ru/en/
Q4699891,,,2008,
Q1266514,,,1968,https://www.uaz.edu.mx/
Q77075761,,,2008,https://www.hanse-institut-ol.de/
Q97040926,,,2006,
Q56294077,,,2002,
Q30299241,,,2009,
Q2395492,,,1921,
Q11712950,,,,
Q135095449,,,2002,https://cepia.artes.unc.edu.ar
Q30287557,,,,
Q11589034,,,2004,
Q109919784,,,2014,https://anugrah.ac.id
Q4456884,,,1916,
Q30266548,,,,
Q141193687,,,1984,https://binarycollege.edu.my
Q12169810,,,1960,
Q30289181,,,,
Q225690,,,2001,
Q169939,4624,,1982,
Q7930417,,,1961,https://www.villa.edu/
Q17164113,,,1991,
Q17079456,,,2011,https://www.niilmuniversity.ac.in
Q986430,,,1996,
Q11060291,,,2013,https://tokoha-jc.ac.jp
Q135398403,,,1967,https://www.shivajichk.ac.in
Q5130198,,,1980,
Q5620364,,,1973,
Q36875327,,,,
Q459026,23365,,1971,https://www.univ-rennes2.fr/
Q19627405,,,1985,
Q10870909,,,1992,https://www.dgut.edu.cn
Q133812128,,,,https://www.phsg.ch/de/institute/institut-gesellschaftswissenschaftliche-bildung
Q7894437,,,1997,
Q16953067,,,2005,
Q135398220,,,2022,https://ensta.edu.dz
Q2495829,,,1773,
Q3847389,68,,1876,
Q28110637,,,1990,
Q129342728,,,2022,
Q109911693,,,2019,
Q48900250,,,,https://www.fjbu.edu.cn/
Q30294271,,,2005,https://www.univ-tissemsilt.dz/
Q138860406,,,2016,https://www.devneuro.org/cndd/
Q6737968,,,2009,
Q9380779,,,2000,
Q5061952,,,1966,
Q16375275,,,1929,
Q6038992,,,1999,
Q109913612,,,1976,https://www.stkipbima.ac.id
Q129343052,,,2019,
Q625158,10495,,1950,https://ktu.edu/
Q4125415,8200,,1930,
Q1679805,,,2011,https://www.jammusiclab.com/
Q30294768,,,2010,https://www.eau.ac.ae/en
Q106920280,,,,
Q19741356,,,2019,https://www.lspr.ac.id/
Q141195404,,,,https://www.restucollege.edu.my
Q138860535,,,1973,https://www.ceet.edu.ly
Q137795932,,,2016,https://ncp.spu.ac.in
Q25502201,,,1968,
Q19732724,,,2022,https://umkla.ac.id/
Q52853815,,,1993,
Q497259,,,1947,https://www.kangwon.ac.kr/ko/index.do
Q7235345,,,1985,https://www.teluguuniversity.ac.in
Q1278152,4644,,1889,
Q5403550,,,1940,
Q15937928,,,1958,https://www.xjqg.edu.cn/xjqg/xjqg1/index.php
Q30257580,,,1997,
Q17480916,,,2012,https://www.mau.ac.in
Q99403642,,,2003,https://www.mldtrust.org
Q72342707,,,,https://jbnuu.uz/
Q134524027,,,,https://netversity.io
Q14957048,,,2011,https://www.srisaiuniversity.org
Q4475799,,,1909,
Q5578067,,,1930,
Q1520480,,,,
Q3547539,,,1971,
Q1026804,1800,,1907,https://www.cca.edu
Q1588869,33000,,1955,
Q30263490,,,1997,
Q12977046,,,1960,
Q30294759,,,,
Q12972463,,,1958,
Q7894374,,,1970,https://www.ufmt.br/
Q634651,10820,,1947,
Q1854796,,,1921,
Q139771518,,,1996,https://itec-edu.org
Q8192944,,,1922,https://www.hoshi.ac.jp/
Q61931596,,,1916,
Q7850298,,,1963,https://www.tsuruoka-nct.ac.jp/
Q12523464,,,,
Q15925677,,,1923,
Q138859580,,,2005,https://www.kuleuven.be/samenwerking/scil
Q834825,10948,,1977,https://www.univ-lemans.fr/
Q2002043,35000,,1917,https://www.alaska.edu/alaska/
Q7971755,354,,1969,https://www.wccc.me.edu/
Q4969655,,,1936,
Q136663625,,,,https://www.medicina.ulisboa.pt/centro-de-estudos-de-medicina-baseada-na-evidencia-cembe
Q4267127,,,1983,
Q5158896,1807,,1872,https://www.concord.edu/
Q18245,,,1826,
Q327361,30,,1964,https://www.schiller.edu/
Q6020677,,,1993,
Q97040033,,,1986,https://www.ucateci.edu.do/
Q30289097,,,,
Q97211083,,,2018,
Q5680372,,,1970,
Q1346110,1975,,1887,
Q5024245,,,,https://www.calvertnet.k12.md.us/
Q10829049,,,1959,
Q6360882,,,1950,https://www.kanazawa-gu.ac.jp/college/
Q1047226,2250,,1964,https://www.hult.edu/
Q16737917,,,2013,
Q5680304,,,1882,https://www.hastings.edu/
Q7034399,,,1994,
Q138859843,,,2015,https://aju.edu.ly
Q140045429,,,,https://centerforvaccinology.ca
Q7396963,20027,,1916,https://www.scc.losrios.edu/
Q12523324,,,1980,https://www.uniflor.ac.id
Q2515136,,,1945,https://voeb-b.at/
Q131566,,,1963,https://www.ieee.org/
Q1570276,,,1963,
Q11591299,,,1965,
Q123951896,,,2023,https://msu.edu.ye
Q99286041,,,,
Q7830624,,,1938,
Q7034316,,,1904,
Q7419098,,,1989,
Q6049155,,,,https://internationalcharterschool.org/
Q114755,,,,https://www.idf.nrw.de/
Q109912414,,,1982,https://www.stie-aprin.co.id
Q947259,,,1968,https://www.up.edu.mx/
Q7082136,12227,,1972,
Q6540150,,,1949,
Q4383725,,,1902,
Q24949433,,,2015,
Q12812964,,,2011,
Q141195364,,,2011,https://www.admal.edu.my
Q10320942,,,1986,
Q10386160,,,,
Q19572759,,,2007,
Q7895983,3774,,2000,
Q134251056,,,1983,https://www.scuoladipsicanalisifreudiana.it
Q43896075,,,1952,
Q1132041,590,,1890,https://corcoran.gwu.edu/
Q12523380,,,2008,https://www.universitasmuarabungo.ac.id
Q131875186,,,,https://www.biwakogakuin.ac.jp
Q5116381,,,1996,
Q1683103,,,1947,https://www.jamu.cz
Q6979854,,,1996,
Q11526509,,,1965,
Q1056856,754,,1893,
Q7494338,,,,
Q30263530,,,2000,
Q6393305,,,1972,https://kau.in
Q30253878,,,1950,https://esesfm.pt/
Q50039998,,,1959,
Q4999956,,,,https://www.burnley.ac.uk/
Q2103165,,,1988,
Q59536038,,,2017,https://www.oncode.nl/
Q140045526,,,2011,https://www.itstl.edu.mx
Q1485112,,,1917,https://mu-sofia.bg/
Q4806696,,,2008,
Q12486657,,,1984,https://www.iti.ac.id
Q2311820,,,1878,https://www.telecom-paris.fr/
Q10906834,,,2004,
Q141199118,,,1956,https://ipgkpp.moe.edu.my
Q3524031,,,1837,https://mcc.edu.in/
Q30282788,,,1958,
Q4986394,,,,
Q1667074,,,2006,
Q84081713,,,2011,https://dsatm.edu.in/
Q783251,,,1986,
Q29021567,,,,
Q1153094,,,1913,https://www.sophia.ac.jp/eng/
Q109502016,,,,https://www.methodistcol.edu/
Q133810548,,,2016,https://usr.ac
Q97347483,,,2004,
Q3299013,,,1995,https://www.hayfieldun.org/
Q5171689,1917,,1941,https://www.cornerstone.edu
Q392904,,,1863,https://www.polimi.it
Q962011,33879,,1890,https://www.utas.edu.au/
Q109911829,,,1968,
Q61931199,,,1997,
Q61931161,,,1992,
Q30262688,,,2000,
Q7996527,,,1986,
Q7895513,,,1953,
Q785357,1590,,1839,https://www.vmi.edu/
Q12523456,,,2021,
Q129343023,,,2022,
Q3323609,389,,1848,
Q59268121,,,1964,
Q4614684,,,1922,
Q52856134,,,1975,https://www.msu.ac.kr/en
Q6821056,16948,,1965,
Q30263302,,,1931,
Q19610800,,,2014,
Q6124022,,,1991,
Q4682423,,,1964,https://aceondo.edu.ng/
Q7054813,,,1946,
Q30294661,,,1950,https://www.jesus.ac.kr/2014/inner.php?sMenu=main&pre_url=https%3A%2F%2Fwww.google.co.in%2F
Q1711141,1231,,1963,
Q7059946,7411,,1989,
Q19744849,,,2014,https://utu.ac.id
Q133812175,,,,https://www.phsg.ch/de/institute/institut-paedagogische-psychologie
Q28223489,,,2016,
Q107475800,,,2016,https://www.fedpolel.edu.ng/
Q61931732,,,1976,
Q141194745,,,2005,https://hgcc.edu.vn
Q30252670,,,1994,
Q141195354,,,,https://www.ucsf.edu.my
Q5154694,5102,,1970,
Q18484116,,,1992,
Q133811280,,,,https://crm-constantine.dz
Q2945807,,,1945,https://www.france-education-international.fr/
Q97162036,,,2020,https://www.tpu.ac.jp
Q6156366,,,1998,
Q10927040,5024,,1926,
Q19744834,,,2013,
Q128123076,,,,https://www.itszn.edu.mx
Q109921294,,,2019,
Q1967074,,,1976,https://www.ndu.edu/
Q3152537,,,2002,
Q1629024,1245,,1949,https://www.nara-edu.ac.jp/
Q4855238,,,2002,
Q11088217,,,2001,https://mdu.edu.tw/
Q4407665,,,1919,
Q160302,26138,,1583,https://www.ed.ac.uk
Q10387863,,,1964,
Q5588981,,,2001,
Q5141504,,,1956,https://www.cit.edu.in
Q12523470,,,1962,https://ugj.ac.id/
Q6480921,,,1909,
Q8031678,,,2001,
Q2333469,,,1934,https://en.magtu.ru/
Q5947953,,,1986,
Q30293819,,,,
Q14692174,,,1974,
Q6888870,,,1996,https://msa.edu.eg/msauniversity/
Q7830847,,,1963,
Q18394920,,,2012,
Q10829132,,,1960,
Q30257259,,,,
Q5018694,22000,,1908,https://www.montclair.edu/
Q16852684,,,1971,
Q5397459,,,1972,https://www.escuelaing.edu.co/es/
Q4113278,30000,,1958,
Q30262982,,,1982,
Q1201044,5781,,1921,
Q592970,,,1967,https://cegepsherbrooke.qc.ca
Q30263317,,,1976,
Q5610609,15426,,1961,https://www.grossmont.edu/
Q97145097,,,2017,https://cspi.uz/
Q4667363,,,1965,
Q7926413,10777,,1961,
Q109911698,,,2016,
Q12139846,7000,,1986,https://uhsp.edu.ua/
Q135095447,,,2025,https://web.astiedu.uz
Q4882301,,,2007,
Q5273748,1441,,1918,https://dickinsonstate.edu/
Q115258104,,,1969,https://www.cett.es/ca/
Q7794632,1303,,1950,
Q11633794,163,,1983,https://www.sozo.ac.jp/
Q2382869,,,,
Q8054650,,,1940,https://www.yokotan.ac.jp/
Q1112489,2039,,1923,https://www.ciu.edu/
Q7714401,,,1969,https://www.artinstitutes.edu/
Q109919439,,,2011,https://staiyogyakarta.ac.id
Q5146743,,,1986,
Q6365149,803,,1886,https://www.kwu.edu/
Q1584919,,,2003,https://www.souphanouvong.la.com
Q5068955,,,1898,https://www.southmetrotafe.wa.edu.au/
Q11472836,,,1924,
Q130537741,,,1912,https://www.santamarcelina.edu.br
Q5146822,,,1923,
Q5977995,,,1956,https://www.xjmu.edu.cn/
Q5357466,,,2006,
Q137943941,,,1986,https://kise.ac.ke
Q30257266,,,,
Q121074325,,,2020,https://wmi.edu.sg/
Q109911884,,,2007,https://www.stikes-marendeng.ac.id
Q820796,,,1964,https://www.bcit.ca/
Q130537823,,,2014,https://www.gmu.edu.et
Q3646646,5384,,1975,
Q890460,,,2008,
Q30263564,,,1973,
Q140907997,,,,https://sekolahmakarios.sch.id
Q6879096,4667,,1826,https://www.mc.edu/
Q734774,12229,,1818,https://www.slu.edu/
Q5061051,,,2011,
Q10279373,,,1950,
Q963709,,,1942,
Q7414385,183,,1969,
Q30294313,,,2000,
Q835731,,,1921,https://hebei-university.com/
Q931442,,,2005,https://union.edu.rs/
Q15939928,,,1958,
Q29161256,,,,
Q19749134,,,2008,https://www.uigm.ac.id
Q1700617,15766,,1964,https://new.jjay.cuny.edu/
Q134250922,,,1990,https://itca.edu.ec
Q30284029,,,,
Q7962685,2940,,1967,https://www.wwcc.edu/
Q5972896,,,1907,https://www.dendai.ac.jp/
Q2002703,24000,,1946,https://tabrizu.ac.ir/fa
Q4204288,,,1940,
Q52609922,,,,
Q2302319,18319,,1872,
Q19738926,,,,https://www.poltekkesternate.ac.id
Q6426901,,,1983,
Q6911272,665,,1975,
Q6807032,,,,
Q7714377,511,,1965,
Q30294424,,,,
Q4186910,,,1903,https://int.mphu.edu.ua/
Q1006950,1271,,1992,
Q5030024,,,1943,https://www.cfc.forces.gc.ca/
Q3578135,,,1974,
Q30257637,,,1994,
Q120983102,,,,https://www.isblue.fr
Q106412132,,,1969,
Q195081,,,1954,https://www.unatc.ro
Q16543763,,,1969,
Q6020720,,,2008,https://www.iisertvm.ac.in
Q30293920,,,,
Q500269,,,1885,
Q109912336,,,2021,https://www.nobel.ac.id
Q67149348,,,2002,https://www.wiltshire.ac.uk/
Q13021081,,,,
Q64143403,,,1955,https://pro.otemae.ac.jp/
Q30257925,,,1971,
Q495992,,,1895,
Q30260498,,,1999,
Q109919822,,,1967,https://www.akpindo.ac.id
Q48725689,,,1946,https://www.udc.ac.in
Q11707120,,,2006,
Q129344127,,,2024,
Q109912716,,,2023,https://www.rokania.ac.id
Q6934663,,,1986,https://maps.org/
Q7813291,,,1964,https://www.tohtech.ac.jp
Q30271691,,,2010,https://www.gcir.org/
Q6917927,6616,,1969,
Q6840587,2083,,1953,
Q17070669,,,1957,
Q30266595,,,2014,
Q129344090,,,2023,
Q109913183,,,2005,https://www.akbidsingkawang.ac.id
Q7432244,,,,
Q6964460,,,1938,https://www.nafa.edu.sg/
Q30293762,,,,
Q7913787,,,2008,https://www.vxut.edu.vn/
Q30257619,,,,
Q1046224,,,1992,
Q31188719,,,,
Q4115996,,,2003,
Q30293839,,,,
Q7402535,,,1903,
Q11585996,,,1887,
Q102347734,,,,https://www.alrefak.edu.ly/
Q141194108,,,,
Q12523382,,,1987,
Q1624003,750,,2007,
Q5135906,,,,https://www.cloverpark.k12.wa.us/
Q30257226,,,1992,
Q10387777,,,1971,
Q10946828,,,1950,
Q39046124,,,2010,https://www.iite.ac.in
Q369839,30526,,1921,https://u-szeged.hu
Q5146666,3535,,1961,
Q30294703,,,,
Q109913647,,,2019,https://trinita.ac.id/
Q186047,3251,,1859,
Q4475791,,,1948,
Q817902,799,,1932,https://www.bennington.edu/
Q4950301,,,1913,https://www.thecollege.co.uk/
Q4855322,,,2005,
Q30265686,,,2003,
Q1201043,,,1972,https://www.dfi.dk/
Q7603995,,,1856,https://www.historicrichmondtown.org/
Q10302689,,,1987,
Q7392824,518,,2002,
Q4754533,,,1967,https://www.asc.ac.kr/
Q85812301,,,,https://uon.edu.pk
Q688872,,,1946,https://akademia.at.edu.pl/
Q132803423,,,2021,https://apollouniversity.edu.in
Q130882920,,,,
Q7855223,,,1951,
Q77084856,,,2010,https://www.ccq.edu.qa/english/
Q1817742,,,1896,
Q4940019,,,1950,
Q6452801,,,1998,https://www.kiis.ac.jp/
Q140352121,,,2017,https://amerike.edu.mx
Q25417473,,,,
Q2048456,200,,1925,https://palucca.eu/en/
Q4198184,,,1952,https://istu.ru/
Q109912363,,,2003,https://stik-kendal.ac.id
Q5440486,18220,,1981,
Q11357783,833,,1975,
Q140046148,,,,https://www.dal.ca/faculty/health/nursing/research/CTNHR.html
Q797514,141233,,1979,https://homs-univ.edu.sy/
Q30262560,,,1980,
Q135398209,,,2020,https://www.centerforwildlifestudies.org
Q136663651,,,,https://vivekuniversity.ac.in
Q21190923,,,2011,https://www.pratapuniversity.in
Q19852435,,,1971,
Q693674,5177,,1917,https://www.bentley.edu/
Q2908845,,,1994,
Q30294413,,,,
Q2495129,,,1976,
Q5948195,,,1974,
Q2994505,1897,,1950,
Q2496107,,,2002,https://www.unizwa.edu.om/
Q7795971,,,1994,
Q878170,2295,,1897,https://www.th-bingen.de
Q52611103,,,1977,https://www.cef.es/
Q19787384,,,2010,
Q201492,40036,,1821,https://www.mcgill.ca/
Q30293960,,,,
Q7099794,2257,,1968,
Q84081726,,,2001,https://ewit.edu.in/
Q2325341,,,1970,https://sthbasel.ch
Q17218744,,,,
Q29896977,,,2009,
Q20629163,,,,
Q138460625,,,1998,https://www.esaoabsp.edu.br
Q1276122,4000,,1939,
Q43896458,,,1995,
Q6958993,,,1970,https://www.nua.ac.jp/en/
Q129342896,,,2022,
Q1683947,,,2010,https://www.uob.edu.om/
Q18109610,,,1993,
Q7836728,1470,,1962,
Q22073438,,,2003,
Q1140241,,,1948,https://www.suny.edu/
Q109912746,,,2012,
Q61801766,,,,https://www.mbanimit.ac.in
Q7105615,,,2006,https://soho.jonan.jp/
Q30257758,,,1991,
Q21044489,196,,2015,https://augustineuniversity.edu.ng/
Q6020723,390,,1953,https://www.iiswbm.edu
Q17499225,,,,
Q7563754,,,1993,https://sorsu.edu.ph/
Q3551656,,,2010,
Q39049819,,,1965,
Q1463036,940,,2009,
Q131427813,,,,https://kingu.edu.ua/
Q7589986,,,1906,
Q140908322,,,1993,https://almuhajirin.co.id
Q91180145,,,2007,
Q131428237,,,,https://www.ce3c.pt
Q30294033,,,,
Q6403458,,,1991,
Q4778671,,,1946,
Q5146700,,,1939,https://www.cet.ac.in
Q12598074,,,2008,
Q513658,4205,,1901,https://www.up.edu/
Q28723622,,,2016,https://uiii.ac.id
Q13018765,,,,
Q30266478,,,1984,https://bnd.iau.ir/
Q1515763,2972,,1874,https://wp.stolaf.edu/
Q129342834,,,2021,
Q11667401,,,1893,https://www.kagawa-edu.jp/takah02/htdocs/
Q1122851,9080,,1974,https://www.luiss.edu
Q87991180,,,2006,
Q4907267,,,1947,
Q1632525,,,1732,https://www.unior.it/
Q7896372,,,2010,https://www.uswat.edu.pk
Q7742178,128,,1981,
Q30297328,,,,https://www.scbu.edu/
Q7122394,,,1927,
Q60752247,,,2015,https://www.bnuniversity.ac.in
Q6516648,855,,1907,https://mf.no/en
Q1658883,,,1997,
Q12060731,,,1924,
Q11426615,298,,1922,
Q48816436,,,2017,
Q140907833,,,1999,https://efhar.ac.id
Q130537836,,,,https://www.iae.ac.tz
Q4124432,,,1796,
Q4315003,1600,,1997,https://tdbsi.edu.tm/
Q10274476,,,,
Q280305,17304,,1989,https://www.udc.gal
Q3444680,1530,,1968,https://www.ciis.edu/
Q4874607,,,1893,
Q87105663,8737,,2020,https://www.lab.fi/en
Q43767699,,,2011,
Q724222,10000,,1920,
Q109919206,,,1985,https://www.amn.ac.id
Q644230,,,1625,https://www.spiritus.ch
Q5617088,7382,,1827,
Q30265872,,,2008,
Q109913286,,,2020,
Q5146889,252,,2004,
Q27628128,,,2015,
Q1229924,25000,,1970,
Q4005885,,,2004,https://www.unizkm.al
Q7163756,,,1994,
Q141195759,,,2009,https://kktapah.edu.my
Q614293,,,2001,
Q48936393,,,1953,
Q7500178,,,1892,
Q165053,,,1978,
Q26161261,,,2015,https://sbbsuniversity.ac.in
Q1037208,3256,,1994,
Q3152152,,,1959,
Q8060443,,,1977,
Q1509323,374,,1994,https://www.polizei.sachsen.de/eng/index.htm
Q52851075,,,2000,
Q974328,,,2011,https://www.uni.li/
Q109919469,,,2003,https://www.sttikat.ac.id
Q15910315,,,1949,
Q116959503,,,2001,
Q140869714,,,2013,https://akcobp.org
Q4835740,,,1996,
Q3808815,,,2010,
Q1132587,,,1991,https://www.spiruharet.ro/
Q5243437,,,1989,
Q109919442,,,2024,https://universitaspgridelta.ac.id/
Q4408464,,,1930,
Q10302669,,,,
Q16937072,811,,1966,
Q7961606,,,1903,
Q30267162,,,1965,
Q1916589,,,1945,
Q3348434,,,1988,https://www.unab.cl/
Q141193942,,,,https://newinti.edu.my/campuses/inti-international-college-penang/
Q3547492,,,1904,
Q4962789,835,,1904,https://www.bpc.edu/
Q5055561,5231,,1968,
Q860268,5462,,1875,
Q141194167,,,,https://www.queens.edu.my
Q111020102,,,2023,https://rptu.de/
Q7108771,1073,,1918,
Q109912962,,,2020,https://unhaj.ac.id
Q6082293,,,1988,
Q3345334,,,1907,
Q273536,400,,2006,https://www.parisschoolofeconomics.eu/en/
Q1504133,,,1993,https://www.upra.org/
Q30254670,,,,https://www.esh.org/
Q6460011,2827,,1931,
Q6825670,,,2008,
Q6705746,390,,1826,
Q55520385,,,1985,https://www.ibb.com/
Q20435809,,,1992,https://ifdt.bg.ac.rs
Q7108352,,,1870,https://www.op.ac.nz
Q413920,,,,https://kulturellebildung.de
Q7919813,,,1962,
Q30257924,,,1944,
Q14682420,401,,1896,
Q3534782,,,1874,
Q7813986,,,1993,
Q5880940,,,1969,
Q109912733,,,,https://www.stiudarulhikmah.ac.id
Q7288807,,,1960,
Q5290854,3196,,1901,https://www.dom.edu/
Q6428214,,,1988,
Q11494221,,,1903,
Q4314800,,,1992,https://www.naa.mil.lv/
Q5159001,5585,,1893,https://www.csp.edu/
Q61931288,,,1993,
Q48936483,,,,https://www.lzit.edu.cn/
Q19847363,,,2002,https://www.dlust.edu.cn/
Q490117,,,1978,
Q16250609,,,1998,
Q4967759,,,2002,https://www.bsms.ac.uk/
Q2399342,16900,,1953,
Q6935185,623,,1936,
Q41790,,,1918,https://newchn.cau.ac.kr/
Q5251354,,,1992,https://www.waru.edu/
Q1480532,166793,,1988,https://www.usmd.edu/
Q52604272,,,,
Q5788938,,,1990,
Q11472301,958,,1901,
Q65283573,,,,https://www.univ-silkroad.uz/
Q20056048,,,1970,
Q141195163,,,,
Q30260675,,,,
Q25247714,,,,
Q25247777,,,1948,
Q2303765,,,1948,https://www.ug.edu.gh/
Q30253948,,,1355,
Q25543379,,,2002,https://svpuat.edu.in
Q2495713,,,1980,
Q12789506,,,,
Q109912124,,,1804,https://www.akimal.ac.id
Q7185218,,,1964,https://pshs.edu.ph
Q104855386,,,2019,https://www.samglobaluniversity.ac.in
Q7105618,,,1971,
Q4670157,,,2003,https://adu.ac.ae
Q131428198,,,2024,https://www.eds.edu.gr
Q25460696,,,,
Q30260694,,,1978,
Q122964834,,,2023,https://cair-nepal.org/
Q6544942,,,1923,
Q3551850,,,1966,
Q1563050,,,1981,https://um.edu.mo
Q30266516,,,1994,
Q107517870,,,2014,https://innovativegenomics.org/
Q6317522,34217,,1989,https://www.unq.edu.ar/
Q6156504,,,1951,https://www.ugc.edu.co
Q5060438,,,1956,
Q6764126,,,1989,https://www.usmcu.edu
Q1589630,,,1956,
Q136089651,,,2019,https://istriobamba.edu.ec/
Q133811928,,,2004,"https://www.univ-reims.fr/hervi/accueil/hemostase-et-remodelage-vasculaire-post-ischemie-hervi-ea-3801,22025,37461.html"
Q6728391,,,1999,https://www.madonnauniversity.edu.ng/
Q985670,,,1928,
Q7529000,,,1967,
Q8027207,,,,
Q30293714,,,,
Q4398072,,,1918,https://gtsolifk.ru/
Q795988,,,1964,https://www.uoguelph.ca/
Q21190368,,,2015,https://www.auts.ac.in
Q7080963,,,1957,
Q4418290,5000,,1950,
Q109912497,,,,https://stt-star.ac.id
Q7894244,,,1984,
Q6156325,,,1994,
Q7646919,3103,,1964,https://www.surry.edu
Q574606,31606,,1969,https://www.ulb.be/
Q9091618,,,2006,https://www.udima.es/
Q539881,,,1927,https://www.ull.es/
Q108737482,,,,
Q30262676,,,1953,
Q123382565,,,,
Q6979223,,,2005,https://www.nuals.ac.in
Q30257655,,,,
Q109912884,,,2017,https://www.uniqhba.ac.id
Q107518203,,,1961,https://bankicollege.ac.in/
Q6794427,,,1953,
Q11133148,,,2000,
Q104632510,,,1984,https://budiutomomalang.ac.id
Q7987712,,,2005,https://www.cqwu.edu.cn/
Q4411934,,,1996,https://www.sevsu.ru/univers/iyaiep
Q5150165,,,1992,
Q155354,22612,,1527,https://www.uni-marburg.de/
Q98284959,,,2010,https://kinder.rice.edu/
Q3551627,,,2004,
Q2407584,12249,,1889,https://www.etamu.edu
Q482703,,,1946,
Q1055874,4155,,1927,https://www.bridgeport.edu/
Q1084099,328,,1990,
Q1356982,4702,,1991,https://www.eah-jena.de/
Q18712513,,,2011,https://www.rkdf.ac.in
Q3632758,,,1970,
Q141194340,,,1971,https://www.cfps.org.sg
Q7783820,,,1957,
Q93967202,,,1948,
Q24912126,,,2012,https://zealand.com/
Q43895053,,,2005,
Q7568720,818,,1899,https://www.southuniversity.edu/
Q10176,120000,,1809,https://www.universite-lyon.fr/
Q414014,,,1837,
Q6054171,,,2007,
Q108737617,,,,https://www.worldwidelaserinstitute.com/
Q11402772,,,1942,
Q6314343,,,1957,
Q49207,14348,,1866,https://www.unh.edu/
Q1734762,,,2001,
Q17049584,,,2014,https://www.bankurauniv.ac.in
Q49001837,,,,
Q135739057,,,2008,https://www.umax.edu.py
Q6040506,,,1987,
Q30294423,,,1978,
Q5017956,,,1987,
Q4678047,,,2007,https://www.acibadem.edu.tr/
Q8048973,,,1984,
Q124617946,,,,https://hau.edu.ye/
Q5529157,,,1992,
Q5061968,,,1976,
Q4744092,,,1957,https://www.aicag.edu/
Q2442531,,,,
Q141194297,,,2020,https://www.ntu.edu.sg/incube/home
Q140351125,,,2001,https://www.umass.edu/agriculture-food-environment/
Q1667494,,,1991,
Q39054954,,,2011,
Q4696579,208,,2008,
Q5504204,,,1784,
Q7896753,,,1905,
Q11454474,,,1903,
Q16902646,,,2011,https://vu.ac.ug/
Q2128674,,,1936,
Q15177601,,,2012,
Q6707331,1083,,1812,https://www.lycoming.edu/
Q97041860,,,2008,https://jliedu.ch/
Q85845392,,,2015,
Q5483015,57,,1854,
Q138655008,,,2008,
Q13098259,,,1964,https://www.unmer.ac.id
Q97227642,,,1998,https://staimsyk.ac.id
Q29026751,,,2016,
Q49211,7501,,1824,
Q1760791,,,1973,https://www.mdx.ac.uk
Q17052678,,,1997,https://www.newera.edu.my/
Q11434991,,,2012,
Q16183288,,,2022,
Q2495843,,,1992,
Q3578242,216,,1941,https://www.ensatt.fr/
Q10829093,,,1966,
Q6301704,,,1989,
Q12614843,,,1976,https://www.kims.re.kr/
Q6156616,,,2006,
Q4201593,,,,
Q4696433,,,1955,
Q5522141,,,1964,
Q4696570,,,1876,https://www.agu.ac.jp/
Q10387838,,,,
Q116784677,,,,https://ubids.edu.gh/
Q11148869,,,1949,
Q1478723,28000,,1967,https://www.latrobe.edu.au
Q6040575,,,1964,https://ima.org.uk/
Q77077169,,,,https://www.peco-ev.de/
Q683580,,,1915,https://www.nju.edu.cn/main.htm
Q130882981,,,2002,https://universidad.tecmilenio.mx/campus-veracruz-tecmilenio
Q8049730,,,2004,
Q30260275,,,1990,
Q30286875,,,,
Q1583940,,,1901,
Q6712189,,,1968,
Q135095314,,,,https://www.lcfpem.com
Q76473,21335,,1862,https://southampton.ac.uk/
Q168458,4500,,1986,
Q4845519,,,1959,
Q7014807,,,1916,
Q130732912,,,,https://goldengatecolleges.net/main/index.php
Q4533980,,,1969,
Q7894261,,,,
Q7895784,,,2007,
Q7895723,,,1996,
Q748106,1600,,1845,https://www.gsa.ac.uk/
Q4475825,,,1995,
Q141195781,,,2001,https://www.adtecsa.gov.my
Q287299,,,1912,https://iuls.ro/
Q7754223,,,1983,
Q1514597,,,1985,https://www.udlap.mx/web/
Q101377986,,,,
Q30270004,,,1980,
Q6821105,926,,1925,
Q12141882,,,1920,
Q6383859,20330,,1977,
Q3152599,,,2020,https://www.institut-agro-rennes-angers.fr
Q5148968,28244,,1965,
Q876973,,,1754,
Q48725239,,,1965,
Q4816162,3030,,1967,
Q30257472,,,1942,
Q10279262,,,,
Q3551328,,,1980,
Q17372833,,,1934,
Q3151823,,,1971,
Q30266609,,,,
Q494179,,,1994,
Q15932909,,,1958,
Q1061504,1900,,1909,https://www.hhs.se/
Q8058632,,,1997,
Q4163222,,,1922,
Q5945451,,,,
Q30634702,,,1983,
Q112676753,,,,https://www.havust.edu.cn/
Q16850113,,,2001,
Q5053247,227,,1968,
Q13572981,16055,,1963,https://www.southalabama.edu/
Q16480583,,,1977,https://www.ttn.edu.vn/
Q109911093,,,2003,https://www.polmanceper.ac.id
Q1888278,,,1965,
Q131875118,,,2022,https://afu.uz
Q80207,11649,,1661,https://lnu.edu.ua/
Q17515260,,,2013,https://energypolicy.columbia.edu/
Q7986914,,,1974,
Q20026261,,,,https://daihocpccc.edu.vn/
Q33121148,,,1870,
Q7896209,,,2005,
Q7138388,1697,,1982,
Q1278219,2853,,1929,https://www.eou.edu/
Q7312413,,,2004,
Q7592172,,,1963,
Q9091616,,,2008,
Q7240768,930,,1880,
Q4652009,,,1992,https://aissmscoe.com/
Q50296494,,,,
Q97040928,,,2014,
Q5557604,,,1995,
Q7403136,,,2008,
Q43896083,,,1952,
Q1068072,24221,,1743,https://www.udel.edu/
Q4318618,,,1946,
Q1587855,437,,1945,https://www.ehesp.fr/
Q64143389,,,2007,
Q5257948,491,,1947,
Q4005879,,,1970,
Q23110,,,1952,
Q30266687,,,,
Q109911442,,,2020,
Q7271602,,,1994,https://www.qcu.edu.ph/
Q281155,2351,,1992,
Q4682773,,,2006,https://www.aknu.edu.in
Q1072029,,,1893,https://www.wales.ac.uk/en/Home.aspx
Q12062406,,,1960,
Q30594328,,,1991,
Q29045289,,,,https://www.isalud.edu.ar/inicio
Q741082,38747,,1964,https://www.mq.edu.au/
Q5099853,,,1936,
Q7896314,,,1987,
Q5640577,,,1938,https://www.hakodate-u.ac.jp
Q134524028,,,1990,https://bts.edu.sg
Q5197072,18754,,1963,
Q30294282,,,2007,
Q108123084,,,1930,
Q6479473,,,1962,
Q7046262,,,1964,https://rdpolytech.ca/
Q4921669,1350,,1972,
Q52236336,,,2018,
Q4325440,,,1989,
Q13018783,,,,https://ssru.ac.th/en/
Q5903391,,,1935,
Q30294026,,,,https://www.artesyletras.edu.co/
Q2378813,6167,,1920,https://kharkivmedicaluniversity.com
Q23101,,,1940,
Q1454789,11245,,1966,https://www.tcc.fl.edu
Q61931330,,,1997,
Q4221598,,,1929,
Q16413706,,,,
Q30294047,,,,
Q5208209,,,1997,
Q927304,29903,,1955,https://www.unn.edu.ng/
Q11406295,,,1973,https://cms1.chiba-c.ed.jp/matsudokokusai-h/
Q5149660,760,,1952,
Q5327737,,,1992,
Q7754330,,,,
Q5397464,,,1969,
Q30314295,,,2016,
Q124845723,,,2001,https://www.ssn.edu.in
Q15275772,,,2012,
Q30267497,,,,https://olympiccoast.noaa.gov/visitor/discoverycenter/discoverycenter.html
Q49205,2474,,1870,https://www.wellesley.edu
Q1723289,,,1984,
Q25450689,,,2015,https://nust.edu.iq
Q60760650,418,,2016,https://arthurjarvisuniversity.edu.ng
Q6682269,9451,,1975,
Q30290709,,,1987,
Q137796034,,,2016,https://ifaceacademy.org
Q29055122,,,,
Q97307301,,,,https://www.ibi-k57.ac.id/
Q96380192,,,2019,https://www.hsncu.edu.in
Q3551412,23000,,2005,https://www.uglcs.org/
Q30263501,,,2005,
Q6978054,,,2006,
Q16997815,,,1999,
Q112677125,,,,
Q109913835,,,2019,https://stiudq.ac.id
Q3151859,,,1898,https://en.icam.fr/
Q503473,19078,,1559,https://www.unige.ch
Q141195136,,,1996,https://auston.edu.sg
Q8048280,,,1989,
Q17056734,,,2008,https://www.rgukt.ac.in
Q2618105,700,,1945,https://new.kazancons.ru/
Q11476483,,,1919,https://www.daito-h.ed.jp/
Q33121960,,,,
Q20458835,,,,
Q7700211,,,1964,
Q12599129,,,2005,
Q48862354,,,2016,
Q4568893,7117,,1889,https://www.elon.edu
Q5001270,,,1953,
Q5104660,,,1951,
Q2926172,,,1945,
Q5723967,,,,
Q7600091,2432,,1971,
Q4680123,13861,,2002,
Q5061953,2807,,2009,
Q1310061,3849,,1962,https://www.ph-karlsruhe.de/
Q137795974,,,2023,https://usfu.edu.ua
Q110254051,,,2003,https://esda.es/
Q746153,49092,,1948,https://uwi.edu
Q102347732,,,2017,
Q5057029,4461,,1887,https://www.cedarville.edu/
Q4874223,,,2016,https://www.toiohomai.ac.nz/
Q7268472,,,1974,
Q11590090,,,1977,
Q19752731,,,1946,
Q5154696,,,1966,
Q119393497,,,,https://www.daytonsd.org/
Q141193714,,,2011,https://www.kvknarayangaon.in
Q140869703,,,1933,https://bornbunge.org
Q31867,,,1973,https://www.una.ac.cr
Q30257830,,,1993,
Q1258462,1377,,2003,
Q8052425,,,1993,https://www.yit.ac.kr
Q129571902,,,2014,https://scads.ai
Q7941057,8832,,1971,
Q30293845,,,,
Q1029560,,,1924,
Q12110286,9000,,1874,https://kubg.edu.ua/
Q131428134,,,,https://cibb.uc.pt
Q4397981,,,1930,
Q1528161,,,1978,
Q1406953,,,1998,https://www.ffhs.ch
Q7309324,,,1927,https://www.regiscollege.edu/
Q12523466,,,1980,https://www.unisri.ac.id
Q3687231,,,,https://www.conservatoriosantacecilia.it
Q7895505,9053,,1971,https://www.uhcl.edu/
Q962329,,,1996,https://wsiz.edu.pl/
Q100955860,,,2010,
Q1683230,8740,,1982,https://www.bolton.ac.uk/
Q11474755,847,,1880,
Q4196665,,,1930,
Q17066865,,,1955,
Q5159523,,,1967,https://www.conestogac.on.ca/
Q3551785,,,2010,
Q14704764,1043,,1878,https://rockymountain.bkstr.com/
Q11518507,,,1967,
Q109911783,,,1968,https://www.ppmschool.ac.id
Q7903348,,,1999,
Q475312,1484,,1995,https://www.evhn.de/
Q5618129,,,1992,https://www.gumi.ac.kr
Q100956088,,,2016,https://www.briq-institute.org/
Q108801821,,,,https://ebwus.com/
Q30288022,,,,
Q109919478,,,2000,https://wym.ac.id
Q52856736,,,1964,
Q4081724,,,1960,
Q98946443,,,,
Q940302,24000,,1989,https://www.english.ulpgc.es/
Q1245999,20000,,1240,https://www.unisi.it
Q14091635,,,1955,https://www.unpar.ac.id
Q7120651,,,1951,
Q19407257,,,2014,
Q6963583,4495,,1996,
Q136412851,,,2001,https://altamash.edu.pk/
Q133812212,,,,https://www.phsg.ch/de/dienstleistung/zentren/kompetenzzentrum-digitalisierung-bildung
Q109435751,,,2008,https://politap.ac.id
Q136663556,,,,https://cqm.uma.pt
Q134251480,,,,https://www.utrcc.edu.mx
Q1138080,,,1970,https://www.coventry.ac.uk/
Q738236,30098,,1905,https://nus.edu.sg
Q5296030,,,1987,
Q91611455,,,,
Q135831262,,,2000,https://jjmc.edu.np
Q30293732,,,,
Q7984141,,,1986,
Q18467859,,,,
Q6904332,4000,,1927,https://www.msubillings.edu
Q17039959,,,,https://www.gmu.cn/
Q100943890,,,1951,https://justomwale.net
Q784171,132921,,1897,https://unlp.edu.ar/
Q129343484,,,2021,
Q11375681,,,2011,https://www.kyotokacho-u.ac.jp/
Q1485676,60,,1999,
Q138460727,,,,https://groupe-espi.fr/campus/espi-lille/
Q6426890,,,1966,
Q6156526,,,1990,https://www.maimonides.edu/
Q5507658,,,1950,https://www.fukui-ut.ac.jp/
Q61931694,,,1992,
Q371522,37000,,1954,https://www.gu.se
Q109913526,,,,https://www.sttati.ac.id
Q13138872,,,2002,https://ist.edu.pk
Q222738,360883,,1910,https://www.unam.mx/
Q2738622,,,1896,
Q97232260,,,2010,
Q140908043,,,2023,https://www.kishkindauniversity.edu.in
Q6156753,,,1994,
Q28368,,,1999,https://www.uchceu.es
Q141193947,,,,https://ewic.edu.my
Q4816324,4464,,1964,
Q109912008,,,2014,https://sttpa.ac.id
Q141194979,,,1991,https://www.oceaninstitute.com.my
Q5875780,,,1968,https://www.hocking.edu/
Q12511333,,,2019,
Q11815245,1600,,2005,
Q13018777,,,,
Q636034,,,1949,
Q6958613,,,2000,
Q7887878,,,2003,
Q140908171,,,2022,https://www.i-m-k.org
Q30257022,,,,
Q4771201,12057,,1929,
Q109912064,,,2020,https://poltekkaltara.ac.id
Q5713005,,,1958,
Q92387150,,,1998,
Q23043282,,,2013,https://iau.edu.bd/
Q30268583,,,2003,
Q133810837,,,2022,https://tesu.uz
Q2065921,33125,,1915,
Q15944318,,,1836,
Q140871120,,,2011,https://ismpatna.ac.in
Q11440040,,,1895,
Q14957031,,,1964,
Q1072419,,,1886,
Q135398264,,,,https://www.kmics.ac.in
Q106518030,,,1950,
Q2901308,,,1999,
Q6797991,3446,,2004,
Q11592211,,,1885,
Q54871104,,,2003,
Q4220226,1421,,1904,
Q4842556,13635,,1910,
Q141195524,,,,
Q6733207,,,1875,
Q4731260,,,,
Q3151899,2001,,1956,
Q1274007,569,,2008,
Q85970165,,,1988,
Q7305700,1760,,2005,https://run.edu.ng/
Q10387840,,,,https://www.ibirapuera.br/
Q7562219,,,1955,
Q134524057,,,2003,https://www.jimsd.org
Q11448663,,,,
Q141194599,,,1999,https://uniqsaas.edu.my
Q694887,,,1948,
Q7252500,,,1925,
Q458393,19520,,1832,https://durham.ac.uk
Q30263639,,,2001,
Q7523022,,,2009,https://www.singaporetech.edu.sg/
Q4449473,,,1938,
Q4857766,,,1988,
Q52236553,,,2017,
Q7491546,,,1969,
Q7055886,,,1977,
Q7101142,,,1907,
Q133811240,,,1950,https://www.scdp-bistrita.ro
Q109912797,,,2002,
Q140314891,,,2001,https://www.nmrec.edu.in
Q1476754,2600,,1997,
Q7324209,,,1960,
Q11468541,609,,1697,
Q12506034,,,1982,https://www.polsri.ac.id
Q25457414,,,2018,https://polbangtanmalang.ac.id
Q5461169,,,1983,
Q29513905,,,2013,https://www.ecu.edu.eg/
Q11339480,,,1994,
Q30263786,,,,
Q30263599,,,,
Q2000629,,,1996,https://www.urjc.es
Q104224385,,,1993,
Q3633128,,,1998,https://www.dituniversity.edu.in
Q6156833,,,1970,https://www.cuc.edu.co/
Q4826828,,,1989,
Q768054,3460,,1937,
Q28419352,,,2013,
Q6468687,2043,,1912,
Q7368476,,,1921,https://www.rosemont.edu/
Q1391290,5261,,1974,
Q490746,,,1945,
Q129343669,,,2014,
Q10927180,1942,,1952,https://www2.ntin.edu.tw/English/IntroIndex.htm
Q30293695,,,,
Q994537,,,,
Q5946797,,,1986,
Q30293889,,,,
Q9091578,22204,,1973,https://www.unse.edu.ar/
Q43896463,,,1938,
Q7442097,96,,1994,
Q3551501,,,1970,https://www.tru.ca/
Q4407712,,,,
Q4475835,,,1947,
Q129342862,,,2023,
Q1391187,113,,2010,
Q139407789,,,2019,https://www.merito.pl/federacja
Q15908712,,,,
Q25053746,,,1979,
Q43896049,,,2011,
Q136700322,,,2009,https://www.acu.edu.au/about-acu/institutes-academies-and-centres/nursing-research-institute
Q30294100,,,1998,
Q15692487,,,1970,
Q109912312,,,2005,https://www.stitdarulhijrahmtp.ac.id
Q16306623,,,1953,
Q11148738,,,1956,
Q30266360,,,1970,
Q42529237,,,2017,https://bnu.karnataka.gov.in
Q7414131,,,1973,
Q4852459,,,2002,
Q6431288,,,1977,
Q7895938,1361,,1963,https://www.uncsa.edu/
Q30262843,,,,
Q109919566,,,2010,https://staiat-tahdzib.ac.id
Q5225774,,,1989,
Q10274458,,,,
Q6879156,8677,,1925,https://www.mgccc.edu
Q138655151,,,1922,https://qiriazi.edu.al
Q109912036,,,,https://www.stt-tawangmangu.ac.id
Q118185578,,,2000,https://www.privrednaakademija.edu.rs/
Q141193776,,,1998,https://www.optima.edu.my
Q3439925,2907,,1890,https://www.plu.edu/
Q115152073,,,,
Q953446,,,1883,
Q5109901,,,1894,
Q7567992,3497,,1978,
Q39060049,,,,
Q7570129,,,1951,https://www.smu.edu.cn
Q140588946,,,1944,https://rac.ac.in
Q1166681,7000,,1996,
Q16488655,6000,,1948,
Q140046406,,,,https://www.dal.ca/faculty/law/LATI.html
Q2082826,8000,,1920,https://ysmu.am
Q4709390,6122,,1903,https://asurams.edu/
Q6973732,,,2010,https://www.nitgoa.ac.in
Q18484219,,,,
Q7555714,9251,,1945,
Q21040611,176,,2014,https://www.berlin-international.de
Q12783893,,,,https://www.ava.si/
Q3066997,,,1983,https://zu.edu.ly/en/university/
Q141195064,,,2008,https://kk.cyberjaya.edu.my
Q1324001,,,1940,
Q7878107,,,1968,
Q138860295,,,1971,https://www.kutirpgcollege.ac.in
Q30294678,,,2003,
Q7503667,,,1899,
Q11421280,,,,
Q20708823,1382,,1967,
Q4673678,2373,,2007,
Q5142015,1327,,,https://colbycc.edu
Q5244531,,,1962,
Q30253843,,,,
Q18467831,,,2009,
Q19745902,,,2017,https://unipma.ac.id
Q30280074,,,1986,https://eohsi.rutgers.edu/
Q97168846,,,2010,https://www.unican.edu.py/
Q30297140,,,2008,
Q109919351,,,2007,https://www.aktabe.ac.id
Q19599964,,,1997,
Q30262772,,,1985,https://www.gxuwz.edu.cn
Q30282065,,,1986,
Q131428164,,,,https://cir.ess.ipp.pt
Q1072796,3702,,1949,
Q4153935,,,1931,
Q19877933,,,1973,
Q18779685,,,1981,
Q6243649,,,1929,
Q989759,,,1962,
Q6553790,,,2009,
Q1806300,3029,,1842,
Q16259712,,,1987,
Q1277776,28798,,1907,https://www.ecu.edu/
Q1564902,,,2010,
Q135398257,,,2011,https://mahallat.ac.ir
Q851164,18000,,1948,https://uni-corvinus.hu/
Q7121811,,,2008,
Q657590,8077,,1937,https://www.ue.katowice.pl/
Q10387820,,,2001,
Q5927408,,,1997,
Q1945756,,,1983,https://www.szu.edu.cn
Q31194976,,,,https://www.ang.edu.kz
Q5062371,,,1989,
Q367398,,,1927,
Q2655352,,,1952,
Q134524061,,,2024,https://mas.edu.sy
Q7894313,,,1996,
Q6020706,,,2007,
Q16734218,,,1965,
Q1413500,642,,1971,
Q940690,16944,,1933,https://www.umkc.edu/
Q32773,914,,1973,
Q7681307,,,2005,
Q7894237,,,1880,
Q4120423,,,1975,
Q12690299,,,1994,
Q30294334,,,1979,
Q141194418,,,2010,https://strategyfirst.edu.mm
Q14692455,58526,,1947,https://www.umgc.edu/
Q140045397,,,2008,https://microresearch.ca
Q141194186,,,2001,https://kkklang.mypolycc.edu.my
Q4412505,2000,,1939,
Q7227727,,,1984,https://www.ptuniv.edu.in
Q7374953,,,1989,
Q30294109,,,,
Q30279822,,,1888,
Q33121519,,,,https://www.stadt-zuerich.ch/ssd/de/index.html
Q12486661,,,1984,https://www.itenas.ac.id
Q7443007,,,1954,
Q1736331,6054,,1952,
Q7686864,,,1992,
Q7842694,214,,1932,
Q50040262,,,1949,
Q5060624,5974,,1966,
Q268749,,,1948,
Q7227034,,,2005,
Q30285720,,,1971,
Q4446047,16363,,1948,https://sumdu.edu.ua/
Q2324588,,,2002,
Q7830577,,,1963,
Q877421,2404,,1765,https://www.vetmeduni.ac.at/
Q5586226,,,1957,
Q1151045,,,1949,https://www.shizuoka.ac.jp/
Q12523335,,,1984,https://www.unizar.ac.id
Q137204498,,,2007,
Q2084549,5524,,1929,
Q64143419,,,1998,
Q6972526,,,1974,
Q6740793,,,,
Q109297499,,,2022,https://www.pennwest.edu
Q29162586,,,,https://www.tuxtepec.tecnm.mx/
Q10482047,,,1963,
Q10387893,,,1956,
Q139407681,,,1999,https://icmet.ro
Q140351442,,,2001,https://audisankarauniversity.edu.in
Q30266677,,,1999,
Q7258436,5551,,1933,
Q30312829,,,2016,https://www.kent.edu.tr/
Q5500864,1709,,1869,
Q75419,,,1988,
Q129343462,,,2022,
Q7988792,,,,
Q30260326,,,2012,
Q141193685,,,2009,https://ilia.ubd.edu.bn
Q2753927,,,2003,
Q2877633,,,2005,https://www.usj.es/
Q7055282,,,1984,
Q136448415,,,2021,https://histt.edu.ly
Q11159738,,,2007,
Q509250,,,1887,https://www.kogakuin.ac.jp/
Q2038889,,,1853,
Q7676659,,,1952,
Q138655029,,,2013,
Q11148616,,,1999,https://english.hzcu.edu.cn/
Q8040715,,,1994,
Q5039720,,,1985,https://www.sfu.edu.hk
Q662131,33000,,1915,
Q7895486,,,1982,
Q11367292,,,1918,https://www.chubu-gu.ac.jp
Q2044046,4226,,1994,https://www.pfh-university.com/
Q30294101,,,,
Q129195,7578,,1952,https://www.tu-ilmenau.de
Q8066876,,,1994,
Q12601429,,,,
Q4824300,,,1985,
Q25209621,,,2007,https://educacion.gob.ec
Q6068104,,,1989,
Q30294004,,,1995,
Q5280195,,,2006,
Q12511267,,,2021,https://www.iainpalu.ac.id
Q6317539,23667,,1973,https://www.uner.edu.ar/
Q5046528,3060,,1976,https://www.carrollcc.edu/
Q10867987,,,1959,
Q6679233,6337,,1970,
Q17043223,,,1993,
Q140045553,,,2021,https://icgenomics.ca
Q12595373,,,1954,
Q30294386,,,,
Q1534879,5060,,1901,
Q39988,27245,,1957,https://www.yonsei.ac.kr/
Q129343614,,,2023,
Q131428129,,,,https://escolanaval.marinha.pt/pt/investigacao_web
Q839900,,,1941,
Q7042086,,,1961,
Q1336952,,,1963,
Q4696945,,,1972,https://www.atc.edu
Q268411,,,1791,
Q9366819,5245,,1969,
Q109913115,,,2014,https://stisummulayman.ac.id/
Q30293949,,,,
Q14716344,1058,,1967,
Q124251980,,,2020,https://ajou.uz
Q140907703,,,1990,https://chspr.ubc.ca
Q109912158,,,2019,https://www.stai-tangho.ac.id/
Q17030021,7109,,1963,
Q12582630,,,1907,
Q4816174,,,1929,
Q4845601,,,2001,https://www.iamas.ac.jp/
Q6081603,,,2008,
Q7813287,,,1978,
Q12513101,,,2019,https://www.stikom-bali.ac.id
Q30293713,,,,
Q1060621,48271,,1946,https://www.ankara.edu.tr/
Q4929571,,,1995,
Q5588810,,,2004,https://gecbhavnagar.ac.in
Q4806765,820,,2008,
Q141195795,,,2003,https://kksegamat2.mypolycc.edu.my
Q5613630,,,1985,
Q129343630,,,2022,
Q12523400,,,1997,https://www.uhamka.ac.id
Q6452832,,,1960,
Q4398462,,,1967,
Q51779967,,,2008,
Q4689708,,,2005,https://www.abu.ac.ug/index.php
Q23807281,,,1982,
Q7267062,,,2004,
Q2000129,18025,,1907,https://manoa.hawaii.edu/
Q7088010,1955,,1970,
Q109919816,,,2014,
Q30294126,,,1984,
Q109912938,,,1992,https://www.aparda.ac.id
Q112752022,,,2014,https://www.unicyt.net
Q132746449,,,1964,
Q133810558,,,2021,https://www.dmuk.edu.kz
Q5171517,1041,,1853,https://www.cornellcollege.edu
Q30288508,,,,
Q5969541,,,2006,https://www.iumizoram.edu.in
Q5093795,,,1984,https://www.chesterfield.ac.uk/
Q30263668,,,1994,
Q12114710,7000,,1930,
Q4984263,,,1981,
Q4696596,,,1987,
Q7523020,,,1964,
Q56394054,,,2014,https://www.uniramalang.ac.id
Q4570128,,,1950,
Q328423,,,1961,
Q6862016,,,1915,
Q30285935,,,2003,
Q5438129,6653,,1965,
Q30290984,,,,
Q12719861,,,,
Q21574117,,,1966,https://www.ucompensar.edu.co
Q4802797,,,1997,https://www.maebashi-it.ac.jp/
Q8047517,,,2006,
Q134250756,,,,https://eurolinguas.pt
Q3551550,,,1933,
Q1667287,,,1998,
Q305507,,,1992,
Q20088593,,,2000,
Q11141507,,,1983,
Q140550643,,,2015,https://www.nsu.edu.af
Q3275551,37444,,1929,https://www.annamalaiuniversity.ac.in
Q650134,,,1963,
Q30266463,,,,
Q7687227,,,2013,https://tsul.uz/
Q30294091,,,,
Q4469637,13600,,1945,https://www.uzhnu.edu.ua/en
Q30288883,,,,
Q3551486,,,1965,
Q130538107,,,,https://www.spjain.org
Q30264945,,,2004,
Q14711364,,,1971,
Q3944322,,,2000,
Q273461,2272,,1854,https://centralelille.fr/
Q4174313,,,1985,
Q482819,,,1937,
Q61930564,,,1959,
Q140876168,,,,https://isen-ouest.fr
Q12714157,,,,https://www.dne.no/
Q851150,,,1912,
Q7896604,,,2002,
Q30260107,,,,
Q123151689,,,2022,https://unbl.ac.id/
Q109912522,,,2006,https://stpbonaventura.ac.id
Q7402232,,,1580,
Q5763679,,,1968,
Q30266512,,,1993,
Q17022954,,,1953,https://www.xmmc.edu.cn/
Q116959417,,,1952,https://www.lgti.ac.tz
Q7373770,,,1935,
Q30294383,,,,
Q5123501,127,,2008,
Q25450275,,,2014,https://uoninevah.edu.iq/
Q6978113,,,2000,
Q895645,388,,1926,
Q12110278,,,1993,
Q135983414,,,1978,https://www.immunologie.med.uni-muenchen.de/index.html
Q1465303,22000,,1915,https://www.webster.edu/
Q6103572,,,2006,
Q116485,17075,,1900,https://louisiana.edu/
Q1391261,,,1996,
Q3401223,,,2004,https://www.praguecityuniversity.cz/
Q6052947,,,1983,
Q141193700,,,1999,https://nic.edu.my
Q48934656,,,1958,https://www.bttc.edu.cn/
Q141195545,,,2001,https://www.ypccollege.edu.my
Q5304132,,,1946,
Q12286392,,,1996,
Q2399323,12077,,2000,
Q12523295,,,2009,https://www.bakrie.ac.id
Q30264382,,,,
Q10302480,,,2008,https://www.ifpb.edu.br/
Q12486658,,,2014,https://www.itk.ac.id
Q5430864,,,1810,
Q10274375,,,1924,
Q1814503,15336,,1991,https://www.udg.edu
Q4881127,,,1947,https://www.besti.edu.cn/
Q97811457,,,1995,https://mandalabhakti.ac.id
Q7895477,,,2003,https://uog.edu.pk/main.php?l=ur
Q2399553,,,1957,
Q103518710,,,,https://nizwa.cas.edu.om/
Q16511675,,,1993,
Q5914596,,,1987,https://zums.ac.ir/
Q382711,,,1987,
Q106411915,,,2014,https://www.mbru.ac.ae/
Q129342784,,,2022,
Q6688580,,,1814,https://www.louisburg.edu/
Q7896781,238,,1991,
Q109913235,,,2012,
Q7403226,,,1967,
Q131428240,,,,https://ceg.igot.ulisboa.pt
Q3133606,,,1981,
Q3604037,,,1752,https://www.abana.it/
Q168003,,,1998,https://www.hes-so.ch/
Q109913872,,,2017,https://unhar.ac.id
Q1672093,,,1984,
Q7894464,,,2004,
Q23216911,,,1977,https://lasustech.edu.ng/
Q30297334,,,1989,
Q129343255,,,2018,
Q30260826,,,2011,
Q4496116,120,,1833,
Q125497471,,,2017,https://www.seiyunu.edu.ye
Q109912904,,,2005,https://www.nhm.ac.id
Q6480889,,,1953,
Q328274,4156,,1886,https://hs-flensburg.de/
Q71525224,,,2019,https://fdk.ac.id/
Q30267735,,,1957,
Q43895519,,,,
Q3551694,,,2007,https://uasz.sn
Q30293813,,,,
Q97959277,,,1980,
Q6146207,1147,,1883,https://www.uj.edu
Q5019140,,,1939,https://www.caldwell.edu
Q1622228,,,1993,
Q14957004,,,2002,https://www.jnujaipur.ac.in
Q29002771,,,,
Q7802030,,,1921,
Q4796674,,,2010,
Q1074084,,,1909,
Q4271071,,,1939,
Q31725695,,,2013,
Q3687233,,,1914,
Q20647464,1523,,2015,https://iittp.ac.in
Q487613,,,1993,
Q486156,26650,,1811,https://www.uio.no
Q617446,9500,,1999,https://www.unifg.it
Q7675882,,,2003,
Q140907989,,,1992,https://gdchvja.in
Q140876247,,,1980,https://en.oerp.ir
Q41497730,,,2017,https://www.sandipuniversity.edu.in/sijoul
Q1324082,5600,,1988,
Q109911658,,,2003,https://www.jakarta.sae.edu
Q50040733,,,2009,
Q5917819,,,1986,https://www.cancun.tecnm.mx/
Q7038662,,,2001,
Q141195419,,,2004,https://www.maic.edu.my
Q935246,,,1949,
Q122909985,,,2003,
Q6424312,,,1963,
Q13632376,,,1956,
Q19744808,,,1984,https://ummy.ac.id
Q30262957,,,,
Q141195495,,,,
Q5010211,,,1986,https://www.cecos.edu.pk/
Q11494287,,,1986,
Q7894283,,,1976,
Q7896241,,,1977,
Q875138,16237,,1994,https://www.htw-berlin.de/
Q468181,742,,1856,
Q74433552,,,,
Q832550,,,1938,
Q18625950,,,,
Q5363873,1881,,1899,https://www.etown.edu/
Q109919475,,,2015,https://inais.ac.id/site
Q254204,,,1919,https://www.nankai.edu.cn/
Q57987995,,,2013,
Q7590249,,,1840,
Q16902336,,,1991,https://www.uttt.edu.mx/
Q7049922,,,2008,
Q838330,45540,,1848,https://wisc.edu
Q11440085,,,2021,https://www.ompu.ac.jp/
Q771827,,,1919,
Q109913249,,,2003,https://stai.darul-hikmah.com/
Q21843380,,,1949,
Q20110165,,,1989,
Q10872892,,,1980,
Q141194292,,,,https://latihan.tani.sabah.gov.my
Q754656,43022,,1970,https://www.athabascau.ca
Q18286571,,,1995,https://www.21.edu.ar/
Q3578449,,,1974,
Q46996953,,,1952,
Q123512449,,,2007,
Q105626517,,,2000,https://stimsukmamedan.ac.id/
Q6082280,,,1984,
Q30294547,,,,
Q7267904,,,1977,
Q6360819,1662,,2014,
Q134524045,,,1996,https://itn.buet.ac.bd/web/
Q720304,,,2003,
Q7289847,,,1957,
Q5579429,272,,1944,
Q681025,32347,,1846,https://www.buffalo.edu/
Q6974928,9031,,1924,
Q30257743,,,1996,https://www.chiep.ru/rus/
Q138460607,,,2018,https://nit.edu.krd
Q7399281,8028,,1963,https://www.svsu.edu/
Q138655039,,,2005,https://www.qmul.ac.uk/blizard/
Q135738550,,,2016,https://simc.edu.pk
Q25514525,,,,https://samdaqu.edu.uz
Q523926,,,1904,https://www.rada.ac.uk/
Q109912324,,,2016,https://www.stibada.ac.id
Q12523288,,,1983,https://www.uvayabjm.ac.id
Q5221341,2171,,1946,
Q141193742,,,,
Q135398183,,,,https://eea.edu.mx
Q16935555,,,2012,https://www.mvn.edu.in
Q5290735,1724,,1952,https://www.duny.edu/
Q1811567,4898,,1901,https://www.swosu.edu/
Q650935,973,,1876,https://www.uscga.edu/
Q97176180,,,,
Q17109279,,,2008,
Q152838,31619,,1734,https://www.uni-goettingen.de/
Q1085749,,,1854,https://www.scusd.edu/
Q14723925,,,,
Q7842579,362,,1974,
Q30293999,,,,
Q777403,15449,,1853,https://washu.edu/
Q30293704,,,,
Q12471233,,,2014,https://www.atk.ac.id
Q30293858,,,,
Q126208856,,,2001,
Q138828706,,,1992,https://www.acscpalus.edu.in/
Q3577670,,,1971,https://www.ehtp.ac.ma/ar/
Q1493008,5000,,1888,
Q67179981,,,2009,https://www.stikes-yogyakarta.ac.id
Q2303527,5057,,1993,https://www.unite.it
Q16891977,,,2012,
Q18417027,,,2013,
Q30294037,,,,
Q109913742,,,,https://stt-indonesia.ac.id
Q6974033,,,1999,https://www.nlujodhpur.ac.in
Q141193763,,,1986,https://ftms.edu.my
Q30263390,,,1987,
Q316595,1669,,1984,
Q16892811,,,1995,
Q4587760,,,1896,
Q30266518,,,1973,
Q2983611,,,,
Q67179846,,,2000,https://stieparapi.ac.id
Q2032536,,,1627,https://www.urbaniana.va/it.html
Q13418852,,,,
Q4281441,9000,,1972,https://marsu.ru/en/
Q6979259,22565,,1973,https://www.unlu.edu.ar/
Q816377,4577,,1919,https://www.bemidjistate.edu/
Q30293928,,,,
Q123032800,,,,https://essatla.pt
Q5225745,,,1963,
Q4585397,,,1784,
Q5158997,1165,,1963,https://cuaa.edu
Q6026037,,,1949,https://www.unai.edu
Q109913576,,,,https://www.sttberitahidup.ac.id
Q30263527,,,2006,
Q638859,1454,,1852,https://oakland.northeastern.edu/
Q1073674,33741,,1998,https://www.unimib.it
Q83831881,,,2020,
Q2096524,,,1984,https://www.ulster.ac.uk/
Q6130118,,,1945,
Q6694542,,,1925,
Q30258084,,,1977,
Q4243514,29000,,1920,https://inter.kubsu.ru/
Q632558,,,1920,
Q3577898,,,1969,
Q105627165,,,,https://www.sttbaptis-medan.ac.id
Q30288114,,,,
Q56393491,,,,https://stigmalang.blogspot.com/
Q30257935,,,,
Q30293810,,,,
Q6693401,2325,,1934,
Q5241825,738,,1904,https://www.dewv.edu/
Q4857819,,,1994,
Q30294367,,,,
Q25536880,,,1931,
Q104855273,,,2002,https://dsust.edu.ng/
Q6452182,,,1884,https://www.kyoto-phu.ac.jp/
Q782116,18169,,1957,
Q30294449,,,,
Q30263387,,,,
Q4071693,6500,,1918,
Q12513127,,,2018,https://itny.ac.id
Q7896708,,,1993,
Q60775836,,,2016,https://www.mbsc.edu.sa/
Q5051594,,,,https://www.catawbaschools.net/
Q3578178,,,1927,
Q5461540,,,1972,https://www.fosbirds.org/
Q5091337,,,1951,https://english.cuit.edu.cn/
Q19856238,,,,
Q129343652,,,2021,
Q8025153,3653,,1896,https://www.wingate.edu
Q30257459,,,1994,https://zuiep.ru/
Q6974078,,,1955,
Q30260466,,,1993,
Q18467869,,,1988,
Q718352,3922,,1997,
Q2496195,,,1953,
Q17030711,,,1975,
Q12523473,,,1981,https://www.untad.ac.id
Q6156443,,,1997,
Q25051576,,,1952,
Q7895616,,,1955,
Q7390581,,,1991,
Q109912925,,,2010,https://akperkesdam-padang.ac.id
Q4302548,,,1962,
Q1438058,,,1964,
Q4304099,,,1919,
Q4496332,,,1816,
Q61931351,,,1980,
Q6884449,,,1965,
Q1201052,,,1760,
Q129343647,,,1976,
Q7497627,,,1991,
Q12760368,,,2007,
Q4905091,1892,,1962,
Q30294114,,,,
Q25043205,,,1984,
Q10279368,,,,
Q109921157,,,2018,https://www.unugo.ac.id/
Q109913704,,,,https://www.stpi-bim.ac.id
Q30257610,,,,
Q3124195,7349,,1851,
Q5208202,,,1997,
Q12523283,,,2005,
Q5324195,,,2000,
Q849611,90885,,1983,
Q6979234,15686,,1972,https://www.unca.edu.ar/
Q7057266,,,1960,
Q30280394,,,1983,
Q140907831,,,1989,
Q17070306,,,1983,https://web.ssu.ac.ir
Q6800835,2931,,1867,
Q11467043,,,1873,
Q30271650,,,2009,
Q129342932,,,2022,
Q1814883,,,2001,
Q131428147,,,,https://citta.fe.up.pt
Q99298186,,,,
Q30257312,,,1992,
Q255898,,,1957,
Q7586268,,,1988,
Q597835,,,1933,https://www.jamd.ac.il
Q4930299,965,,1922,https://www.bluefield.edu/
Q141194550,,,2013,https://vnuk.udn.vn
Q7896464,,,1987,
Q608234,49557,,1851,https://www.pps.net
Q1287034,,,1925,https://tf.hu/
Q136448421,,,2019,https://www.drgmch.ac.in
Q123512530,,,2003,https://ipdc.edu.tl
Q30260603,,,1996,
Q30644802,,,2017,https://www.iiitbhopal.ac.in
Q6454746,,,1992,
Q109912711,,,2017,https://stisdafabondowoso.ac.id
Q12523310,,,1990,https://www.ciputra.ac.id/
Q74434914,,,,
Q1568237,22115,,1971,https://www.nu.edu
Q10739162,2410,,1987,
Q130882932,,,2021,https://www.city-of-portsmouth-college.ac.uk
Q1259137,,,1965,
Q135095077,,,,https://catedraunesco.ulusofona.pt
Q864855,36489,,1885,https://gatech.edu
Q100955854,,,2005,https://plasmauniversity.net/
Q13021127,,,1968,https://www.rtncn.ac.th
Q6879118,2096,,1926,
Q30257225,,,,
Q41567867,,,1951,
Q109913296,,,2001,
Q626804,,,1943,https://mahidol.ac.th/
Q30270331,,,,
Q835185,,,1927,https://shmc.fudan.edu.cn/
Q2559100,,,1996,
Q19892762,,,2013,
Q4855392,,,2008,
Q11040557,,,2001,https://www.unisbank.ac.id
Q6879708,5045,,1937,
Q489708,,,1956,
Q496536,,,1949,
Q30267090,,,1979,
Q111431888,,,1944,
Q2580954,,,1995,
Q7494352,,,1948,
Q3367016,,,1982,
Q22079793,328,,2014,https://aul.edu.ng/
Q5644389,,,1991,
Q141195016,,,1992,https://www.kv-matang.com
Q109563777,,,2014,https://aknacehbarat.ac.id/
Q5841184,,,,
Q56143,,,1946,
Q3630445,,,1941,https://www.dtu.ac.in
Q30294770,,,2009,https://www.undova.ac.id
Q1256618,,,2000,
Q5637071,,,1971,
Q42309838,,,,https://www.aku.edu/Pages/home.aspx
Q134716511,,,2019,
Q20388659,,,1987,https://dubaipolice.ac.ae/dpacademy/
Q9380872,,,1992,
Q758659,,,2000,https://www.aut.ac.nz/
Q4689862,,,1995,https://www.ame.edu.lr/
Q1539129,12176,,1863,https://www.meijigakuin.ac.jp/
Q6165966,,,1964,https://www.jnkvv.org
Q10387814,,,1991,
Q30293894,,,,
Q4813523,3063,,1822,https://www.athens.edu/
Q6015903,,,2005,
Q21523975,,,2015,https://www.alanya.edu.tr/
Q6156339,,,1993,https://www.anahuac.mx/xalapa/
Q39980,,,1948,
Q30266550,,,2011,
Q4917719,,,2003,
Q7926650,,,1925,
Q2399303,7300,,1965,https://tu.kielce.pl/
Q139408006,,,1992,https://www.hiett.edu.ly
Q119857274,,,2015,
Q6554657,4956,,1966,https://www.linnbenton.edu
Q1467657,35700,,1930,https://eng.istu.edu/
Q15932879,,,2003,
Q6911396,8731,,2010,
Q3010009,,,1968,https://www.cegepsl.qc.ca/
Q20610029,,,,
Q2822455,,,1711,
Q3152566,700,,1991,
Q139771255,,,,https://www.iu.de/campus/nuernberg/
Q136351946,,,2013,https://www.nutritional-psychology.org
Q4824005,,,2004,
Q3139537,3087,,1954,
Q11604080,,,1964,
Q10909227,,,1987,https://www.nyist.edu.cn
Q48856654,,,,
Q12617079,,,1993,
Q16953056,965,,2009,
Q7896707,,,1904,
Q6932767,,,1989,
Q4735687,,,1988,
Q129343344,,,2023,
Q4846198,,,2009,
Q392667,8789,,1834,https://wfu.edu
Q4683339,,,1998,
Q3578434,2850,,1899,https://www.bsb-education.cn/
Q14715133,3365,,1969,
Q7899804,,,1946,
Q604470,,,1901,https://www.sdu.edu.cn/
Q6967013,7064,,1970,
Q109919761,,,,https://www.sttaw.ac.id
Q30294023,,,,
Q1809949,5700,,1969,https://www.lut.fi/
Q109912798,,,2016,https://www.iaingawi.ac.id
Q7896109,,,1976,
Q18914717,,,,
Q15921549,,,1999,
Q4706362,,,1964,https://igu.org.ua
Q25469612,,,2014,https://kampusmelayu.ac.id
Q723646,,,1963,https://www.btu.bg/index.php/bg/
Q6792426,,,1998,https://manuu.edu.in/
Q7894433,,,1998,
Q4570168,,,1907,
Q12602305,,,2001,
Q7074230,7313,,1969,https://www.oakton.edu/
Q20981310,,,2012,
Q7568841,,,2007,
Q9380830,,,1990,https://www.akademiapolicji.edu.pl
Q1513804,15000,,1934,https://satbayev.university
Q10983460,,,2010,
Q3308581,,,1974,https://www.pcci.edu/
Q4767797,,,1997,
Q141194995,,,,https://www.msucollege.edu.my
Q4062778,,,1975,https://energo.university/
Q11272217,,,1983,
Q6088707,,,2008,
Q59386762,,,,https://www.hunimed.eu
Q30259201,,,1993,
Q7755183,,,1946,
Q141194733,,,1966,
Q30257697,,,1996,
Q1150105,30559,,1794,https://www.utk.edu/
Q69525298,,,2014,
Q16198436,,,,
Q110714219,,,,
Q19744794,,,1986,https://www.unikaro.id/
Q17109722,,,,
Q12114553,,,1992,
Q6424347,,,1950,https://www.yg.kobe-wu.ac.jp/jc/
Q6471760,,,,https://www.mylpsd.com/
Q2426655,,,1948,https://knlu.edu.ua
Q12677586,,,2008,https://vtdko.lt/
Q300980,12000,,2010,https://www.aalto.fi/
Q7983088,,,1984,https://www.wzu.edu.cn/
Q16307022,,,,
Q2905597,5250,,1918,
Q5675151,,,1947,https://www.hartpury.ac.uk/
Q5474369,,,2000,
Q1987532,,,2003,
Q7571284,4154,,1947,
Q5461269,160,,1976,
Q7365454,,,,
Q12158687,,,1924,https://sspu.edu.ua/
Q30257755,,,1935,https://uyrgii.ru/
Q7569317,,,1966,https://www.secta.us/
Q136663798,,,,
Q120355491,,,2023,https://miva.university/
Q19378132,,,,https://www.krus.no/
Q11060347,,,1978,https://english.czu.cn/
Q6712644,,,1936,
Q18109451,,,2010,https://rntu.ac.in
Q30253849,,,,
Q2983626,,,1930,
Q7896551,,,2001,
Q30257538,,,1995,
Q61931635,,,2005,
Q7896005,,,1978,
Q4802849,2217,,1946,https://www.kobe-cufs.ac.jp/english/index.html
Q7813375,,,1988,
Q6747337,,,1945,
Q7894508,,,2009,
Q697289,5057,,1899,
Q30263664,,,1828,
Q28231439,,,1982,
Q1638914,,,1969,https://www.univ-bangui.org/
Q1743431,11000,,1992,https://www.krsu.edu.kg/
Q815352,585,,1857,
Q5169343,,,1982,https://www.coquitlamcollege.com/
Q10302792,,,,
Q85822328,,,2006,
Q109292857,,,2021,https://itkm-wch.ac.id/
Q30296375,,,1935,
Q16543748,,,1867,
Q3551849,,,1999,
Q11415210,,,1983,
Q16992127,,,2013,
Q30261219,,,1990,
Q1134192,482,,1914,
Q3682959,,,1956,https://www.rca.edu/
Q30265707,,,,
Q131428104,,,2013,https://utzinacantepec.edomex.gob.mx
Q10387857,,,1988,https://unip.br/
Q6973737,,,2010,
Q2124886,4680,,1945,https://www.roosevelt.edu/
Q1496654,45314,,1973,https://www.gantep.edu.tr/
Q104864453,,,2017,
Q7312455,41,,2005,
Q7896548,,,2005,
Q7912012,1676,,1889,
Q4614615,,,1927,
Q7896176,,,1962,
Q7895088,,,2006,
Q1665112,2500,,1985,https://www.insa-rouen.fr
Q7771618,,,1999,https://www.vsfs.cz/en/
Q30257577,,,,
Q1054816,,,1804,
Q2788956,,,1987,
Q109911652,,,2020,
Q219615,64236,,1842,https://web.ub.edu/web/ub/
Q2418908,38972,,1921,
Q7415523,,,1955,https://www.usd.ac.id
Q7987876,147866,,1997,
Q11481051,,,1941,
Q6705732,145,,1962,https://lstc.edu/
Q6102296,,,1960,
Q109911878,,,,https://www.staialfalahbjb.ac.id
Q140870626,,,1955,https://klscollege.ac.in
Q5641272,,,1996,
Q19460085,,,2002,
Q30257734,,,,https://tvgsha.ru/
Q369629,,,1981,https://su.edu.krd/
Q10841229,,,,
Q773986,,,1990,
Q15928983,,,1958,
Q16959870,,,2005,
Q134251077,,,,https://www.tjamcaas.ac.ir
Q125761860,,,1997,
Q201603,35604,,1965,https://www.sfu.ca/
Q109913936,,,2020,https://untara.ac.id/
Q3578432,2043,,1919,https://www.esc-clermont.fr/
Q5526723,,,,
Q28726216,,,,
Q4791874,1271,,,
Q19741367,,,1974,https://stkip.ypup.ac.id
Q138460473,,,2025,https://gicbes.com
Q109913721,,,2017,
Q1357891,3483,,1800,https://www.middlebury.edu/
Q6082195,,,2002,
Q7692493,,,2001,
Q4521759,,,1969,
Q30266470,,,2004,
Q30286404,,,,
Q16476428,,,1989,
Q916902,6213,,1947,https://www.teu.ac.jp
Q5115137,,,1947,https://www.chuhai.edu.hk/
Q4318615,,,1927,
Q25455140,,,2009,https://www.patria-artha.ac.id
Q2171012,,,1505,
Q3678632,15513,,1946,https://www.citytech.cuny.edu
Q5304333,,,1924,
Q7498329,,,1881,
Q90571432,,,,
Q2159219,1653,,1850,https://www.iwu.edu/
Q6699877,,,1993,
Q109910751,,,2004,https://www.stikessorong.ac.id
Q7590451,,,2009,
Q109913945,,,2001,https://www.piksiinputserang.ac.id
Q5397366,,,1960,https://epge.fgv.br/
Q14692660,,,1970,
Q55454171,,,1981,
Q82267,,,1985,
Q30287128,,,,
Q5363875,5850,,2004,
Q3273657,,,1966,
Q109911848,,,2020,https://unival.ac.id
Q648688,,,2000,
Q513622,487,,1973,
Q20751518,,,2003,
Q19732720,,,1974,https://stihtb.ac.id
Q133811422,,,2019,https://www.aiu.edu.kw
Q16433797,,,,
Q5146807,,,,
Q26258536,,,2016,https://www.brainwareuniversity.ac.in
Q97307347,,,2000,https://www.sttibontang.ac.id/
Q6955645,,,2005,
Q7442749,,,1976,https://uns.ac.id
Q136222229,,,2025,https://newgateuniversityminna.edu.ng
Q30293757,,,,
Q24947570,,,1997,
Q27156930,,,2014,
Q7980210,,,1978,
Q28206778,,,1985,
Q3551499,,,1864,https://www.unisob.na.it
Q29126968,,,,
Q3578188,,,1971,
Q684775,3731,,1995,https://www.mci.edu/
Q1572147,,,1986,
Q875466,22,,2010,
Q6425572,,,1949,
Q7896765,,,1908,
Q4941153,,,1976,
Q136663544,,,,https://cecav.pt
Q3348933,,,1835,https://www.medicalcollegekolkata.in
Q138860205,,,2015,https://cugw.tg
Q19731018,,,2011,https://poltekkesbanten.ac.id
Q7894274,,,1976,https://www.uic.mx/
Q19744774,,,1996,https://www.ugr.ac.id
Q12523386,,,1982,https://www.unmuhjember.ac.id
Q30314108,,,2012,
Q129342778,,,2021,
Q52662329,,,,
Q12688192,,,,
Q109919684,,,1996,https://www.stiemifdasubang.ac.id
Q138460573,,,2017,https://www.pbs-education.cz
Q30263702,,,1972,
Q11426270,,,1965,https://www.josai.ac.jp/
Q7589871,,,1877,
Q7459940,,,1952,
Q7570388,,,2007,
Q22060938,,,1983,
Q109315661,,,2004,https://www.stikesalifah.ac.id
Q5108793,,,1866,
Q30293764,,,,
Q30294806,,,,
Q30257167,,,,
Q5350875,20418,,1947,
Q7419896,16757,,1918,
Q3360617,,,1940,
Q3630909,,,1954,
Q124251916,,,2010,
Q2092392,11650,,1850,
Q2495682,,,1976,https://uatx.mx/
Q4127435,,,1931,
Q20459464,,,,
Q59536187,,,2007,https://www.blueberryacademy.co.uk
Q56583004,,,,https://www6.bordeaux-aquitaine.inra.fr/st_pee_eng/UR-NuMeA
Q141195710,,,1998,https://www.kolejlegenda.edu.my
Q5390556,4076,,2009,https://www.untdf.edu.ar/
Q5905299,,,,https://www.horrycountyschools.net/
Q6972380,,,1956,
Q109923162,,,2021,
Q125450769,,,2022,https://www.mbust.edu.np
Q11081082,,,1985,
Q123421732,,,2020,https://custech.edu.ng/
Q7984071,,,1946,
Q2693497,2331,,1987,
Q127415623,,,,
Q111423631,,,,https://www.ulcb.edu.pe/
Q7813868,,,1890,https://www.tdc.ac.jp/
Q136663427,,,2000,https://istciudaddevalencia.ec
Q245247,18630,,1829,https://kcl.ac.uk/
Q52849320,,,1979,
Q525169,46443,,1896,https://en.sjtu.edu.cn/
Q11179254,,,1958,
Q11568314,,,1948,
Q5407033,,,1924,
Q130537800,,,,https://www.iscedouro.pt
Q10302499,,,1909,
Q6733517,,,1948,
Q1796042,,,1898,
Q30297147,,,1998,
Q6983313,2791,,1924,
Q3543973,,,1963,
Q141195449,,,2012,https://www.pmtg.edu.my
Q28971334,,,,https://www.europe.umuc.edu/
Q131428251,,,,https://thanhdong.edu.vn
Q1812621,,,1988,https://finis.cl/
Q48730873,,,2017,https://sbu.ac.in
Q7074956,,,1923,
Q28159581,,,2015,
Q5440476,,,1909,
Q10771889,,,,
Q32287,1634,,1973,
Q11445222,,,2005,https://horyujikokusai-hs.e-net.nara.jp
Q1150245,,,1949,https://www.kyutech.ac.jp/
Q489488,,,1952,https://www.cnu.ac.kr/
Q5638944,,,1968,
Q109913764,,,2000,
Q19745909,,,1973,https://itp.ac.id/
Q6553672,1741,,1858,https://www.linfield.edu/
Q12632683,,,2006,
Q9371182,,,2000,
Q6733430,,,1987,https://mdsuajmer.ac.in
Q55697456,,,1979,
Q7243360,,,2002,
Q65292790,,,2015,
Q30257630,,,1991,
Q5102091,,,1998,
Q6040514,,,1990,
Q5613647,,,2003,https://www.gdust.edu.cn/
Q30274289,,,2015,https://www.dpsru.edu.in
Q104870498,,,2020,https://rrgu.in
Q4892248,,,1949,https://www.bca.ac.uk/
Q7446560,,,1920,
Q6206881,,,1950,
Q3151916,,,1936,
Q5948787,,,1998,
Q1535007,,,2002,
Q5268746,,,1994,https://www.dnmc.edu.bd/
Q5006166,,,1900,
Q3633121,,,1984,
Q20552085,,,2015,https://www.durguniversity.ac.in
Q7580812,,,,
Q6682369,15957,,1949,https://lavc.edu/
Q66587451,,,2018,https://dbuas.de/
Q5974512,,,1981,
Q7496504,,,1950,
Q649578,,,2003,
Q131294856,,,1995,https://monicaherrera.edu.sv
Q129342745,,,2022,
Q6410885,,,1901,
Q4097540,,,1930,
Q1800537,295,,1846,
Q36188,10366,,1889,https://www.unifr.ch
Q6979265,23688,,1980,https://www.unp.edu.ar/
Q52162263,,,2018,
Q11691331,,,2001,
Q1872233,45274,,,
Q5432602,,,1902,
Q7603611,,,1963,
Q5328214,,,2006,
Q7419214,12525,,1909,https://sbcc.edu
Q30257157,,,,
Q1448536,467,,2004,
Q8055402,652,,1890,https://www.york.edu/
Q1604022,,,1902,
Q12236075,,,1990,
Q7717418,,,2007,
Q28517224,,,,
Q149990,11741,,1850,https://www.rochester.edu/
Q4475298,6000,,1844,
Q1523902,40000,,1860,
Q30678342,,,1977,https://fcesoyo.edu.ng/
Q30288236,,,,
Q138655144,,,2010,https://dypsom.com
Q141194011,,,2010,https://tla.edu.sg
Q6470528,,,1997,
Q11472737,,,1951,
Q5595336,,,1966,
Q24882941,,,2015,
Q12511297,,,1973,https://www.stie-mce.ac.id
Q4114399,,,2012,
Q6505063,,,,https://www.lawtonps.org/
Q115806099,,,2018,https://saiuniversity.edu.in
Q2963340,347484,,,https://www.cps.edu/
Q5177637,,,1968,
Q539682,,,1994,
Q52848839,,,,
Q52664711,,,,
Q4960619,2813,,1878,
Q30257236,,,2002,https://wsge.edu.pl/
Q1233544,5240,,2001,https://www.hdm-stuttgart.de
Q30294072,,,,
Q4816964,,,2003,https://www.kinran.ac.jp/
Q4712830,,,1891,https://www.aps.edu/
Q24887199,,,2014,
Q5396521,,,2002,
Q56654256,,,,
Q6082251,,,1993,
Q6448661,,,1981,
Q141194369,,,2002,
Q5108941,,,1969,
Q7057734,,,1912,
Q56348864,,,,
Q4538874,6468,,1944,
Q4475796,,,1949,
Q6914108,,,1971,
Q2093794,2516,,1861,https://www.vassar.edu/
Q1376705,,,2002,https://gchumanrights.org/
Q5642495,,,1998,
Q6905297,,,1972,
Q3551642,2178,,1846,https://www.mountunion.edu/
Q129343657,,,2023,
Q3551631,,,1923,https://www.meisei-u.ac.jp/
Q7895095,,,1981,
Q587503,,,1917,https://www.seijo.ac.jp/
Q3551692,,,1993,
Q174335,3002,,1949,https://www.enac.fr
Q111431866,,,2002,https://www.pmu.ac.at/
Q7590237,,,1953,
Q124882,,,1999,https://en.itu.dk
Q20977975,,,2019,https://www.esic.edu
Q7378040,,,1990,
Q141195667,,,,https://kvkluang.edu.my
Q141195021,,,2012,https://cityacademy.edu.my
Q109913432,,,2017,
Q30259111,,,,
Q6035479,,,1960,
Q8045301,,,2002,https://www.xzit.edu.cn/
Q14715866,2504,,1948,
Q99285466,,,,https://www.amu.edu.my/
Q30263370,,,1980,https://www.actcm.edu/
Q7570024,,,1970,
Q74343,9344,,1878,
Q1544384,696,,1973,https://rncm.ac.uk
Q56849262,,,1991,https://www.muwi-detmold-paderborn.de
Q89533336,,,2003,
Q30297435,,,,
Q141194504,,,1982,
Q5470652,,,1873,
Q702482,12773,,1975,https://www.uni-bayreuth.de/
Q10302641,,,1979,
Q30294368,,,,
Q1564236,,,2003,
Q6030601,,,1990,
Q1566634,,,2003,
Q30257428,,,1997,
Q7579810,,,,
Q11667381,,,1910,
Q21190683,,,2015,
Q1053944,,,1905,
Q522187,,,1992,https://www.savonia.fi/en/homepage/
Q1487403,,,1945,
Q135095471,,,,https://www.fhuc.unl.edu.ar/cesil/
Q109912275,,,2020,https://www.pradita.ac.id
Q30285859,,,,
Q11508724,,,1953,
Q1202716,,,1850,
Q19730729,,,2015,https://buddhidharma.ac.id
Q30264614,,,2000,
Q5149615,,,1955,
Q7089954,,,1986,
Q12742869,,,,
Q25450310,,,2010,https://www.uomus.edu.iq/
Q17053532,,,2012,
Q127415595,,,,https://uiix.edu.mx
Q4703454,,,2004,
Q30288315,,,,
Q16092668,,,1966,https://www.gtec.ac.kr/cn/index.do
Q6478788,5331,,1967,
Q4059261,,,1929,https://а.мвд.рф/
Q161982,33132,,1477,https://www.uni-mainz.de/
Q52843695,,,1956,
Q3429270,,,1898,
Q16734102,,,2007,
Q4407708,,,1886,https://etu.ru/
Q97955848,,,1982,
Q6020615,,,2007,
Q7978693,812,,1927,https://www.webber.edu/
Q20110175,,,,
Q7894279,,,2009,
Q469446,,,1969,
Q890548,,,2013,https://cst.ur.ac.rw
Q61915113,,,2010,
Q134524022,,,1995,https://www.unambro.it/html/index.html
Q29016368,,,2017,
Q7520479,,,2007,
Q109912265,,,2009,https://stikesyahyabima.ac.id
Q109913283,,,2003,https://www.staihascikarang.ac.id
Q108532352,,,2021,https://www.mgug.ac.in
Q19747206,,,2021,https://politeknik-kebumen.ac.id
Q6126046,,,1961,
Q18378045,,,2012,https://mnsuet.edu.pk
Q7375001,,,1949,
Q7267800,,,1992,
Q138654928,,,,https://udn.edu.kz
Q6979224,11595,,1995,https://www.unpa.edu.ar/
Q5328416,2741,,1970,
Q16250182,,,2011,
Q6004695,,,1963,
Q61128838,,,,
Q4119550,,,2005,
Q6363574,2245,,1966,
Q1477368,,,1949,
Q10669701,,,,
Q133811827,,,2022,https://www.testament.sch.ng
Q623828,,,1993,
Q7421115,,,1906,
Q137759473,,,2002,https://ssdc.ac.in
Q7267335,,,1992,
Q7533758,,,1926,
Q6965447,,,1924,
Q107476839,,,1977,https://wufpbk.edu.ng/index/
Q30263367,,,1966,
Q6088590,,,2006,
Q672436,,,1978,https://www.upn.mx
Q138460674,,,2021,https://fcegm.edu.ng
Q17034947,125,,1979,
Q652280,,,1930,
Q5895140,,,2001,
Q131876902,,,2024,https://alnaji-uni.edu.iq
Q135739378,,,2003,https://schs.edu.bd
Q28777051,,,1974,https://www.itconkal.edu.mx/
Q6158290,,,1941,https://www.rctoyota.ac.jp/
Q5044906,,,1990,https://www.cutofnova.org
Q3302123,,,2005,
Q59535473,,,,https://dutchartinstitute.eu/
Q109913110,,,1995,https://www.stieyasaanggana.ac.id
Q1165215,7848,,1965,
Q19731003,,,1987,https://www.pnl.ac.id
Q24956933,,,,
Q129343601,,,2023,
Q4750013,,,1999,
Q3551629,,,1991,
Q109912564,,,2017,https://stitmadani.ac.id
Q1053985,26000,,1992,https://www.cqu.edu.au/
Q809633,16097,,1919,
Q3695750,7242,,1854,https://www.salemstate.edu/
Q3551733,,,2011,
Q834857,,,1929,https://www.cqu.edu.cn
Q7568278,4665,,1962,
Q119982204,,,,https://esgee-oran.dz/
Q98949152,,,1965,https://tkmcas.ac.in/
Q30294252,,,,
Q11509189,,,1996,
Q5175230,14667,,1970,
Q3345335,,,1996,
Q834082,,,1971,https://www.hksyu.edu
Q5956466,,,1992,
Q3357563,,,2000,
Q108737169,,,2000,
Q30293799,,,,
Q109913690,,,2014,https://stisasabanga.ac.id
Q24952343,,,2016,
Q19747826,,,,
Q17083708,,,1885,
Q141194106,,,,
Q6041585,,,1976,
Q4195890,11000,,1945,
Q6424307,,,1928,https://www.kobe-du.ac.jp/
Q7209801,,,2006,
Q135095291,,,1976,https://cider.uniandes.edu.co
Q51735914,,,2011,
Q11494290,,,1973,
Q30294371,,,,https://edhh.ma/
Q1430113,8082,,1971,
Q6156442,,,1995,
Q27621,26000,,1724,
Q12688194,,,,
Q8066450,,,1996,
Q109913171,,,2003,https://www.sttdumai.ac.id
Q135983352,,,2018,https://simecinstitute.edu.bd
Q12523457,,,2002,https://www.serambimekkah.ac.id
Q30263517,,,1998,
Q13211646,,,1974,
Q109913547,,,2011,
Q7895814,,,1971,
Q29901623,,,2009,
Q7494336,,,1952,
Q7758687,,,1982,
Q127745,11300,,1996,https://enu.kz/
Q7896149,,,1963,
Q30289144,,,1972,https://www.uillinois.edu/campuses/rockford
Q4376232,,,1991,
Q1377302,9438,,2003,https://www.euro-fh.de/
Q135398267,,,2007,https://bstmanagement.in
Q20984308,,,,https://vinhuni.edu.vn/
Q1209029,10849,,1873,https://www.shinshu-u.ac.jp/
Q16724348,,,2003,
Q3046238,,,2013,
Q7232664,,,1640,
Q153987,23938,,1457,https://uni-freiburg.de/
Q10302634,,,1980,https://politecnicoguarda.pt/
Q86678508,,,1998,https://kosstu.edu.kz/
Q141194103,,,2016,https://www.kolejspace.edu.my
Q1489002,,,1979,
Q12204403,,,2008,
Q5055033,,,2004,https://www.cavendishza.org/
Q30294822,,,,
Q13018786,,,,
Q104480466,,,2017,https://miu.ac.ug/
Q5917875,,,1938,
Q3152042,,,1957,https://www.isit-paris.fr/
Q85884485,,,2020,https://shizuoka-norin-u.ac.jp/twoyears/
Q378134,40000,,1970,https://uclouvain.be/
Q5617466,,,1957,https://www.gulfcoast.edu/
Q6919048,,,1921,
Q66424102,,,2002,https://www.tia.ac.tz
Q24907953,,,2012,
Q45132291,,,,https://www.eug.es/
Q3953227,,,1957,https://sna.gov.it
Q7402055,,,1946,
Q29511793,,,,
Q482737,,,1946,https://www.kosin.ac.kr
Q16924584,,,1984,
Q7060193,,,1980,
Q5588720,,,,
Q2096604,,,1965,https://sharif.ir
Q7975912,4062,,1908,
Q6155017,,,1812,https://www.unanleon.edu.ni/
Q11684709,,,1992,
Q482683,,,1946,
Q4213688,,,1950,
Q30262774,,,,
Q31519,49508,,1348,https://cuni.cz
Q30294512,,,1986,
Q6082651,,,2004,https://iunajaf.edu.iq
Q1026827,1422,,1961,https://calarts.edu/
Q119496124,,,2022,
Q5140993,1368,,1923,
Q30289923,,,,
Q2918165,,,2001,
Q4208086,10000,,1957,
Q7330738,,,1972,
Q1375986,7227,,1949,https://www.gifu-u.ac.jp/
Q30941599,,,,
Q4874546,30000,,1930,https://bgu.ru/chi/
Q5195645,,,1999,https://www.curtin.edu.my/
Q132496974,,,,
Q202952,6849,,1867,
Q121408943,,,,
Q12636756,,,2007,https://www.mev.hr
Q109921348,,,2014,
Q7895109,3710,,1925,
Q2909288,,,1971,https://www.achva.ac.il/
Q11509367,,,1951,https://www.jec.ac.jp/
Q106916672,,,2007,
Q1233542,,,1962,
Q30257685,,,,
Q16309416,,,1951,https://www.srcollege.edu.in/
Q30263309,,,1945,
Q484900,,,1993,https://www.gist.ac.kr/en/main.html
Q20181523,5040,,2012,
Q10855238,,,1963,
Q19573661,,,1974,
Q131906454,,,,
Q30257749,,,1992,https://mosinyaz-gaudeamus.ru/
Q74527428,,,,
Q3551602,,,2004,
Q503424,,,1904,https://leeds.ac.uk/
Q5428837,,,1993,
Q29052446,,,,
Q131252,18504,,1890,https://uchicago.edu/
Q141195750,,,1948,
Q123296439,,,2020,https://imol.institute
Q17035686,,,1981,
Q30264914,,,1985,
Q30257556,,,1948,
Q1736344,4030,,1971,
Q30266542,,,2009,
Q3025301,2000,,1712,
Q16850737,,,2010,
Q5288576,,,1964,
Q1641740,,,1921,
Q125761931,,,2004,https://www.clavijero.edu.mx
Q51882866,,,2018,https://ufcat.edu.br/
Q131428197,,,2017,https://bedfordcollegegroup.ac.uk
Q16499874,,,1958,
Q43895275,,,1948,
Q134318220,,,1996,https://www.northern.am
Q18484203,,,1968,
Q4849468,159,,1990,
Q100523633,,,,
Q3518660,,,,
Q5168473,,,1922,https://hrs.dk/
Q17025083,,,1956,https://www.gxtcmu.edu.cn/
Q7141202,,,2015,https://www.paruluniversity.ac.in
Q137796055,,,2005,https://ss-adamic.com
Q15060585,,,,
Q28136908,,,2005,https://www.ktech.edu.kw/
Q3510757,,,1875,
Q77968258,,,,https://rustaq.cas.edu.om/
Q29177670,,,,
Q6156519,,,2010,
Q5710291,,,,
Q141195374,,,,https://www.tesdec.edu.my
Q569528,233,,2002,https://esmt.berlin/
Q5999555,,,1985,
Q4476757,,,1970,https://www.uralgufk.ru/
Q55697549,,,1956,
Q3551525,,,1957,
Q1148210,6179,,1949,https://www.tottori-u.ac.jp/en/
Q6317490,31773,,1973,https://www.unju.edu.ar/
Q65063780,,,2016,
Q4513545,,,1916,
Q7915553,,,1999,
Q317032,37473,,1965,https://www.hhu.de/
Q8778313,,,1895,https://www.ocps.net/
Q998857,,,1993,
Q2333801,9000,,1953,
Q2496010,500,,1991,
Q18354909,,,1977,
Q7427529,,,1967,https://www.saurashtrauniversity.edu
Q7894272,,,,
Q7894266,,,,
Q4875952,,,2012,
Q5015257,526,,1942,https://www.carolinashealthcare.org/education/cabarrus-college-of-health-sciences
Q7842863,1454,,1950,
Q125019643,,,1999,https://dhltu.edu.gh
Q4782984,,,1886,
Q24932979,,,2015,https://www.flame.edu.in
Q140907811,,,2002,https://stainusantara.ac.id
Q7636401,1701,,1962,
Q6054165,,,1978,
Q109911913,,,2020,https://www.ummikha.ac.id
Q118399297,,,,https://www.gov.br/crcnne/
Q1373549,,,1985,https://media.mit.edu
Q30263283,,,2010,
Q4701234,,,2005,
Q141194193,,,2005,https://academy.help.edu.my
Q17067883,,,2000,
Q2210297,,,1997,https://www.iuasr.nl
Q6082263,,,1985,
Q12513089,,,2011,https://www.undhirabali.ac.id
Q30286980,,,,
Q12073707,,,1997,
Q7785494,,,2002,https://www.tvu.edu.in
Q774609,1652,,1987,https://www.santannapisa.it
Q510029,13719,,1924,https://www.birzeit.edu
Q7896309,,,2001,
Q12523305,,,1993,https://www.binadarma.ac.id
Q61082653,,,2009,https://ipgm.moe.edu.my
Q130499,5480,,1974,
Q6005644,22154,,1981,https://www.imsuonline.edu.ng/
Q7894643,6767,,1990,
Q4304031,,,1930,
Q28221491,,,2015,
Q9380727,,,1997,https://www.wsb.gorzow.pl/
Q79048705,,,2019,https://mbzuai.ac.ae
Q6550897,,,,
Q5188888,,,1943,
Q3243730,3180,,1955,https://www.byuh.edu/
Q7238933,,,2007,
Q30293766,,,,
Q30266465,,,1967,
Q7969774,978,,1968,
Q11471338,,,1963,
Q30263914,,,1998,
Q17033012,5742,,1970,
Q29052364,,,,
Q85744513,,,2018,https://www.bestiu.edu.in
Q7060343,3278,,1951,https://www.nmc.edu/
Q1707654,,,2003,
Q1114087,,,,
Q17022142,,,1967,
Q30267475,,,1962,
Q135739053,,,2010,https://www.iksadinstitute.org
Q30273299,,,,https://firuzkuh.iau.ir/
Q12236173,903,,1955,https://www.hmc.edu
Q17039460,,,2004,
Q28954530,,,,
Q30265692,,,2008,
Q6537301,,,2012,
Q106412122,,,1987,https://www.wtmc.eu/
Q141195648,,,1966,https://yala.ac.th
Q10387654,,,1969,
Q5200436,,,,
Q41765,,,1931,https://konkuk.ac.kr
Q3083280,,,1942,
Q835972,978,,1973,
Q8069719,,,1920,
Q30294517,,,,
Q129527756,,,2022,https://mlugalilee.edu.ng/apply/
Q15935155,,,1998,https://www.szcu.edu.cn/
Q130882612,,,1974,https://barakaagricollege.ac.ke
Q30267701,,,1951,
Q7335662,816,,1851,
Q986462,,,1947,
Q1784861,,,1971,https://www.uwcsea.edu.sg
Q15910098,,,1984,
Q6192690,,,1958,
Q7260302,,,1997,https://www.ptu.ac.in
Q478948,,,1996,https://yeditepe.edu.tr/en
Q4682076,7584,,1896,https://www.adelphi.edu
Q8070611,,,1970,
Q128123085,,,,https://www.utrc.edu.mx
Q5286494,2281,,1872,
Q630461,,,1872,
Q6082270,,,1988,
Q7813914,,,1934,
Q5507643,,,1855,https://www.fujishima-h.ed.jp/
Q111534346,,,2021,
Q5425312,,,1946,
Q8053355,,,,
Q130314579,,,2005,https://kerichopoly.ac.ke
Q7089955,,,1912,
Q1954777,,,1987,
Q16964372,,,2008,
Q135095479,,,2017,https://amch.ac.in
Q617433,22850,,1870,https://www.syracuse.edu
Q1477551,,,1875,
Q4881146,,,1978,
Q5186451,,,2000,https://www.cristoreynetwork.org/
Q140571,,,1993,
Q109913079,,,1990,https://www.stitmubo.ac.id
Q30263450,,,,
Q3624015,,,1999,
Q12511320,,,,https://www.stkipbanten.ac.id
Q30294186,,,1966,
Q141195068,,,1986,
Q600634,,,1931,https://www.pucrs.br/
Q7695037,,,1990,
Q2496421,,,1794,https://www.unimedizin-greifswald.de
Q7579152,1239,,1959,
Q3551659,,,2001,
Q7419201,,,1969,
Q7105596,,,1873,https://www2.osaka-c.ed.jp/kitano/
Q1165458,28609,,1990,https://www.unbc.ca/
Q109913565,,,2015,
Q12180089,,,1995,https://sha.edu.eg/
Q19610523,,,2013,
Q11735734,,,1998,
Q127415616,,,2013,https://newuni.edu.ge
Q6393490,,,2010,
Q30283029,,,1986,https://www.clinimmsoc.org/
Q19840472,,,2008,
Q721115,,,1997,https://mu.edu.so/
Q30283969,,,1998,
Q10387921,,,,
Q43895765,,,1994,https://assetinc.org/
Q10829177,,,2007,https://giadinh.edu.vn
Q109911446,,,,https://staiydi.ac.id
Q30294084,,,,
Q1558586,,,1909,https://www.hanken.fi
Q16983311,337,,2012,
Q137408956,,,2022,https://www.openchristian.education
Q55239052,,,,
Q1061122,75431,,1863,https://www.massachusetts.edu/
Q16644557,,,,
Q109913765,,,1999,https://stia-lk-dumai.ac.id
Q7589480,,,1967,
Q140466953,,,2018,https://zamzam.edu.sd
Q5088071,,,1970,https://www.hau.ac.in
Q10387818,,,,
Q7976147,,,,
Q109913140,,,2011,https://www.akimba.ac.id
Q4302550,24290,,1931,https://mrsu.ru/ru/
Q1471879,23000,,1924,
Q21029695,,,1996,https://www.esith.ac.ma
Q7418295,,,1898,
Q30293892,,,,
Q137204468,,,2018,https://wsnsb.edu.pl
Q3551554,14016,,1896,https://www.tarleton.edu
Q30283876,,,1870,
Q1641536,,,1961,
Q7572993,1596,,1814,https://spalding.edu/
Q7398962,,,1949,
Q913861,36334,,1897,https://www.sdsu.edu/
Q7894999,,,2008,
Q140493957,,,1957,
Q6038966,,,2004,
Q7813295,,,1939,
Q30267015,,,,
Q30294191,,,,
Q7489123,,,1919,
Q7009456,,,2005,https://www.minshar.org.il/
Q138860040,,,2024,https://www.apsb.edu.eu
Q5947801,,,,
Q4824832,,,1992,
Q1346473,,,1911,https://univcan.ca
Q178008,,,1654,
Q30259114,,,1995,
Q11815244,,,1999,https://mazowiecka.edu.pl/
Q30257669,,,,
Q25468023,,,2016,https://universitaspertamina.ac.id
Q11684710,,,1922,
Q138860538,,,2004,https://www.bci.qmul.ac.uk
Q45133960,,,,
Q6413895,,,1904,
Q791593,,,1907,
Q1745633,24225,,1992,https://www.herts.ac.uk/
Q111431899,,,,
Q17056178,,,2013,
Q3551472,1440,,2015,
Q140689476,,,2019,https://tagorecop.ac.in
Q10279685,,,1914,
Q3247727,,,1968,https://www.miamioh.edu/global-initiatives/education-abroad/mudec/
Q30288724,,,,
Q11043900,,,,
Q5588983,,,1947,
Q469399,7500,,1985,
Q16976759,,,2013,https://www.krmangalam.edu.in
Q93662,2540,,1858,
Q7195772,,,1977,
Q109911455,,,2014,https://www.habi.ac.id
Q1622159,238,,2011,
Q30263025,,,2003,
Q5527871,,,2008,
Q28715284,,,2011,https://aspu.edu.sy/site/arabic/index.php
Q4701750,,,2006,
Q4883417,,,1876,
Q4841812,,,1996,
Q139618267,,,,https://www.aeres.nl
Q47778890,,,1898,https://fih.fjellhaug.no/
Q30293652,,,2006,
Q109912405,,,2020,https://iainsorong.ac.id/
Q133811186,,,2005,https://uiet.edu.mx
Q51736099,,,2010,
Q5493930,,,1985,
Q30297332,,,2010,
Q137943533,,,1921,https://dgenyfp.edomex.gob.mx
Q1619447,24455,,1990,
Q133812165,,,,https://www.phsg.ch/de/institute/institut-mathematische-naturwissenschaftliche-und-technische-bildung
Q2121637,,,1946,https://bsu-uni.edu.az
Q7055897,,,1952,https://nlu.ac.in
Q75639,10454,,1965,
Q5461600,3413,,1883,
Q5448276,,,1904,
Q30263582,,,1715,
Q5288571,,,1826,https://www.doho.ac.jp/
Q2645880,1755,,1923,
Q12701147,,,,
Q5887074,4209,,1946,https://www.hcc.edu/
Q4778668,,,1946,
Q1045828,,,1963,https://www.uea.ac.uk/
Q30286700,,,,
Q11838159,,,1994,
Q2207696,486,,2006,https://www.srh-university.de/de/unsere-standorte/gera/
Q7611422,,,1964,
Q16821658,,,2002,
Q30253689,,,,
Q7894351,,,1962,https://www.univa.mx
Q3577712,,,1963,
Q135738621,,,2019,https://stalwartuniversityinstitute.com
Q6385293,,,1967,
Q30257651,,,1994,
Q138655017,,,1975,https://www.cefyt.edu.ar
Q482654,,,1901,
Q3551478,,,1990,
Q135398230,,,,
Q7924402,,,2007,
Q7196741,,,1981,
Q4397941,,,1992,
Q8012588,,,1976,
Q5062174,2314,,1925,
Q85764152,,,2018,
Q64143293,,,,https://www.ncitec.msstate.edu/
Q17070764,,,2003,
Q7896311,,,2004,https://www.sus.ac.in
Q43147119,,,1991,
Q854280,14278,,1827,https://www.kth.se
Q11503072,,,1939,
Q6792425,,,1960,
Q24401,,,1904,
Q7895613,,,2002,
Q109911454,,,,
Q5431182,318,,,
Q751612,2977,,1938,
Q7859526,,,2011,
Q6492933,1428,,1851,
Q129343514,,,2022,
Q2728666,,,2004,
Q195668,16000,,1882,https://qmul.ac.uk
Q10274491,,,,
Q624090,14479,,1910,https://www.usm.edu/
Q5654434,,,1951,
Q141195362,,,,https://kkkepalabatas.mypolycc.edu.my/v1/
Q4878606,,,1994,
Q30266002,,,1993,
Q6998614,,,1986,
Q18127108,,,,
Q139901,29566,,1899,
Q2254240,11700,,1997,
Q9091546,11285,,1925,https://www.lattc.edu/
Q131428115,,,2013,https://impact.ac.in
Q16359696,,,,https://tbu.edu.al/
Q10869680,,,1956,https://www.ecut.edu.cn/
Q126208810,,,1982,https://uteco.edu.do
Q138655099,,,1981,https://www.coalpetrography.com/blog1/
Q1997776,267,,2007,
Q2320013,,,1968,
Q11959672,6265,,1893,https://aurora.edu
Q7813278,,,1964,https://college.toho.ac.jp/
Q2303621,,,1867,https://bostonconservatory.berklee.edu
Q7896503,,,2002,
Q788592,,,1974,https://www.loyolaparis.fr
Q2409878,,,2008,
Q52850591,,,1987,
Q14957119,,,,
Q109912093,,,2015,https://www.sties-rijan.ac.id
Q5146873,,,1894,
Q5330584,,,1979,
Q5649320,,,1956,https://www.vnam.edu.vn/
Q140907348,,,1968,https://www.relc.org.sg
Q702486,11564,,1473,https://www.uni-trier.de/
Q6896481,5115,,1955,https://www.molloy.edu/
Q5053267,,,1960,
Q3128591,,,1964,https://www.hetsl.ch
Q18354922,12000,,2011,
Q6671405,,,1988,
Q25468833,,,2023,
Q11456527,,,1913,
Q4827404,,,1975,https://www.rmlau.ac.in
Q52850817,,,1951,https://www.cqvie.edu.cn/
Q137365800,,,,
Q30294369,,,,
Q590201,20442,,1969,https://www.ut-capitole.fr/
Q1834882,,,2006,
Q5771323,,,1967,https://www.hue.ac.jp/
Q7591912,1779,,1952,https://www.stac.edu/
Q1318081,14511,,2001,https://www.hs-niederrhein.de/
Q156598,33474,,1575,https://www.universiteitleiden.nl/
Q109913603,,,2017,https://iai-darussalam.ac.id
Q1026912,16746,,1887,
Q109912211,,,1992,https://ukitoraja.ac.id
Q48725356,,,1964,
Q30289158,,,,
Q273496,,,1890,
Q12486121,,,2017,https://www.radenintan.ac.id
Q6383857,,,1988,
Q3547527,,,1952,
Q139771373,,,,https://kimtr.ac.ke
Q3554590,,,1970,https://www.vaniercollege.qc.ca/
Q4361450,,,1967,
Q4412485,6000,,1931,
Q7645281,,,1987,https://www.ppns.ac.id
Q13626002,,,1945,https://garwarecollege.mespune.in/
Q125761893,,,,https://nxy.ztu.edu.cn/sypt/tmlszzyjggcyjzx.htm
Q16713601,,,1851,https://hdzva.edu.ua
Q74432414,,,,
Q117405691,,,2013,https://www.unincol.edu.co
Q4544733,,,,
Q7458174,1580,,1967,https://sccc.edu/
Q113801870,,,1999,https://www.kias.edu.my/
Q133810808,,,2024,https://abudhabi.iitd.ac.in
Q3128577,,,,
Q7928229,,,1981,https://www.vidyasagar.ac.in
Q3152469,,,,
Q17019687,,,,https://www.luas.edu.cn/
Q104866738,,,1987,https://www.fcetasaba.edu.ng
Q109912120,,,1976,
Q230899,,,1824,https://manchester.ac.uk
Q1061981,3249,,1900,https://www.tsuda.ac.jp/
Q16643792,,,1989,
Q109912629,,,2020,
Q17068553,,,1952,
Q50040274,,,1951,
Q1629255,18000,,1963,
Q3551728,,,2000,
Q61931760,,,1975,https://www.nsedu.org/
Q7635127,,,1905,
Q135398270,,,,
Q61801485,,,2011,https://www.lead.ac.in
Q6041359,,,2006,
Q6933030,,,2007,
Q30294053,,,,
Q5547599,7501,,1879,
Q30266166,,,1910,
Q30293745,,,,
Q135738677,,,1979,https://isceem.edomex.gob.mx
Q19600073,,,2003,
Q10947002,,,1915,
Q16306401,,,,https://www.bcnnv.ac.th
Q129277626,,,1896,https://eauedoyo.edu.ng/
Q109913217,,,2018,https://www.universitasbumigora.ac.id
Q7488484,,,1960,https://global.sou.edu.cn/
Q109912736,,,2017,https://pib.ac.id/id/
Q15926307,,,2003,
Q7320383,419,,2009,https://www.rhemauniversity.edu.ng/
Q5053268,,,1961,https://www.ucsm.edu.pe/
Q7228043,,,1969,
Q28223293,,,1939,
Q140532917,,,2007,https://ajkcas.ac.in
Q178200,10000,,1991,
Q24939254,,,2007,
Q30293852,,,,
Q3273896,,,2001,
Q4112332,,,1924,
Q7128512,,,1893,
Q137204539,,,2016,https://graduate.edu.mn
Q1328372,4144,,1897,https://www.tufs.ac.jp/
Q109912515,,,,https://www.sttkharisma.ac.id
Q131921611,,,2021,https://www.gdiist.cn/
Q30294614,,,1964,
Q25104234,,,2012,
Q4929509,1292,,1962,
Q109912843,,,2000,https://www.stiepemuda.ac.id
Q1629432,,,1957,
Q191230,,,,https://www.uni-bremen.de/zemki
Q6651407,113,,1996,
Q109913105,,,,https://www.stitdukotabaru.ac.id
Q4824003,,,1983,
Q7034297,,,1918,
Q60764316,,,2011,
Q6658359,,,2013,
Q19646433,,,1969,
Q6778997,1715,,1842,https://marybaldwin.edu
Q141195672,,,,https://www.unitar.my
Q106412094,,,1995,https://www.plaas.org.za/
Q5693965,,,2006,
Q17345988,,,2002,
Q1236136,,,1925,https://www.uniba.it
Q109439246,,,2018,https://calvin.ac.id/
Q1423960,38000,,1974,https://www.openu.ac.il
Q97234971,,,2018,https://www.polbangtan-gowa.ac.id
Q6810439,,,1933,
Q59536852,,,,
Q12712163,,,2008,
Q1130457,,,1919,https://vgik.info
Q109912793,,,2000,https://www.bentarapersada.ac.id
Q52844401,,,,https://www.southingtonschools.org/
Q2992101,2257,,1926,https://www.concordia.edu/
Q124251946,,,2013,https://www.aaaenggcoll.ac.in
Q56841008,,,,
Q30289390,,,1967,https://ocul.on.ca
Q3604034,,,1967,https://www.abarc.it
Q11124490,,,2013,
Q140876607,,,,https://www.win.edu.au
Q1587312,20000,,1975,https://unibl.org/
Q17227905,,,,https://www.osaka-c.ed.jp/
Q5507693,,,1975,
Q4314963,17000,,1997,
Q100955838,,,1967,
Q12067802,,,2004,
Q28738366,,,,
Q5095141,,,1966,
Q30257646,,,,
Q30294127,,,,
Q30293973,,,,
Q30266500,,,1974,
Q12523371,,,1986,https://www.unilak.ac.id
Q11825912,,,1999,
Q7894377,,,1982,
Q11347692,,,1950,https://www.lasalle.ed.jp/
Q132803385,,,2019,https://bimi.edu.kg
Q11061979,,,1974,
Q5777922,,,1974,https://sanru.ac.ir/
Q18484166,,,1966,
Q25679951,,,,
Q6070524,,,2009,
Q30294145,,,,
Q6082275,,,1988,
Q4948167,,,1993,https://www.buacademy.org/
Q4653605,,,2010,
Q368820,,,1808,https://sanpietroamajella.it
Q15903840,,,1958,
Q109913049,,,1965,https://www.apmd.ac.id
Q141193961,,,1984,https://www.scciob.edu.sg
Q12523463,,,1986,https://www.unsimar.ac.id
Q109911509,,,2002,https://www.bodhidharma.ac.id
Q129342911,,,2021,
Q7707466,8525,,1969,
Q2653975,1200,,1797,https://www.hartwick.edu/
Q646842,50715,,1991,https://www.apus.edu
Q5777009,,,1946,
Q7896319,,,1959,
Q133811915,,,1883,https://www.acknowledgeeducation.edu.au
Q14594755,,,2010,https://almamater.at/
Q4129920,,,1989,https://samas.no
Q109919510,,,1999,https://www.stiekop.ac.id
Q8032437,,,,
Q30263420,,,1970,
Q12609509,,,,
Q5688765,,,1997,
Q30257519,,,1995,
Q5484518,27344,,1956,https://www.uns.edu.ar/
Q7894536,,,2005,https://www.ucanwest.ca/
Q2399293,,,1964,
Q11046075,,,1992,
Q5913556,,,1993,
Q52855088,,,1992,
Q7986928,1645,,1895,
Q7168983,,,2003,
Q30265236,,,,
Q110868205,,,,https://hmcrs.org/
Q109913899,,,2001,https://www.stibaiec.ac.id
Q123125135,74000,,2026,https://adelaide.edu.au/
Q7036988,,,1990,
Q4737977,2560,,1958,https://alvernia.bkstr.com/
Q18484147,,,1958,
Q43896594,,,1996,
Q7414732,,,1955,
Q22933983,,,2014,
Q6801015,,,,
Q11172979,,,,
Q7293769,,,1984,https://rwi.lu.se/
Q7813622,,,1909,
Q135095417,,,2020,https://uzjtsiti.uz
Q1800493,,,,
Q5555283,,,,https://www.lbschools.net/
Q2175735,,,2004,
Q4705048,,,1994,
Q7092215,5129,,1975,
Q7894380,,,1967,https://www.ufs.br/
Q725198,1505,,2002,
Q3551407,,,2005,
Q109913352,,,2018,https://www.polbangtanmanokwari.ac.id
Q11494231,,,2023,https://www.mito-hs.jp/
Q4304319,50000,,1995,
Q136663784,,,1989,https://ioriente.iscsp.ulisboa.pt/index.php/pt/
Q137920454,,,,https://gwfo.ca/index.php
Q937482,,,2006,https://edgehill.ac.uk/
Q1667283,289,,2011,
Q12061371,8101,,1949,
Q138610799,,,2000,
Q5592017,,,2006,https://kaishi.ac.jp/
Q258943,21594,,1908,
Q30257238,,,1995,
Q140869843,,,2024,https://www.ukm.qa
Q12443996,,,2006,
Q5588792,,,1958,
Q30257199,,,1999,
Q2001798,,,1954,https://shirazu.ac.ir
Q7419211,,,1888,
Q16954019,,,2013,
Q29642371,,,,
Q7496506,,,1956,
Q118875200,,,,https://www.sanisidoro.net/
Q30267127,,,2009,
Q46996969,,,,
Q780301,,,1963,
Q30294328,,,,
Q30263368,,,1966,
Q6415889,12277,,,
Q13633787,,,1992,https://www.dsma.edu.mm/
Q109913714,,,2013,https://www.poltekpel-sby.ac.id
Q109912973,,,1986,
Q30267688,,,1977,https://www.pen-kanagawa.ed.jp/odawara-sh/
Q7651156,,,1994,
Q5620461,,,1935,
Q6431663,,,1997,
Q49165,1971,,1821,https://www.amherst.edu/
Q138654962,,,,https://alc.edu.in
Q179781,,,1955,
Q1325968,,,1872,
Q30294035,,,,
Q140351368,,,1998,https://inspire-utc.mst.edu
Q855730,42782,,1917,https://www.chula.ac.th/
Q141195135,,,2024,https://www.uhsvnu.edu.vn
Q12130717,5300,,1995,
Q140868773,,,1994,https://www.klekipt.edu.in
Q25093926,,,1861,
Q136352035,,,2023,https://www.ciar-mali.edu.ml
Q5042180,,,1954,
Q30263493,,,2002,
Q106809261,,,2004,https://uswim.ac.id
Q4372693,,,1988,https://www.hu.nl/
Q30294347,,,,
Q10829106,,,1970,
Q12788702,,,,
Q11551067,,,1931,
Q3803694,,,1997,
Q6049076,,,2005,
Q16892668,,,1989,
Q6714568,,,2003,https://www.matsuniversity.ac.in
Q6413788,,,1945,
Q98080882,,,2006,https://www.stpsahidsolo.ac.id
Q766145,23389,,1876,
Q140352165,,,2000,https://sudamericanoquito.edu.ec
Q6367779,,,2010,https://www.ksbl.edu.pk/
Q6087225,,,1960,
Q1026932,26745,,1947,https://www.calstatela.edu/
Q109911676,,,2023,https://poltekkesmu.ac.id
Q17110774,,,2007,
Q743615,16684,,1973,https://www.tsukuba.ac.jp/
Q30294727,,,1991,
Q30898360,,,,https://liceocannizzaropalermo.edu.it/
Q7449539,16298,,1965,
Q109919430,,,1999,https://stie.muliadarma.ac.id/
Q7910651,45949,,1967,
Q7313558,,,1942,
Q2340018,,,1991,https://www.ucv.edu.pe
Q17018727,,,1973,
Q10829018,,,,
Q4741376,1103,,1971,
Q109913763,,,1986,https://stiesemarang.ac.id
Q1412194,,,1911,https://www.ine.pt/
Q7941707,368,,1897,
Q129342782,,,2022,
Q134250861,,,,https://www.ua.pt/pt/esan
Q3551613,,,2005,https://ku.edu.so/
Q43895339,,,1967,https://www.edgecombe.edu/
Q1782724,10335,,1907,
Q4032,38007,,1970,https://www.univ-lyon1.fr/
Q50040766,,,1963,
Q131920922,,,2013,https://libphys.pt/
Q6156401,,,,
Q3551684,,,1987,
Q5038488,,,2011,
Q7589504,,,2006,
Q414219,1613,,1692,https://www.akbild.ac.at/
Q5547063,,,2005,https://www.qatar.georgetown.edu/
Q107565787,,,2018,https://www.osc.uni-muenchen.de/index.html
Q4701497,,,,
Q4564494,1584,,1856,https://www.albright.edu/home/
Q1063665,15118,,1919,https://www.vse.cz/
Q3115667,,,1958,https://www.usal.edu.ar/
Q10302490,,,1909,
Q136663716,,,,https://cemri.uab.pt
Q140908131,,,2024,https://tbu.ac.id
Q30263960,,,1910,
Q7449718,,,1975,
Q6156490,,,2008,https://www.unir.net
Q97252767,,,2009,
Q7404818,8124,,1925,https://www.salisbury.edu/
Q6978823,5105,,1917,
Q106777486,,,2000,https://nbmc.ac.bd/
Q30257652,,,1954,
Q135095269,,,,https://catedra-alberto-benveniste.org
Q6174695,,,1950,
Q135398356,,,,https://www.asdrp.org
Q1817686,29580,,1887,
Q1667493,,,1992,
Q13416137,,,1919,
Q11512508,,,1962,https://www.akashi.ac.jp/
Q30262981,,,2006,
Q1887879,10068,,1855,https://www.usfca.edu/
Q11384723,351,,1917,
Q22101003,,,,https://www.lynu.edu.cn
Q1665236,,,1946,
Q10302837,,,2005,https://www.ium.pt/
Q2597842,,,2006,https://www.eru.edu.eg
Q11815242,,,2001,https://pans.nysa.pl/
Q15179381,,,2012,
Q30289080,,,,
Q2031051,12370,,1916,
Q140045562,,,,https://khpcto.co.uk/
Q16895874,,,2008,
Q18358232,,,2005,https://sssu.ac.in
Q17008973,1153,,1906,https://lcuniversity.edu/
Q12513053,,,2020,https://iakn-toraja.ac.id/
Q109912690,,,1992,https://www.stp-aviasi.ac.id
Q917874,,,1918,https://www.abo.fi/
Q10302703,,,1999,
Q122154885,,,,https://www.parnassiagroep.nl
Q6044727,,,1961,
Q104480456,,,2010,https://virtualuni.ac.ug/
Q3604036,,,1989,
Q30293966,,,,
Q109912012,,,2006,
Q5756235,5781,,1924,https://www.highpoint.edu
Q104480461,,,2009,https://mchrc.srmtrichy.edu.in/
Q1487242,445,,1947,https://www.hfmsaar.de/
Q141195078,,,,https://www.unitar.my/our-locations/kuala-terengganu/
Q3797974,,,1985,
Q3577829,,,1992,
Q18844652,,,1996,
Q7895514,,,2000,https://www.uhe.ac.jp/
Q137943923,,,2016,https://labgeot.uns.edu.ar
Q22045587,5000,,2002,
Q52857497,,,1990,
Q2428356,,,1931,https://www.tsue.uz
Q2748208,,,1973,
Q2557355,,,1963,
Q20426860,,,2014,https://unida.gontor.ac.id/
Q3551577,,,1839,https://www.chi.ac.uk/
Q5551021,,,1991,https://www.gmi.edu.my
Q19708176,,,2015,
Q129343659,,,2023,
Q7896199,,,1991,
Q104881135,,,2020,https://www.mguwb.org.in
Q7111021,2771,,1895,https://www.ollusa.edu/
Q135398237,,,,https://coou.edu.ng/igbariam-campus/
Q1340262,1015,,1810,
Q4782996,124,,1939,
Q961982,,,1954,
Q100452192,,,2016,
Q7060000,101,,1982,
Q109913861,,,2003,https://www.insan-unggul.ac.id
Q30294061,,,,
Q7405883,27293,,1948,
Q135739051,,,2007,https://dkuniversity.us
Q8052219,,,1991,
Q5030654,,,2006,
Q1109093,1955,,1866,
Q30273072,,,1996,
Q835744,,,1993,
Q30294138,,,1999,https://www.uisrael.edu.ec/
Q7738914,,,1917,
Q5163126,,,2001,
Q4922670,516,,1837,https://blackburn.edu/
Q30263418,,,1916,
Q30264913,,,1996,
Q25471072,,,2018,https://www.umitra.ac.id
Q12523370,,,1995,https://unilaki.ac.id/
Q3128594,,,,https://www.condorcet.be/
Q136663836,,,,https://lacm.fade.up.pt
Q140907628,,,1989,https://staiyaptip.ac.id
Q104861908,,,2000,https://icbt.lk
Q19744827,,,1979,https://upb.ac.id
Q5640011,,,1885,
Q5454775,1419,,1903,https://www.fisher.edu/
Q6203536,,,1942,
Q10286293,,,,
Q53579046,,,,
Q1708838,,,1979,https://www.uoc.cw
Q5476651,,,1932,
Q3578236,,,1982,
Q5139562,,,2003,https://www.cockcroft.ac.uk/
Q11947429,,,2004,
Q50036126,,,1957,
Q108737288,,,1995,https://www.fiib.edu.in/
Q3666590,,,2005,
Q5055813,,,1946,
Q3578210,,,1973,
Q138860227,,,1984,https://colpue.edu.mx
Q109911769,,,2019,https://pepi.ac.id
Q12601315,,,1954,https://www.sjs.ac.kr/ht_ml_eng/main/index.php
Q30293822,,,,
Q3551820,,,1959,
Q1097182,,,1992,https://www.humanities.edu.mn/
Q12968012,,,,https://lemerycolleges.edu.ph
Q6942984,,,2004,
Q129344189,,,2024,
Q30263681,,,1959,https://www.akad.de/
Q6185114,,,1995,
Q83513320,,,1990,
Q5509647,,,,
Q84151,25000,,1834,https://knu.ua/
Q3551399,,,2002,
Q9726328,,,,
Q125522674,,,2017,
Q7877423,,,1967,
Q30294263,,,1998,
Q11815225,,,2001,
Q125450771,,,,https://uac.ac.id
Q130537832,,,,https://www.islagaia.pt
Q6048175,,,2003,
Q11090835,,,2000,https://www.qjnu.edu.cn/
Q141195048,,,1996,https://www.dasein.edu.my
Q85837875,,,2012,
Q14706210,170,,2004,
Q30253889,,,,
Q13027435,,,,
Q2579702,,,1955,https://jadavpuruniversity.in
Q25212541,,,1991,
Q6964345,,,1912,https://www.ntu.edu.cn/
Q10829150,,,1945,
Q16306394,,,,
Q141195413,,,2002,https://www.lithan.com
Q109911849,,,2014,https://sttimanuelpacet.ac.id
Q30294451,,,,
Q30269550,,,,
Q7894342,,,1970,
Q5350976,,,1966,
Q7235043,,,1991,https://potomac.edu/
Q2809940,3550,,1885,https://springfield.edu/
Q11406207,,,1900,
Q30263730,,,2008,
Q89533302,,,1999,
Q5248849,,,1984,
Q3244385,,,1956,
Q131894396,,,2019,https://assb.edu.rs
Q7774336,,,1951,
Q129343049,,,2022,
Q1186786,,,1887,
Q5193865,,,2019,
Q5071743,,,1946,
Q12601247,,,2002,
Q19456983,,,2012,
Q7894335,,,,https://www.ux.edu.mx
Q6720522,,,1999,
Q30259512,,,,
Q74527518,,,,https://ensap.sld.cu/
Q1975564,8000,,1930,
Q141194277,,,,https://www.msucollege.edu.my
Q30253677,,,,
Q110235875,,,,
Q141195147,,,,https://www.gim.edu.my
Q134359499,,,2011,https://adsm.ac.ae/
Q42417604,16,,1983,
Q2005698,,,1991,https://www.pac.by
Q640652,27772,,1890,
Q25632677,,,,https://monos.edu.mn
Q2860268,2100,,1986,https://www.viaa.nl/
Q24232007,,,1973,https://kwarastatepolytechnic.edu.ng/
Q1964642,22000,,1925,https://www.knu.kg/ru/
Q12511264,,,2022,
Q4744937,,,1988,
Q286744,,,1969,https://www.udem.edu.mx/en
Q5955959,,,1999,
Q2383950,,,2003,
Q21573163,,,1975,
Q1516259,1420,,1973,https://www.kunstuni-linz.at/
Q17013222,,,1960,
Q7587073,,,1979,
Q12185346,,,2002,
Q6747552,1449,,1860,https://www.manchester.edu/
Q781404,,,1976,
Q17078286,,,2002,
Q30263023,,,2001,
Q11494332,,,1976,
Q30294493,,,,
Q1026925,42051,,1957,https://www.fullerton.edu/
Q16255327,3849,,2001,https://bowen.edu.ng/
Q30263312,,,1974,
Q141194267,,,1956,https://www.ikma.edu.my
Q4860912,,,1970,
Q19855981,,,1941,
Q4762731,,,1966,
Q7419513,3459,,1983,https://sfcc.edu
Q60756486,,,2005,https://lldims.edu.in
Q11375031,,,1920,
Q16866504,,,2004,https://www.gxufe.edu.cn/
Q5210213,,,1995,
Q6406863,5100,,1935,
Q3578506,,,1925,https://www.estaca.fr
Q1476484,12753,,1891,https://ncat.edu
Q18467864,,,2007,
Q4115450,,,2007,
Q19744801,,,1964,https://unkhair.ac.id
Q30254139,,,2001,
Q504723,17805,,1972,https://www.uni-siegen.de/
Q11503042,,,1901,
Q127415613,,,,https://cst-kh.edu.ps
Q7896347,,,1979,https://www.usa.edu/about/our-campuses/st-augustine-fl/
Q109913912,,,2018,
Q5685070,5042,,1966,https://www.hawkeyecollege.edu/
Q7102854,,,1995,
Q30294093,,,,
Q138460590,,,,https://prim.univ-tours.fr
Q130882670,,,1991,https://www.lasallenoroeste.edu.mx
Q50038190,,,1982,
Q1497583,,,1999,
Q109913144,,,2017,https://stisharsyi.ac.id
Q6156465,,,1987,https://ugma.terna.net/
Q7896147,,,1963,
Q96020131,,,2017,https://gmu.edu.in
Q124845616,,,2021,https://tdaunukus.uz
Q30294130,,,,
Q4304067,,,1930,
Q1730032,453,,1856,
Q1030191,,,2002,
Q28790470,,,,
Q29388735,,,1993,https://imb.by/
Q7895316,,,1993,
Q7800212,,,1980,
Q4406337,6000,,1927,
Q19747209,,,2012,
Q1024426,51853,,1801,https://sc.edu/
Q30253860,,,,
Q21574119,,,2013,
Q141195527,,,,https://kkbaganserai.mypolycc.edu.my
Q4700270,,,1981,
Q18786156,1086,,2012,https://innopolis.university/
Q6156404,,,1957,https://www.ucsf.edu.ar/
Q129343213,,,2022,
Q1098106,9520,,1964,https://utm.md/
Q135738577,,,1969,https://www.paidafrica.org/paidwa/
Q28419170,,,,
Q25461110,,,2008,
Q1056373,1451,,1857,https://gallaudet.edu
Q109919823,,,,https://stakdiaspora.ac.id
Q52851134,,,2003,
Q10829020,,,1997,
Q140907700,,,2012,https://stikassantoyohanessalib.ac.id
Q11985319,,,1996,
Q14956975,,,2009,https://www.arniuniversity.edu.in
Q19751985,,,1967,
Q7894301,,,1954,
Q5616925,,,1965,
Q6410900,,,1829,
Q6020889,,,1956,
Q10302639,,,1979,
Q7450180,,,1893,
Q30262685,,,1998,
Q135739375,,,2024,https://www.uft.in.ua
Q6082338,,,1997,
Q11493650,,,1909,https://matsuyama-th.esnet.ed.jp/
Q6391436,,,1982,
Q6825055,,,1969,https://www.mccneb.edu/
Q15927405,,,,https://www.tjzj.edu.cn/
Q125761868,,,1960,https://normalatlacomulco.edomex.gob.mx
Q77082342,,,2002,https://www.xnai.edu.cn/
Q30253982,,,2008,https://bldedu.ac.in
Q7125593,,,1957,
Q109913727,,,2014,https://poltekatipdg.ac.id
Q209344,100155,,1303,https://www.uniroma1.it/en/
Q7692494,,,2007,
Q39049981,,,1946,
Q3106542,6200,,1863,
Q6473351,,,1922,
Q4743446,,,1935,https://www.chestnet.org/
Q598841,55000,,1958,https://www.monash.edu/
Q136663908,,,2005,https://www.rahedanesh.ac.ir
Q1814702,,,1965,
Q5430022,,,,https://www.k12northstar.org/
Q112676536,,,,
Q7960000,,,1968,
Q1509484,,,2004,
Q7413244,,,,
Q6168054,,,2006,
Q6405976,,,2009,
Q124845707,,,1999,https://www.dip.de
Q5086816,,,1910,https://www.ciol.org.uk
Q43896044,,,1981,
Q141194723,,,2011,
Q131294869,,,2022,https://compass.engin.umich.edu
Q84081745,,,1999,
Q12130228,,,1918,
Q1726892,,,1916,https://www.sage.edu/
Q2323376,4140,,1961,
Q4583636,,,1899,https://www.apu.edu/
Q109911513,,,,https://sttbaptisjakarta.ac.id
Q7568402,5324,,1970,https://southseattle.edu
Q4395202,6191,,1940,
Q7895615,,,1951,
Q141194818,,,,
Q5151843,,,2006,
Q3551670,,,1994,
Q9380771,,,1997,
Q466455,7925,,1997,https://www.bfh.ch
Q7570535,,,2001,
Q6156882,,,1982,
Q140046085,,,2001,https://www.cbua.es
Q11144979,,,2002,https://www.tsu.edu.cn/
Q3551574,,,1978,https://www.mmsu.edu.ph/
Q6082341,,,1985,
Q12060912,,,1951,
Q2393363,,,,
Q25043443,,,1992,
Q114658267,,,2013,https://zust.edu.so/
Q52236662,,,2018,https://samsun.edu.tr/
Q11654795,,,1918,
Q3443498,2617,,1904,
Q141195557,,,1998,https://www.sidma.edu.my
Q131428150,,,,https://www.cima.ualg.pt
Q50040056,,,1985,
Q3578190,,,1922,
Q61376244,,,2006,
Q38250799,,,2007,https://www.drysrhu.edu.in/index.php
Q3532663,,,2005,
Q56868032,,,1970,https://www.arub.cz
Q2329481,,,1995,
Q1734795,,,1928,
Q4227527,,,1996,
Q129571868,,,2011,https://eubd.edu.ba
Q136663420,,,,https://cied.uminho.pt
Q30282662,,,,
Q30253840,,,,
Q5771242,,,1961,
Q1623675,96,,1880,https://www.th-elstal.de/
Q133812151,,,,https://www.phsg.ch/de/forschung-entwicklung/zentrum-wissenschaftsberatung
Q30263591,,,1980,
Q6423659,,,1875,
Q1622111,8100,,1994,https://www.thi.de/
Q6453153,,,1926,
Q5769100,1110,,1850,https://www.hiram.edu/
Q10952263,,,1949,https://www.ahszu.edu.cn/
Q15987680,,,2010,https://www.paragoniu.edu.kh/
Q141194975,,,,
Q4902926,10544,,1949,
Q77583268,,,2008,
Q5091305,,,1945,
Q129343450,,,2023,
Q6978824,4904,,1895,
Q5919334,9566,,1966,
Q30293795,,,,
Q5316219,,,1948,https://www.itdurango.edu.mx/
Q10274560,,,1954,https://eaesp.fgv.br/
Q12523408,,,1954,
Q2289519,,,,https://orpheusinstituut.be/en/
Q98360466,,,1969,
Q130314502,,,,https://abadan.iau.ir
Q6979257,14222,,1958,https://www.unlpam.edu.ar/
Q12041073,555,,1979,
Q7058046,,,1919,
Q74433080,,,2001,https://www.stiperkutim.ac.id
Q491717,,,1969,
Q7585830,,,2008,https://www.sggswu.edu.in
Q280824,13069,,1956,
Q104870515,,,2019,https://www.swamivivekanandauniversity.ac.in
Q7895893,,,1941,
Q5546575,,,1992,
Q77084014,,,2002,
Q18379267,,,,
Q135738827,,,1978,https://sites.google.com/a/cidexxi.org/cide/home
Q4845464,,,1992,
Q25450382,,,2010,https://alqalam.edu.iq
Q65058031,,,2002,
Q6689312,9955,,1967,
Q136663581,,,,https://isoplexis.uma.pt/gringlobal/search.aspx
Q7894258,,,,
Q6122176,,,1863,https://www.jnu.ac.bd/
Q7895014,20220,,1982,
Q7886376,3071,,1873,https://www.uu.edu/
Q7894521,,,1968,
Q17073944,,,,https://www.umip.ac.pa
Q6875891,,,1940,
Q7895252,9959,,1871,https://www.ucmo.edu/
Q7921585,554,,1922,
Q30293888,,,,
Q5873999,,,1955,
Q19744852,,,1997,
Q135095462,,,1974,https://www.atuss.edu.rs
Q4702404,,,2006,
Q141195184,,,2009,https://iie.smu.edu.sg
Q137294445,,,1988,https://www.maibangdegreecollege.edu.in/
Q15943365,,,2014,https://www.odisee.be/
Q796723,,,1985,
Q7903320,,,2001,https://www.ubkv.ac.in
Q1552757,,,1928,https://english.gxu.edu.cn/
Q3236113,50770,,,https://www.seattleschools.org/
Q11525526,,,1940,
Q1284408,13149,,1925,
Q48975826,,,,
Q5138264,3571,,1957,
Q7842975,,,1990,
Q939175,,,,
Q93966908,,,2008,
Q10387911,,,1993,
Q65051317,,,2019,
Q136448352,,,1887,https://ioga.univ-antananarivo.mg
Q94902,,,1957,
Q109912653,,,2017,https://staimi.ac.id
Q4680095,,,2005,
Q138460435,,,2019,https://www.cachet.sa
Q16916920,,,1990,
Q30266229,,,1964,
Q7446887,,,1992,https://www.seirei.ac.jp/
Q17028087,,,1913,https://usudbury.ca/en/welcome
Q43896046,,,2009,https://www.gxnun.edu.cn/
Q50035932,,,1933,https://www.bvp-sbp.org
Q30293825,,,,
Q109911712,,,2014,https://stitru.ac.id/www.pprusakatiga.sch.id
Q30263441,,,1972,
Q4119675,,,1991,https://www.limkokwing.net
Q2372946,,,2005,https://www.sfi.ch
Q1148782,11098,,1949,https://www.kumamoto-u.ac.jp/
Q6815887,183,,1908,
Q17298593,,,1953,
Q6984754,1212,,1891,
Q116733921,,,,
Q139988490,,,,https://bui.uz/
Q12204512,,,2004,https://www.univ-ghardaia.edu.dz/
Q7454179,,,1984,
Q30265839,,,1994,
Q6364783,5148,,1923,
Q4984567,,,1966,
Q141195148,,,2003,https://www.ytl-ichm.edu.my
Q1031662,,,1996,https://www.campus02.at
Q6981932,,,1945,
Q1339626,,,1936,https://www.newschool.edu/parsons-paris/
Q18109575,,,2001,https://www.ajce.in/
Q6727910,9789,,,
Q7460237,,,2003,
Q11416741,,,1964,
Q4139464,,,1939,
Q109911518,,,2019,https://stikesbrebes.ac.id
Q1091591,,,1939,
Q7976637,4202,,1910,https://www.wsc.edu/
Q5347215,,,1999,
Q2661290,17658,,1968,https://unilim.fr
Q7695035,,,1962,https://www.teikyo-jc.ac.jp/
Q30265873,,,2002,
Q135983418,,,,https://www.med.lmu.de/pathologie/de/index.html
Q7053618,,,1978,
Q206702,25732,,1833,https://www.uzh.ch/
Q7075280,338,,1997,
Q6020608,,,1984,https://www.iihmr.edu.in
Q18484236,,,,
Q1306537,6800,,1989,
Q7330621,28404,,,https://www.richland2.org/
Q130533312,,,,https://www.ensjsi.dz/
Q6039778,,,1972,
Q12523320,,,1990,https://www.dinus.ac.id
Q30263845,,,1885,https://kgma.info/
Q6223569,2343,,1919,
Q1393841,,,1950,
Q12688190,,,,
Q6984681,,,1945,
Q12523346,,,2007,
Q5329516,1714,,1912,https://www.etbu.edu/
Q6519168,,,1999,
Q85758593,,,,
Q109775886,,,2021,
Q7895104,,,1997,
Q13031621,,,1974,https://bgaa.by/
Q30264855,,,1950,
Q134251058,,,2016,https://regentropfen.edu.gh
Q2083440,,,1918,https://nuozu.edu.ua/
Q100956194,,,1982,https://www.iauc.ac.ir/
Q50040814,,,1967,https://www.nassauboces.org/
Q30291071,,,,
Q5698213,,,1945,
Q1180978,34616,,1974,
Q10872553,,,1958,https://english.csuft.edu.cn/
Q48732924,,,2017,
Q52848116,,,1954,
Q16098697,,,2012,
Q7894392,,,1988,https://www.up.edu.br
Q10946779,,,2000,
Q10941044,,,1954,
Q2111097,1814,,2001,https://www.umit.at/
Q1209824,,,1943,
Q6480131,,,2010,https://www.luvas.edu.in
Q6736699,,,1992,https://www.eek.ee/?setlang=est
Q7800214,,,1979,
Q135983369,,,2023,https://kavery.org.in/pharmacy/home.aspx
Q5588758,,,1973,
Q7355389,,,,
Q135095469,,,,https://ismt.pt/en/gabinete-de-projectos-e-inovacao
Q30263669,,,,
Q137795979,,,2017,https://sci.edu.vn
Q5886250,,,1922,
Q30266451,,,,
Q4475813,,,1969,
Q130314571,,,1999,https://www.uan.edu.mx/es/extension-academica-del-norte-acaponeta
Q5927048,,,1952,
Q6733250,,,1999,
Q136448410,,,2003,https://vpipkodoli.co.in
Q27982338,,,1989,
Q131852534,,,,
Q1243705,,,1175,https://www.unimore.it
Q141194376,,,,https://www.informatics.edu.my
Q7603615,1671,,1874,https://www.sunymaritime.edu/
Q39058927,,,2015,
Q5269618,,,2001,https://www.daiict.ac.in
Q15934902,,,2014,
Q98080879,,,1993,https://stiesurakarta.ac.id
Q129343153,,,2022,
Q30293981,,,,
Q60772018,,,1982,https://www.whitecliffe.ac.nz/
Q1123414,,,2003,https://karolyrobertcampus.uni-mate.hu/
Q7669433,,,1993,
Q137862900,,,2018,https://apcaurangabad.org
Q7895664,,,1998,
Q7056622,5240,,1970,
Q10902068,,,2000,
Q1622148,849,,2006,
Q3919286,7000,,1934,
Q18661250,,,1995,https://www.pelastusopisto.fi/
Q1454044,,,1939,https://www.lumsa.it
Q11440721,,,1921,
Q11495152,770,,1948,
Q30266559,,,,
Q60845,,,2012,
Q682316,,,1958,https://www.esade.edu/
Q135095095,,,,https://www.ihporto.org
Q7896316,3944,,1961,https://www.usca.edu/
Q5721408,11345,,1938,https://www.hfcc.edu
Q50296595,,,,
Q14957078,,,1948,
Q3630498,,,1996,
Q140045723,,,2023,https://www.dal.ca/faculty/arts/sociology-social-anthropology/research/affiliated-research-centres/clairmont-centre.html
Q52620115,,,,https://www.nbs.edu.pe/
Q140351731,,,2019,https://www.iznf.fau.de
Q30257738,,,1991,
Q7163304,,,1923,
Q20642106,,,,
Q141193752,,,,
Q5466473,,,,
Q4118876,,,1959,
Q100955861,,,2013,
Q48725521,,,1966,
Q7914844,2289,,1920,https://www.vanguard.edu/
Q28455187,,,1990,https://www.fcim.edu/
Q28134230,,,2014,https://uem.edu.in/uem-kolkata/
Q11631891,1342,,1990,https://www.sus.ac.jp/
Q49206,28812,,1881,https://uconn.edu/
Q6051159,,,2003,https://www.isquareit.edu.in/
Q30286106,,,,
Q30266480,,,2011,
Q108737226,,,,
Q114340022,,,,https://www.drngpit.ac.in/
Q136663768,,,,
Q140588884,,,2019,https://gtnbnyscollege.ac.in
Q10771885,,,1959,
Q4288586,,,1994,
Q7571224,3039,,1878,https://www.sbuniv.edu/
Q738258,18486,,1925,https://welcome.miami.edu/
Q134523993,,,2007,https://pctu.edu.vn
Q5124879,5555,,1966,
Q4954747,,,1911,
Q11426614,2361,,1984,
Q30293794,,,,
Q986087,,,1953,https://www.zjut.edu.cn/
Q129343638,,,2022,
Q4858451,,,1950,
Q5320428,,,1997,
Q140588841,,,1992,
Q30293991,,,,
Q507692,,,1951,https://europainstitut.de/
Q6888540,,,2000,
Q141195555,,,1977,https://www.mib.edu.my
Q4304096,3078,,1920,
Q3359833,65000,,2015,
Q839669,31759,,1960,https://eng.rudn.ru/
Q1919880,,,,https://www.vanlodenstein.nl
Q11656400,,,1887,
Q54677728,,,,
Q4891998,6097,,1974,
Q7892216,338,,1984,
Q125623,,,1913,
Q30263427,,,2001,
Q86494521,,,2005,
Q137795975,,,1997,https://www.cetnav.armada.mil.ec
Q17063194,,,,
Q217741,59034,,1869,https://purdue.edu
Q7105565,,,1929,https://www.oiu.ac.jp/
Q136663750,,,,https://www.esap-gmr.com
Q30273995,,,1976,
Q10873318,,,,
Q5143034,,,1963,
Q101027895,,,,https://phoenixmed.arizona.edu/
Q7894240,,,1970,
Q1786067,10600,,1974,https://www.ucg.ac.me
Q1391293,6881,,1976,https://www.hspv.nrw.de/
Q10286352,,,,https://www.liberato.com.br/
Q108044059,,,,https://ual.edu.al/ual.edu.al/
Q5062404,,,1971,
Q27961625,,,1998,
Q4801371,,,1950,
Q6739364,,,1991,https://www.mcu.ac.in
Q18627429,,,1985,https://www.polnep.ac.id
Q15177600,,,1956,
Q4732294,,,1970,
Q4120419,,,1987,https://uokufa.edu.iq/?lang=en
Q27050380,,,2024,https://www.inn.no/
Q2585840,,,,https://www.wifiwien.at/
Q77077493,,,,
Q2038878,26000,,1936,https://www.upb.edu.co/
Q30281585,,,1973,
Q1424978,20000,,1945,https://www.polsl.pl/
Q30291948,,,1995,
Q5252909,10678,,1935,
Q5060434,,,1952,
Q30285878,,,1999,
Q129342904,,,2023,
Q6063394,21117,,2011,https://uskudar.edu.tr
Q15900644,,,1958,
Q3181302,,,1962,
Q5318097,,,1973,
Q30287993,,,,
Q30294070,,,,
Q138654940,,,2010,https://www.ghalib.edu.af/Herat/Main/true
Q135738775,,,2015,https://jkkmihscp.org
Q30285370,,,1921,
Q141195657,,,,
Q1057199,17770,,1918,https://www.global.hokudai.ac.jp/
Q4304102,7000,,1930,
Q30265683,,,1984,https://www.upm.ac.id
Q5568357,12973,,1927,
Q132603029,,,2023,https://utamed.es/
Q752663,24703,,1842,https://www.tudelft.nl/
Q5018942,,,1948,https://www.cnmckolkata.com/
Q108217808,,,1973,
Q7487933,,,1952,https://www.sdufe.edu.cn/
Q6922167,,,2003,
Q6452217,,,1902,
Q12204425,,,1989,
Q30265558,,,1919,
Q896546,7357,,1996,https://www.hochschule-trier.de/
Q6712698,,,1975,https://www.mjpru.ac.in
Q7660042,,,1916,
Q891082,24069,,1932,
Q7163306,,,1939,
Q6156518,,,1977,
Q11643148,,,2003,https://www.k-tohto.ac.jp/
Q19892768,,,2005,
Q6972190,,,1973,
Q294799,,,1989,
Q140045695,,,,https://www.dal.ca/faculty/arts/research/clusters-centres.html
Q19896250,,,2014,https://www.seacomskillsuniversity.org
Q74435413,,,,
Q30263423,,,,https://www.socalsem.edu/
Q19402328,,,2004,
Q8005708,,,1929,https://www.salvationarmy.org.uk/william-booth-college
Q126839599,,,,https://www.uanl.mx/centros_inv/instituto-de-investigaciones-sociales/
Q29569926,,,2011,
Q7105546,,,1965,https://www.chiyoda.ac.jp/
Q124634913,,,1953,https://www.rrlalancollege.edu.in
Q721064,,,1991,https://ntu.edu.sg
Q30293906,,,,
Q30288666,,,,
Q5654201,,,1988,
Q6922161,1705,,1928,
Q109913474,,,1999,https://www.stie-gema.ac.id
Q129256389,,,2014,https://www.poltekip.ac.id
Q9008770,,,2001,https://www.iunir.edu.ar/
Q28953970,,,1999,https://www.untb.ac.id
Q1458579,,,1931,
Q138460645,,,,https://www.mortaji.com
Q109913548,,,2009,https://www.akperfatmawati.ac.id
Q7586750,,,1909,https://www.stalbansschool.org/
Q130537871,,,,https://www.por.ulusiada.pt
Q30274191,,,2006,
Q112676960,,,,
Q212297,,,1934,
Q414309,420,,1885,
Q1144798,,,1998,
Q1297001,65088,,1955,
Q6023656,,,1941,
Q134523987,,,1932,https://www.ycyw-edu.com
Q5604445,944,,1838,https://www.greensboro.edu
Q13054964,1668,,1969,https://vsu.am
Q6348833,,,1992,https://www.kamk.fi/en
Q5969539,,,2003,https://www.iudehradun.edu.in
Q30294132,,,,
Q5439014,,,,https://www.fcps.net/
Q109913360,,,2002,https://www.stmik-time.ac.id
Q11111591,,,,https://www.guit.edu.cn/
Q124251923,,,2012,https://hemi.jhu.edu
Q30294116,,,,
Q7108021,,,1992,https://www.ospoly.edu.ng/
Q1624280,,,1998,
Q1799807,,,1961,
Q11386348,,,1899,
Q7096259,,,1993,https://www.open.edu.au
Q4120037,,,2003,
Q135095655,,,2007,https://itsoriente.edu.ec
Q141194482,,,2002,https://kkmasgading.mypolycc.edu.my
Q19744853,,,1984,https://www.warmadewa.ac.id
Q88259854,,,1960,
Q15995438,,,1930,
Q2822336,,,,https://www.ac-versailles.fr/
Q4324322,,,,
Q104902912,,,2020,https://www.mallareddyuniversity.ac.in
Q3547580,,,1946,
Q46027,,,1961,https://www.iima.ac.in
Q7355942,1193,,1998,https://rmuohp.edu
Q1510516,,,1952,
Q7688754,,,,
Q7054728,2667,,1861,
Q12204429,,,,https://www.ru.edu.sy
Q1278221,22827,,1849,https://www.emich.edu
Q138654995,,,2023,https://fedpolykabo.edu.ng
Q112752064,,,2003,https://www.ipls.ao
Q33121982,,,1970,
Q1488771,,,1986,
Q6741972,,,1967,
Q118038,,,1991,
Q6559935,,,1972,
Q16549072,,,2002,
Q30294791,,,,
Q28227714,,,1979,
Q71524555,,,1962,https://stisipimambonjol.ac.id
Q11441199,,,1977,
Q4449705,7300,,1939,
Q18289158,,,,
Q41497113,56821,,2018,https://www.sorbonne-universite.fr/
Q30263440,,,1989,https://www.wmu.edu/en/
Q136663558,,,2010,https://uptvallesdeltuy.edu.ve
Q77077764,,,1991,https://www.edith-stein-schulstiftung.de/
Q1280192,86,,1888,
Q3531508,,,1918,
Q2687532,5855,,1874,
Q4166430,6000,,1962,
Q140907513,,,2019,https://iicls.org
Q1186326,,,2008,
Q7402775,,,1922,https://www.sakai.ac.jp/
Q6437512,,,1846,
Q624072,,,1979,
Q7404363,,,2009,
Q25450384,,,2009,
Q126903050,,,,https://www.utas.uz/
Q7586189,,,1905,
Q30257700,,,1988,
Q1379613,11958,,1837,
Q10883251,,,1954,
Q1061900,,,1877,https://www.gakushuin.ac.jp/
Q2983897,7300,,1950,https://www.cegepmontpetit.ca/
Q7569384,,,1975,
Q3195403,,,1930,
Q30267125,,,1996,
Q7427861,,,2011,https://www.savannahlawschool.org/
Q2123017,,,1903,
Q30294804,,,,
Q6470082,,,1948,
Q7290634,,,2009,
Q4922775,,,1997,
Q3117452,,,1963,https://www.junia.com/fr/
Q29522625,,,,
Q2822368,600,,1997,https://www.aku.sk/
Q50575550,,,1965,
Q5619494,,,1946,
Q1322412,,,1949,https://www.saitama-u.ac.jp
Q140876763,,,1987,https://iskp.co.rs
Q30267681,,,,
Q31840545,,,2003,
Q12513137,,,,
Q7402533,,,1972,
Q11421257,,,2001,https://www.nwec.go.jp/
Q83513163,,,,
Q4120068,,,1987,
Q141195336,,,1988,https://www.atc2u.edu.my
Q6888547,,,1993,
Q8054561,,,2007,
Q65204244,,,1987,https://www.akmicirebon.ac.id
Q3687229,,,1972,
Q108737477,,,2011,https://amityuniversity.ae/
Q7971008,,,1852,
Q51155830,,,2010,
Q135739136,,,,https://ccs.org.co
Q109919725,,,2007,https://www.untribkalabahi.ac.id
Q107724156,,,2013,https://jhu.edu.ng/
Q1548539,10994,,1978,
Q12701158,,,,
Q43896366,,,1946,
Q77075666,,,,https://www.progenius.org/
Q140868889,,,,https://mpimet.mpg.de/en/career/imprs-esm
Q591115,13000,,1963,https://haifa.ac.il
Q136663767,,,2021,https://www.uni-goettingen.de/cidbn
Q3578440,5000,,1990,
Q11611269,,,1961,https://www.uitec.jeed.go.jp/
Q141195538,,,2003,https://www.ec.edu.my
Q24896549,1500,,2016,https://iitjammu.ac.in
Q4684938,,,1859,
Q10302858,,,,
Q1231063,,,1977,
Q114340010,,,,https://www.sece.ac.in
Q7978660,105,,1889,https://www.webb.edu/
Q5505816,,,1968,
Q11066366,8158,,1967,
Q97041887,,,2011,https://africa.engineering.cmu.edu
Q762980,,,1992,
Q4851032,,,1925,
Q30293931,,,,
Q107223245,,,2019,https://sit.org/
Q5138391,8826,,1976,
Q3146547,3000,,1905,https://www.icn-artem.com
Q308963,30446,,1218,https://www.usal.es/
Q19749129,,,2003,https://www.umuslim.ac.id
Q4087768,,,1930,
Q7569416,62,,1948,
Q109913175,,,2017,https://www.stit-almubarok.ac.id
Q7240962,,,1951,
Q4005868,3478,,1959,
Q1750155,,,1994,
Q29162734,,,,
Q30294440,,,,
Q137796033,,,2005,https://kapalong.gov.ph/show/kapalong-college-of-agriculture-sciences-and-technology
Q2902978,1973,,1837,
Q19744822,,,1988,https://www.unpal.ac.id
Q7261842,,,1959,
Q1752043,61412,,1957,https://ksu.edu.sa
Q22080743,,,2010,
Q16348168,,,,
Q109912056,,,2008,https://www.polibara.ac.id
Q109913158,,,2018,https://www.umla.ac.id
Q31350059,,,2016,https://www.pccms.ac.th/
Q319333,8439,,1946,https://www.uni-hildesheim.de/
Q3577845,,,1988,https://www.lecolededesign.com/
Q2826172,,,2003,
Q5854101,,,1986,
Q16098986,,,1955,
Q632891,33147,,1887,https://www.mcmaster.ca/
Q135983366,,,,https://www.lmu-klinikum.de/isd
Q5330990,,,1985,
Q7813332,,,1970,
Q4780834,225,,1950,
Q7291803,566,,1891,
Q11525632,532,,1909,
Q3445045,3814,,1871,https://www.bethel.edu/
Q11863398,,,1870,
Q2817292,,,1909,https://esdegue.edu.co
Q6177417,,,1963,https://www.unsoed.ac.id
Q124375837,,,2021,https://biotechuniv.edu.ua/
Q111307163,,,2021,https://anu.edu.eg/ar/home
Q7575070,297,,1970,
Q12295453,,,1936,
Q1771451,12107,,1914,
Q6001921,263,,1906,https://www.meitan.ac.jp/
Q5189258,192,,1964,
Q118783,25000,,1989,
Q6684388,,,1987,https://www.poliban.ac.id
Q7373572,,,1965,
Q137943683,,,2016,https://www.medkinetica.com
Q5149653,2132,,1968,
Q5562681,,,1978,
Q30294301,,,,
Q48730835,,,2017,https://www.arkajainuniversity.ac.in
Q30293681,,,,https://www.uvt.edu.mx/
Q2378801,,,1809,
Q54855421,,,,
Q3578221,,,1947,
Q674568,4032,,1840,https://www.unileoben.ac.at/en/
Q6973642,,,,
Q135983397,,,2001,https://www.inm-online.de/de/
Q7901303,1100,,1871,https://www.ursuline.edu/
Q30254065,,,1901,https://www.templehealth.org/
Q5613695,,,1958,https://www.gxust.edu.cn/
Q3051594,,,1855,
Q2120195,310,,,https://www.phgr.ch/
Q114312336,,,1939,https://www.enrjsm.edu.mx/
Q19901643,,,,
Q30264119,,,,
Q4196666,,,1918,https://www.isuct.ru/
Q30294312,,,1987,
Q109912523,,,2017,https://www.staisam.ac.id
Q105626423,,,2017,https://www.mitrahusada.ac.id
Q52636687,,,,
Q12523368,,,1963,https://ukipaulus.ac.id
Q47213994,,,2015,https://mainzed.org/
Q30593798,,,2005,
Q137204480,,,2016,https://aub.edu.kh
Q4887341,2217,,1971,
Q63226588,,,2020,https://www.villanueva.edu
Q1739079,887,,1858,https://kwc.edu/
Q3687222,,,1925,https://www.consbo.it
Q7894251,,,1992,
Q11375250,,,1941,
Q61483495,,,,
Q109912875,,,2010,https://www.poltas.ac.id
Q6958963,,,1950,
Q4970121,,,1999,
Q114756495,,,2020,https://almaaqal.edu.iq/
Q2338478,,,,https://www.frieslandcollege.nl
Q3260662,,,1823,https://jipmer.edu.in
Q109913624,,,2000,
Q133811948,,,,https://wausm.education
Q114355731,,,2022,https://pru.edu.ng/
Q30294288,,,2003,
Q56394393,,,2018,https://iainfmpapua.ac.id/
Q3128574,,,,
Q135095603,,,,https://www.sfu-linz.ac.at
Q4713718,,,1965,
Q20432025,,,2003,
Q137006,,,1932,
Q7896112,,,1889,https://www.upike.edu/
Q3463909,,,1916,
Q7568220,3019,,1999,https://www.spcc.edu
Q30293631,,,,
Q7603641,,,1965,
Q466664,986,,1873,https://www.hfk-bremen.de/
Q55098928,,,,
Q1968714,,,1918,
Q2496166,,,1998,https://www.su.edu.om/
Q5395440,,,2001,
Q3537579,,,1984,
Q54552577,,,2018,https://www.snuniv.ac.in
Q7575916,2207,,1881,
Q5247011,,,1976,
Q7830659,,,1996,
Q12170033,,,1966,
Q23048583,,,2014,https://www.mtu.edu.iq/
Q6784222,,,1823,https://www.mcphs.edu/
Q3695681,,,1845,https://www.nua.ac.uk/
Q12180094,,,,
Q3399947,,,1974,
Q458467,,,1990,
Q5745193,,,1965,
Q24946891,,,1958,https://spcputtur.ac.in
Q3551669,,,2010,
Q30263053,,,1998,
Q30293831,,,,
Q7587290,91,,1893,
Q3304063,,,2002,
Q483744,,,1976,
Q7585870,,,1981,
Q30293607,,,,
Q2028659,3000000,,1985,
Q3666468,,,1992,
Q133264472,,,,
Q12506033,,,1985,https://www.polnes.ac.id
Q5665307,3997,,2001,
Q6818913,1802,,1891,https://www.meredith.edu/
Q1391267,685,,1976,
Q128123061,,,2008,https://hikma.edu.ye
Q30293914,,,,
Q15616499,,,2012,
Q7006613,,,1977,
Q7692487,,,2003,
Q39049844,,,1962,https://panducollege.ac.in/
Q12523420,,,1990,https://uppraya.ac.id
Q2120205,3067,,1825,
Q548435,,,1984,https://www.pusc.it
Q29052717,,,,https://www.unibarranquilla.edu.co/
Q3373875,,,1954,
Q4833841,,,1946,https://www.campusoption.com/college/bms-evening-college-of-engineering
Q4876120,,,1891,https://beal.edu
Q109912703,,,2020,
Q30257359,1500,,1979,
Q1132505,,,1940,
Q2128631,,,,
Q5322616,,,,https://www.eccouncil.org
Q7303971,,,1986,
Q5761563,,,,
Q1466001,9535,,1842,
Q1376978,,,2002,
Q7488476,,,1952,
Q649589,,,2003,
Q90010216,,,1959,
Q12511270,,,2016,https://www.iainkerinci.ac.id
Q16353832,,,,
Q2737222,,,1961,https://insea.ac.ma/
Q112676669,,,,https://qlit.edu.cn
Q4398087,,,1998,
Q108793462,,,1989,
Q10947285,,,1908,
Q5249124,,,,
Q5244080,3302,,1964,https://www.desales.edu/
Q30293970,,,,
Q30298960,,,1961,
Q5259781,856,,1950,
Q7401512,,,1912,https://www.sjcme.edu/
Q30266855,,,2006,
Q129342961,,,2022,
Q18337259,,,1975,https://tateyama-e.edumap.jp/
Q11692369,,,1919,https://www.ucem.ac.uk/
Q20877209,,,2013,
Q7842707,,,1877,
Q2706974,,,1897,
Q1798619,4884,,1891,
Q3551755,10381,,1991,
Q7333016,,,1910,
Q7680514,,,1989,https://www.tama.ac.jp/
Q3446034,,,1805,
Q17029860,,,2003,
Q472167,9394,,1967,https://uwinnipeg.ca
Q884111,5397,,1946,https://www.htwsaar.de/
Q16121290,,,2007,
Q10387836,,,1953,
Q5389059,457,,1966,https://www.erikson.edu/
Q5637350,,,1996,
Q129342826,,,2022,
Q5100537,,,1935,
Q137355,16000,,1912,
Q4068905,,,1976,
Q43895346,,,,
Q6428231,,,1927,
Q114340008,,,2017,https://www.tuc.ac.ke
Q17514740,,,2002,https://www.praguefilmschool.cz/
Q1191833,,,1877,https://umanitoba.ca/
Q30266823,,,2005,
Q3009989,,,1965,
Q30260842,,,1968,
Q3663527,,,1980,
Q30261223,,,,
Q10387811,,,1993,
Q16566666,,,1974,https://isiaurbino.net/
Q15934439,,,1949,
Q30591646,,,,https://loyola.cd/
Q10387842,,,2004,
Q16184501,,,2004,
Q3551409,3536,,1905,https://www.gardner-webb.edu
Q30293725,,,,
Q97283543,,,2020,https://www.zust.edu.ps/
Q7054767,1062,,1930,https://www.northcentral.edu/
Q33121325,,,,
Q135739070,,,1996,https://www.npbedu.org
Q5470816,179,,1973,
Q1623380,,,1995,
Q11528459,,,1951,
Q7921734,464,,1972,
Q3011661,,,2009,
Q30293741,,,,
Q4900600,,,2006,
Q30297436,,,2001,
Q1187418,,,1949,
Q1111515,5925,,1933,https://www.csupueblo.edu/
Q11554509,,,1962,
Q4689951,,,1997,
Q30258440,,,1912,https://botanospol.cz/
Q7894291,,,1917,
Q18125950,,,1980,
Q5200458,,,1978,
Q5574032,,,2010,https://portal.unila.edu.br/
Q130533271,,,,https://iscedbenguela.org/
Q1562787,,,1904,
Q12297478,,,,
Q21190378,,,2007,
Q30293947,,,,
Q30294543,,,,
Q30257596,,,1991,
Q16458851,,,1991,https://lgt.lrv.lt/
Q30263442,,,,
Q1144262,21836,,1878,https://www.uwo.ca/
Q7008590,,,1965,
Q2495828,6710,,1928,https://uafs.edu/
Q11076168,,,2004,
Q55526145,,,2017,
Q56583699,,,1989,
Q20517967,,,1943,
Q16644485,,,2002,
Q141194207,,,2003,https://kktemerloh.mypolycc.edu.my
Q10829124,,,,
Q7894998,,,1952,
Q12584021,,,,
Q52847904,,,1991,https://ncsa.ru/
Q16558738,,,1988,https://udit.es
Q6842554,,,1993,
Q7989214,134,,1980,
Q3551855,,,2002,
Q5416998,7580,,1967,https://www.everettcc.edu/
Q20464239,,,,
Q7567348,1814,,1948,https://www.southgatech.edu/
Q7452888,,,2007,
Q30285956,,,,
Q107519757,,,2016,https://ecins.jnu.edu.cn/ygahjzlxtcxlhsys/list.htm
Q7895072,,,1961,https://www.uaccm.edu/
Q12513105,,,2008,https://ppb.ac.id
Q19744829,,,1985,https://www.unipas.ac.id
Q30253980,,,,
Q30257814,,,1994,
Q1557861,10496,,1559,https://www.uevora.pt/
Q3578220,253,,1822,https://www.enscmu.uha.fr
Q1065809,48439,,1965,https://www.fiu.edu/
Q16644491,,,1977,
Q2904851,3601,,1891,https://spu.edu/
Q7278541,,,1903,
Q141195151,,,,https://kkpekan.edu.my
Q760690,54000,,1785,
Q3674310,,,2006,
Q43896632,,,1948,
Q30950448,,,1939,https://www.xcc.edu.cn/
Q6550534,581,,,
Q4743458,,,1991,https://www.acmg.net/
Q2253344,1780,,1948,https://sciencespo-lyon.fr
Q109913743,,,2021,
Q1263211,,,2002,
Q1781094,10196,,1876,
Q109911104,,,2007,https://www.binausadabali.ac.id
Q135095530,,,1994,
Q30260351,,,,
Q12985944,,,1953,https://fatimacollegemdu.org/
Q10981457,,,1999,https://www.unijorge.edu.br
Q131877127,,,,https://istanbul.meb.gov.tr
Q109912021,,,2019,https://www.ibik.ac.id
Q4696577,,,1971,
Q7073595,,,1946,
Q24236924,,,1979,
Q6165965,,,1961,https://www.jnafau.ac.in
Q11494335,,,1909,
Q49041,705,,1870,https://www.allenuniversity.edu/
Q7762029,,,1916,https://www.sage.edu/
Q21480959,,,2000,
Q141194479,,,,https://www.bcnsk.ac.th
Q10945849,,,1958,https://www.nxmu.edu.cn/
Q17070667,,,1919,https://nct.ac.in/
Q12523444,,,2008,https://www.universitasquality.ac.id
Q2101681,,,1993,
Q5055032,,,2008,
Q7467352,,,1921,
Q114893602,,,,https://www.pgpcet.ac.in
Q141194882,,,1982,https://www.bcnpy.ac.th
Q6020626,,,2001,
Q138460638,,,,https://www.slu.se/en/about-slu/visit-slu/locations-and-campuses/alnarp/
Q864450,5815,,1908,https://www.biola.edu/
Q1741900,,,1972,
Q5411640,,,1997,
Q6905734,,,1967,
Q52635371,,,,https://www.poltekkes-pontianak.ac.id
Q273587,,,,
Q6865113,,,1976,https://www.minia.edu.eg/Minia/
Q8192864,,,1925,
Q2308020,,,1960,https://www.atmajaya.ac.id
Q7896230,,,1904,
Q760838,,,1986,
Q6122149,,,1930,https://jbu.ac.in
Q30267031,,,,https://www.insticc.org/Portal/
Q6100421,,,1971,https://www.iwakuni.ac.jp/
Q108737118,,,2017,https://datascience.ch/
Q322938,341,,1854,
Q742494,,,1878,
Q3912944,,,1868,https://glieracademy.org/
Q12193440,,,1992,
Q105626500,,,1998,
Q30266531,,,,
Q182118,,,1965,https://www.miet.ru/
Q4244744,,,1950,
Q7055585,5756,,1966,
Q1270831,4566,,1907,https://www.redlands.edu/
Q19732754,,,,https://www.sttal.ac.id
Q6051985,,,1997,
Q1468161,24723,,1912,
Q140351876,,,,https://fuep.edu.ng
Q572286,,,1949,https://www.unsa.ba/
Q29002767,,,,
Q11503097,,,1939,
Q3129583,,,1893,
Q135095255,,,2022,https://iyaleta.org
Q9726404,,,,
Q12513055,,,2018,https://www.iakntarutung.ac.id/
Q138460632,,,2007,https://www.trophoblast.cam.ac.uk
Q52162257,,,2018,https://www.isparta.edu.tr/
Q52856544,,,1917,https://www.kottakkalayurvedacollege.ac.in/
Q130883049,,,2019,https://ead.veniuniversity.com
Q11250368,,,1937,
Q135095702,,,1957,https://www.fjszyy.com
Q141193693,,,2009,https://www.meatech.edu.my
Q141194293,,,2009,https://www.sa.edu.sg
Q10387901,,,1951,
Q1053925,,,1978,https://aucmed.edu
Q24382,23342,,1969,https://www.uni-bielefeld.de/
Q1546661,,,1992,
Q746592,,,1908,https://up.edu.ph/
Q61931657,,,1970,https://www.mgirti.ac.mu/
Q52851498,,,2006,
Q3551610,,,2005,https://unz.bf/
Q1969692,3930,,1990,
Q5595242,1874,,1896,
Q6979215,,,1983,https://university.nuc.edu/
Q7894326,,,1994,
Q141195680,,,2009,https://merituscollege.edu.my
Q30267190,,,1970,
Q3547665,,,1917,
Q1888771,,,1842,https://www.mmu.ac.uk/
Q135095418,,,,https://www.i3s.up.pt/research-group.php?groupid=33
Q1354097,22000,,1931,https://www.ku.edu.af/dr
Q30265569,,,1986,https://www.dharmawangsa.ac.id
Q141193970,,,1988,https://saito.edu.my
Q414316,,,1990,https://www.aon.edu.pl/
Q4784472,,,1950,
Q5289309,,,1881,
Q61931704,,,1996,
Q6973578,,,2001,https://www.nies.go.jp/
Q136663728,,,,https://comegi.ulusiada.pt
Q12008500,,,1958,
Q684783,10127,,1949,https://www.kanazawa-u.ac.jp/e/
Q4891499,11409,,1965,
Q7271467,,,2002,
Q30294329,,,,
Q19610519,,,,
Q20452264,,,,
Q749884,,,1880,
Q1074308,,,1997,
Q5124558,,,2001,https://www.csc.gov.sg/
Q141195326,,,1996,https://www.unikop.edu.my
Q27962871,,,1970,
Q12677534,,,2000,https://www.vkk.lt/
Q5766830,,,1979,
Q7590447,,,1998,https://www.smuc.edu.et/
Q10896416,,,2000,
Q2110629,,,1985,https://www.udlacdmx.mx/
Q3551531,,,2001,https://www.universitecentrale.net/
Q30294320,,,,
Q2120211,5620,,1962,https://www.ph-ludwigsburg.de/
Q16856352,,,1811,
Q7193577,,,,
Q7962809,,,,
Q5312721,,,2005,
Q4805801,,,2014,https://www.ashoka.edu.in
Q30266424,,,1919,
Q5771201,,,1964,https://www.hbg.ac.jp
Q10873010,,,1950,
Q130537862,,,2007,https://tuvch.mx
Q6446233,,,1956,
Q6727595,,,1991,
Q763586,32963,,1919,https://www.muni.cz
Q30281062,,,1977,
Q5643706,,,1981,https://www.uho.ac.id
Q109257356,,,2007,
Q3578426,,,1957,https://www.escom.fr/
Q13018757,,,,
Q84079782,,,2006,https://www.univ-kindia.org/home/
Q30257511,,,1996,
Q109912201,,,2012,
Q30293752,,,1906,
Q47517291,,,,
Q371370,,,1986,https://defence.gov.au/ADFA/
Q667568,95000,,1925,https://www.auth.gr/
Q7852638,,,2004,https://www.tumkuruniversity.ac.in
Q7454049,,,2000,https://www.unikom.ac.id
Q137409105,,,2000,https://unisales.br
Q203624,,,1928,
Q30281926,,,1965,
Q109913288,,,,
Q1728109,,,1574,https://ksalpenquai.lu.ch/
Q20061641,,,1945,
Q7397177,,,1884,https://www.shc.edu.ph/
Q50039269,,,,https://skinscienceinstitute.com/
Q52660875,,,,https://stmikpringsewu.ac.id
Q1435367,900,,1979,
Q30285852,,,,
Q14957030,,,1995,
Q138655154,,,2006,https://indeal.institutos.filo.uba.ar
Q7580375,3118,,1873,
Q3194784,,,1994,
Q819402,1800,,1996,
Q8023021,1862,,1958,https://www.wilsoncc.edu/
Q6020641,,,1996,https://www.iimidr.ac.in
Q16097681,,,1958,
Q7240345,,,2002,
Q4456096,7209,,1940,
Q129343616,,,2021,
Q119465853,,,2020,
Q19748502,,,2021,https://www.bbg.ac.id
Q6978584,,,,https://www.nsgc.org/
Q3632700,,,1980,https://gug.ac.in
Q635078,,,1901,https://www.armywarcollege.edu/
Q4318744,,,1988,https://nvsu.ru/
Q7060192,,,1959,
Q10889598,3384,,1964,https://eng.ypu.edu.tw/
Q129571871,,,,https://www.cessrst.org
Q656871,16800,,1956,
Q140908167,,,,https://stfxpoka.id
Q21016399,,,,
Q44011525,,,,
Q7692495,,,1999,
Q108737353,,,1991,https://www.cui.org/
Q1249519,,,1931,https://www.studigermanici.it
Q7683152,,,,
Q4694611,,,1995,
Q18695577,,,1990,
Q4954635,,,1832,
Q3086568,8800,,1984,
Q7971224,,,1996,https://www.warwickshire.ac.uk/
Q6082145,,,1961,
Q18119211,,,1958,https://www.gnnu.edu.cn/
Q128123082,,,,https://ess.fernandopessoa.pt
Q135738920,,,2012,https://www.sxcpatna.edu.in
Q10829090,,,1964,
Q7885972,169,,1812,
Q322668,,,2005,
Q11124722,,,1958,
Q4062566,1771,,1815,
Q3578160,,,1952,https://engees.unistra.fr
Q7824204,742,,1874,https://www.toorakcollege.vic.edu.au/
Q7898705,3610,,1857,https://uiu.edu/
Q126208845,,,,https://unifacc.com.br
Q556733,40784,,1959,
Q132734487,,,,https://en.icam.fr/
Q179501,,,1940,https://www.upsa.es/
Q283501,,,1997,https://www.ie.edu/es/universidad/
Q3578271,,,1970,
Q12969898,,,,
Q7141388,,,2006,
Q987722,,,1990,
Q109913890,,,1997,
Q12486663,,,2014,https://www.itera.ac.id
Q1736407,,,1984,
Q1076729,,,1906,
Q7588856,,,1999,
Q4408455,,,1909,
Q4761983,,,,
Q3010022,,,1968,https://www.cvm.qc.ca/
Q12486116,,,1964,
Q137795887,,,2000,https://valladolid.tecnm.mx
Q109913402,,,2009,
Q4922972,2232,,1968,
Q8034157,,,2014,
Q129344164,,,2024,
Q5157506,,,2001,
Q109919282,,,,
Q615873,7050,,1891,https://seattleu.edu
Q1411222,38541,,1957,https://www.gmu.edu/
Q7901181,1539,,1869,https://www.ursinus.edu/
Q7093426,,,,
Q5546219,,,1989,
Q3010025,,,1967,https://cegep-lanaudiere.qc.ca/
Q52162250,,,2018,
Q30263618,,,,
Q141194233,,,2002,https://www.zhicheng.edu.sg
Q109912909,,,2017,https://www.poltekbaubau.ac.id
Q5592016,,,1998,
Q734332,3743,,1999,https://unc.nc/
Q141194499,,,1973,
Q15983181,,,2001,
Q109913575,,,2000,https://www.stie.gentiaras.ac.id
Q22080808,7965,,2011,
Q3081395,,,1948,
Q6041604,,,1972,https://www.puebla.tecnm.mx/
Q1291752,,,1953,
Q624295,,,1992,
Q17929225,,,2009,https://iaue.edu.ng/
Q12583588,,,1965,
Q841581,,,1888,https://uni-sofia.bg
Q135738888,,,1993,https://www.velayat.ac.ir
Q6784318,,,1891,https://www.maritime.edu/
Q126736016,,,,
Q5159004,6491,,1864,https://www.cuchicago.edu/
Q109912566,,,2015,https://www.stikesprimaindoneisa.ac.id
Q12193467,,,2002,
Q30294350,,,,
Q3551369,,,1992,
Q193196,23250,,1826,https://www.ucl.ac.uk
Q109913546,,,2007,https://stie-lhokseumawe.ac.id
Q123951838,,,1946,
Q30263879,,,2001,
Q61365611,,,2018,https://universitasmulia.ac.id
Q5579826,,,1996,
Q2778441,,,1960,https://www.bau.edu.lb/
Q16938636,,,1982,
Q109122887,,,2000,
Q5989870,,,2008,
Q1137652,21085,,1976,https://www.maastrichtuniversity.nl/
Q14956966,,,2000,
Q807914,,,2006,
Q135739226,,,,https://ilae.edu.co
Q7379865,8000,,1999,https://www.rungta.ac.in/
Q138860178,,,2000,https://wkitu.kz
Q4153934,,,1917,https://www.dgpu.net/ru/
Q4166081,,,1952,
Q5127383,5396,,1962,
Q12523356,,,1974,https://www.unjani.ac.id
Q137796042,,,2015,https://www.trjums.ac.ir
Q7385348,,,2006,https://www.sbctmu.ac.jp/
Q30263629,,,,
Q126208806,,,2008,https://ugr.edu.ar
Q141194598,,,2005,
Q17992238,,,1985,
Q2418942,,,1992,
Q39046129,,,2009,https://www.kamdhenuuni.edu.in
Q1360303,29986,,1865,https://uky.edu
Q1079140,43064,,1820,https://bloomington.iu.edu
Q55697553,,,,
Q1796553,1185,,1885,
Q106518027,,,1931,
Q7286426,,,1958,
Q5930913,,,1938,
Q52845592,,,1985,
Q1067642,,,1990,
Q6156635,,,1998,https://www.upct.es/
Q11375260,,,1870,
Q4384447,,,1933,
Q112676802,,,,
Q30299013,,,,
Q7894310,,,,
Q30257719,,,,
Q3577731,,,1919,
Q12506027,,,1988,https://www.polije.ac.id
Q4856306,,,1955,
Q8560658,,,1972,https://iusd.org/
Q11044279,,,1946,
Q12506017,,,1977,https://www.polman-bandung.ac.id
Q2389892,,,,https://www.helb-prigogine.be/
Q111149667,,,,
Q30263519,,,2002,
Q659080,19608,,1834,https://www.unibe.ch/
Q30293899,,,,
Q1758474,,,,https://www.unipr.it
Q3551479,,,2002,
Q2822375,,,,
Q23135700,68,,1997,
Q141193787,,,1990,https://www.dit.edu.my
Q7593338,,,1987,
Q11177952,,,1972,
Q6342915,,,1980,
Q39920,10000,,1946,
Q4671478,,,1936,
Q97041900,,,1969,
Q3578513,,,1930,
Q5617504,,,1998,
Q141194229,,,,https://www.kolejfajar.edu.my
Q2504327,850,,1986,https://www.monaco.edu/
Q109912383,,,2007,https://stitalamin.ac.id
Q3181219,,,1974,
Q1637105,,,2007,
Q122382325,,,1974,https://www.idmbls.com
Q3578394,,,,
Q5168572,2907,,1928,
Q131428216,,,1944,https://ense.mx
Q30257200,,,1992,
Q124473099,,,1992,https://www.ist-antsiranana.mg/
Q7335593,,,2002,
Q6082654,,,2005,https://www.iust.ac.in
Q6674241,,,1901,https://www.pcts.ac.kr/www/main/eng/_main/
Q9380799,,,1996,
Q130882961,,,2017,https://klintapscohas.edu.gh
Q7487918,,,1906,
Q6452821,,,1665,
Q5089726,,,1966,https://www.chu.ac.kr/language/jp/main/index.php
Q7928954,,,1991,
Q6979267,,,1991,
Q6747094,,,1997,https://manavrachna.edu.in/
Q8214783,6983,,1891,https://laverne.edu
Q3578194,,,1881,https://www.ensa-bourges.fr/index.php/fr/
Q11213494,,,,https://unt.edu.rs/
Q4922829,417,,1974,https://bfcc.edu/
Q43895351,,,1964,https://eisca.org/
Q30293729,,,2002,
Q56391401,,,2014,https://www.ubpkarawang.ac.id
Q4163197,5000,,1920,
Q10302690,,,,
Q128123087,,,1999,https://itsciudadserdan.edu.mx
Q7528929,,,1972,https://www.ssmcbd.net/
Q6054150,,,2011,
Q48767874,,,1966,
Q15261440,,,2007,
Q16252285,,,2006,
Q7566050,,,2010,https://www.sau.int
Q7893617,326,,1969,
Q6379744,300,,2022,https://www.kawasaki-cn.ac.jp/
Q8035955,,,1970,
Q5061963,,,2009,
Q157808,44000,,1868,https://www.tum.de/
Q33121300,,,,https://www.hefr.ch/de/
Q120983221,,,2018,https://sdmuniversity.edu.in
Q18467841,,,2009,
Q45134710,,,,
Q815432,33518,,1858,https://www.keio.ac.jp/ja/
Q6583864,,,2005,https://www.rmutsv.ac.th/
Q3545832,,,2002,
Q140870510,,,2000,https://hia.ucdavis.edu
Q30264968,,,1979,
Q336264,22365,,1897,https://www.kyoto-u.ac.jp/ja
Q30294378,,,,
Q30293908,,,,
Q7894499,,,2011,
Q3035299,,,1992,https://www.eap.gr/
Q141193684,,,2016,
Q12523395,,,1967,https://www.ummetro.ac.id
Q30294842,,,,
Q30257301,,,,
Q3551649,,,1991,https://www.unicampania.it
Q273551,2000,,1893,
Q4843246,,,1878,
Q881849,342,,1925,
Q1622160,269,,2009,https://www.hdpk.de/
Q127415554,,,1998,https://tesjo.edomex.gob.mx
Q7591976,,,1936,
Q7894368,,,1912,
Q1424081,61938,,1883,https://www.marmara.edu.tr
Q5241855,79,,1900,
Q52635439,,,,
Q972553,,,1974,
Q16093558,,,1996,
Q135738926,,,2005,https://www.flacso.edu.py
Q30266441,,,1984,
Q7894356,,,1951,
Q48725777,,,1957,
Q135738538,,,2006,https://www.uiep.edu.mx
Q135398239,,,,https://learnquebec.ca
Q4407698,8000,,1918,https://www.spbgik.ru/
Q138514662,,,2008,https://sitrc.sandipfoundation.org/
Q109911852,,,2003,https://www.plj.ac.id
Q5637810,14042,,1993,
Q138655003,,,2018,https://www.udr.edu.ec
Q3510835,239,,2003,
Q133846121,,,2025,https://zen.ac.jp/
Q10302504,,,2008,https://www.ifsudestemg.edu.br/
Q30294540,,,,https://www.widyakarya.ac.id
Q468553,9476,,1994,https://www.th-deg.de/
Q30257820,,,1994,
Q9209207,,,2002,
Q13021071,,,,
Q3577654,,,1943,
Q30284646,,,1973,
Q6933777,35268,,1962,https://www.unmul.ac.id
Q30293758,,,,
Q30257363,,,,
Q5950750,,,1978,
Q30294272,,,,
Q5684264,2430,,1941,
Q17221658,,,,
Q5883533,5409,,1911,
Q1346135,16094,,1870,
Q12523302,,,1982,https://www.ubhara.ac.id
Q4467498,,,1963,https://www.tyuiu.ru/
Q84589100,,,1995,https://www.stie-satyadharma.ac.id
Q6806713,,,1965,
Q3551621,80000,,1559,https://www.univ-lille.fr/
Q7450032,,,1818,
Q3557727,3800,,1945,https://mu-plovdiv.bg/
Q131294863,,,2001,
Q5468138,,,1981,
Q25522012,,,,
Q140677041,,,2003,https://kazirangaenglishacademy.org
Q12486651,,,1972,https://akprind.ac.id/en/
Q140907948,,,1978,https://fcfftbaga.edu.ng
Q7914412,313,,1909,
Q12756338,,,1960,
Q7983850,158,,1974,
Q529572,4461,,1850,https://www.hs-furtwangen.de/
Q11750809,,,2000,
Q5698722,,,1964,https://www.umm.uni-heidelberg.de/
Q5059076,563,,1825,
Q7896313,,,,
Q6054154,,,1991,https://iubat.edu/
Q12604112,,,1973,
Q126208822,,,2023,https://womenonlineuniversity.com
Q1548573,,,1962,
Q4125410,6000,,1931,
Q135190778,,,2004,https://www.ium.edu.mv/
Q1622115,6045,,1977,
Q538990,,,1990,
Q30265180,,,1978,
Q4465234,,,1869,
Q6925843,,,1945,
Q3139317,,,2001,https://www.zuyd.nl/
Q7755195,70000,,1992,
Q1436699,,,1877,
Q1070161,12000,,1999,
Q10908234,,,1967,
Q10902562,,,1978,
Q657167,1267,,1846,https://hmtm.de/
Q6366682,6369,,1946,
Q3009999,,,1969,
Q1161619,40317,,1974,
Q15983147,,,1955,
Q1975617,,,1968,
Q3551494,,,2007,https://www.usms.ac.ma/
Q18387919,,,2013,https://www.tantiauniversity.com
Q1816857,11014,,1979,
Q5942041,,,2003,
Q17380687,,,2014,https://iiitkalyani.ac.in
Q1795928,,,1967,https://www.kau.edu.sa/en
Q1259453,22927,,1948,
Q796632,,,1998,
Q5873813,,,1964,
Q7076023,,,1994,
Q134250736,,,,https://cmb.edu.pt
Q5157512,,,,
Q20454212,,,,
Q5926144,,,1979,https://www.ouchn.edu.cn
Q2067204,,,1969,
Q6946752,,,1927,
Q375606,19020,,1823,https://bbk.ac.uk
Q1797609,993,,1775,https://www.hsc.edu/
Q45855,19303,,1968,https://www.unibg.it
Q141194123,,,,https://kkbatupahat.mypolycc.edu.my
Q129343504,,,2022,
Q30293750,,,,
Q3608706,20000,,1922,
Q17228295,,,1981,
Q3920759,,,2003,https://vhluas.com
Q7057914,4162,,1966,
Q30266533,,,1976,
Q109921253,,,,
Q30257764,,,1995,
Q30643081,,,,
Q4307051,,,1993,https://chi.kaya.ac.kr/Home/Main.mbz
Q4673539,,,1976,https://www.anu.ac.in
Q17211362,,,,
Q11620058,1645,,1966,
Q30257209,,,1993,
Q4334723,,,1930,
Q140908238,,,,https://uinambon.ac.id
Q7082377,1219,,1972,
Q9380754,,,1998,
Q30271851,,,1932,
Q13018812,,,,
Q77082188,,,1977,
Q16839159,13507,,2011,
Q140872918,,,2014,https://www.ekspoly.edu.ng
Q5599489,,,2006,
Q16579132,,,1961,
Q1627864,,,1899,
Q6082320,,,2003,
Q6785518,,,,
Q7374954,,,1949,
Q834827,,,1951,
Q1569421,,,1948,https://uniandes.edu.co/
Q4019812,636,,1873,
Q5123988,,,,
Q123563242,,,2001,https://metu.edu.kz
Q30286275,,,,
Q985775,,,1948,
Q130537883,,,2001,https://www.ynudcc.cn
Q109919337,,,1998,https://www.grahakirana.ac.id
Q6003101,,,1982,https://isu.ac.ir/
Q140046492,,,1996,https://www.nationalcollege.edu.np
Q1179599,2350,,1837,https://www.depauw.edu/
Q99298738,,,,
Q19731004,,,1987,https://www.polimdo.ac.id
Q10872946,,,1974,
Q7497008,,,1926,
Q7856434,586,,1972,
Q2150914,3165,,1941,https://hilo.hawaii.edu/
Q4982077,4876,,1839,https://www.framingham.edu/
Q8047880,,,1946,
Q17013596,,,2008,
Q31666741,,,,https://www.uni-gjilan.net/
Q28172386,,,2007,https://sumandeepvidyapeethdu.edu.in
Q955764,33518,,1983,https://www.uic.edu/
Q54874671,,,2017,https://alameed.edu.iq/
Q19729007,,,2014,https://www.matanauniversity.ac.id
Q123003322,,,2021,https://kaushalyaskilluniversity.ac.in
Q904106,,,1962,
Q2077260,,,1983,
Q11124339,,,1997,
Q7487937,,,1956,
Q7060359,1833,,1897,https://www.nwosu.edu/
Q6365093,,,1991,
Q61931511,,,2002,
Q7692645,,,,https://www.technopolis.be/
Q17219060,,,1949,
Q30294149,,,,
Q3077897,,,2011,
Q149481,6716,,1991,https://www.europa-uni.de
Q421739,,,1972,https://www.uned.es
Q3633114,,,1960,https://www.gbpuat.ac.in
Q3634752,,,1889,
Q81654803,,,2018,https://ibrahimy.ac.id/
Q7398910,,,1897,
Q6004301,2563,,1920,https://www.immaculata.edu/
Q20757715,13500,,2015,
Q7902486,,,1969,https://higheredutah.org/
Q7669626,,,1979,
Q11494157,,,1964,
Q25450405,,,2014,
Q50040149,,,2002,
Q4466150,,,,https://tdmi.edu.tm/
Q109912789,,,2017,https://www.stisabuzairi.ac.id
Q141195569,,,1997,https://kuijsi.edu.my
Q5758717,1276,,1962,
Q5927051,,,1958,
Q6971599,,,1994,
Q6781811,10979,,1872,
Q7058010,,,1941,
Q30256981,,,1922,
Q1971174,,,2013,
Q9384271,,,1980,
Q6156851,,,1956,https://www.umsa.edu.ar/
Q7148000,,,1979,
Q872543,4346,,2004,
Q24937816,,,1978,
Q7373769,,,1946,https://www.ranzcp.org/
Q7014056,,,,https://www.suny.edu/campuses/ceramics/
Q1784748,20488,,1911,https://www.mtsu.edu/
Q30257548,,,,https://tpfk.hu/
Q109912985,,,,https://www.sttsundermann.ac.id
Q8215036,7208,,1831,
Q109912750,,,2019,
Q49118,14395,,1863,https://bc.edu
Q30264955,,,,
Q10873146,,,2004,
Q4538869,8145,,1908,
Q131428221,,,,https://www.uc.pt/ceisuc/
Q135095192,,,,https://www.biobip.pt
Q1145497,58607,,1987,https://www.curtin.edu.au/
Q141194097,,,1991,https://www.unitar.my
Q7896310,,,1974,
Q3275637,14132,,1890,https://www.uco.edu/
Q7096264,,,2002,
Q7529005,,,1993,
Q9364386,,,1997,
Q8047881,,,1946,https://www.ygu.ac.jp
Q5362587,2002,,1891,https://www.ecsu.edu/
Q21968199,1112,,2016,https://www.sigma-clermont.fr/fr
Q5061960,,,2009,
Q4418297,,,1941,https://sibnia.ru/
Q16720884,,,1930,https://sad-institut.com.ua
Q1026944,19689,,1965,
Q6361476,,,1950,
Q130314548,,,,
Q1751060,23000,,1924,https://units.it
Q5686213,7000,,1990,https://haybusak.am
Q30257278,,,,
Q10771893,,,,
Q110140441,,,2019,
Q135738782,,,1998,https://institutodemediacion.edu.mx
Q2034790,36026,,1951,
Q25450318,,,2014,
Q7896713,,,1988,
Q4746980,,,2005,
Q10387821,,,1984,
Q16306429,,,,
Q129571905,,,2008,https://uptecamac.edomex.gob.mx
Q3551735,,,1971,
Q6733403,,,1995,https://www.mmyvv.com
Q7988454,2776,,1959,
Q28950170,,,1993,
Q7743414,,,1955,
Q3445541,623,,1837,
Q7895487,,,2008,
Q30266508,,,2012,
Q7369684,,,1978,
Q52848306,,,,
Q963904,,,1997,
Q1814136,,,1932,
Q47526984,,,2008,
Q4439026,,,1930,
Q18128594,,,2009,https://www.nuv.ac.in
Q27962748,,,2012,
Q7961765,,,1985,https://www.ust.ac.uk/
Q7270829,2338,,1857,https://www.queens.edu
Q7199373,,,,https://www.pghschools.org/
Q30264370,,,1998,
Q3578244,,,1904,
Q135095649,,,,https://www.uc.pt/bcsuc/
Q664610,,,1939,
Q117044341,,,2018,https://mcml.ai
Q97582092,,,,https://www.gdmec.edu.cn/
Q30297325,,,1990,
Q100955848,,,2011,https://www.dmisjbu.edu.mw/
Q138296833,,,2023,https://brannerglobal.education/
Q4314796,800,,1917,https://naoma.edu.ua
Q16308969,,,1951,
Q1743331,,,2007,
Q24915008,,,2007,
Q139771667,,,,https://www.akademie-sw.at
Q135095477,,,,https://ankaraonkolojieah.saglik.gov.tr
Q18109373,,,2012,https://www.adeshuniversity.ac.in
Q16644549,,,1972,
Q19856365,,,1979,
Q7901068,,,2012,
Q2303536,29070,,1968,https://www.vcu.edu/
Q1075104,,,1965,
Q30266446,,,2011,
Q1622141,4400,,2009,
Q7461710,,,1980,
Q133812249,,,2013,https://www.mauj.ac.in
Q30294177,,,2000,
Q7636397,,,1961,
Q6038499,,,1987,
Q55616244,,,2018,https://krea.edu.in
Q7649352,2241,,1858,https://www.susqu.edu/
Q52637515,,,,
Q6923804,2560,,1808,https://msmary.edu/
Q6156697,,,,
Q61932012,,,2006,
Q30294106,,,,
Q10829114,,,,
Q135738638,,,,https://iste.edu.ec
Q18222713,,,2002,
Q1391222,3037,,1991,https://www.hs-schmalkalden.de/en.html
Q30266966,,,2006,
Q30270222,,,,https://www.eyeboston.com/
Q109911125,,,2019,https://ppicurug.ac.id/
Q7929282,,,2010,https://www.vskub.ac.in
Q10274496,,,1991,
Q61083125,,,,
Q5917808,,,1975,https://acapulco.tecnm.mx/
Q10387898,,,1973,
Q30294384,,,,
Q10279420,,,,
Q7130652,,,2007,https://pdeu.ac.in
Q7032895,,,1964,https://nda.edu.ng/
Q50038018,,,1861,https://www.verloskunde-academie.nl
Q5599431,169,,1949,https://www.glcc.edu/
Q67179881,,,1982,https://www.stieww.ac.id
Q7245771,,,2003,
Q5153069,,,1958,
Q20647463,,,2015,
Q7080767,2186,,1948,
Q141195294,,,2012,https://ubd.edu.bn/institute-of-asian-studies/
Q9091667,,,1991,https://www.ucine.edu.ar/
Q6156337,,,2002,
Q7285639,,,1955,
Q140868936,,,1894,
Q24906276,,,2013,https://srhu.edu.in
Q2002520,28990,,1970,https://www.uwe.ac.uk/
Q30294256,,,,
Q273523,1150,,1747,https://ecoledesponts.fr
Q6487450,10306,,1957,https://www.lcc.edu
Q7726772,,,1855,https://tcnj.edu/
Q30265974,,,1966,https://www.sedck12.org/
Q4857600,,,1932,https://www.clarkssummitu.edu
Q4672879,,,1953,
Q4967947,,,1943,
Q7894640,,,1924,
Q10905381,,,2000,
Q138460692,,,1999,https://innovative.edu.my
Q84588293,,,1972,
Q130314501,,,,https://www.wyden.com.br
Q6713103,,,1962,
Q7083128,,,,
Q1391292,1692,,1981,
Q28714635,,,2016,
Q77083821,,,1990,
Q3695722,1815,,1885,
Q19700107,,,2000,
Q7491517,1176,,1967,
Q132803378,,,,https://pu.ac.ir
Q115761088,,,1991,
Q219694,91598,,1970,https://www.ucm.es
Q30257467,,,1994,
Q126949646,,,2009,https://jackson.edu.gh/
Q30294025,,,,
Q141194497,,,1979,https://www.euinstitute.edu.my
Q5146845,12797,,1976,https://www.csi.cuny.edu/
Q141194433,,,,https://uofedu.com
Q3695156,,,1913,https://www.icp.edu.pk/
Q7675030,3566,,1922,
Q7353203,,,,
Q7511074,2036,,1919,
Q30293950,,,,
Q55697533,,,,https://www.fmp.edu.cn
Q6844859,,,2002,https://www.uemc.es/
Q30937661,,,1966,https://www.internet.ac.jp
Q6425829,,,1995,https://www.kgrc.ac.kr/
Q15627838,,,1985,
Q16912035,780,,2014,
Q19730995,,,,
Q108737410,,,1920,
Q141193781,,,,
Q7760328,159,,1974,
Q30287555,,,,
Q7744487,666,,1997,
Q1622234,5515,,1971,
Q3508986,,,1919,https://www.dalton.org/
Q6066749,,,1969,
Q17028121,,,2015,
Q96238028,,,2015,
Q1869280,19077,,1934,
Q30293898,,,,
Q5299278,,,1876,
Q20981668,,,1987,
Q11480975,,,1973,
Q12062125,3187,,1963,
Q6342971,,,1999,
Q12523477,,,1977,https://www.univ-tridinanti.ac.id
Q1031803,38716,,1982,https://web.uniroma2.it/it
Q3579351,,,1962,
Q3010017,,,1967,
Q12964923,,,1998,
Q892503,14500,,1889,https://www.saintleo.edu/
Q10829051,,,,https://www.htu.edu.vn/
Q117405647,,,2019,https://gsu.edu.ly
Q10387886,,,2010,
Q3578283,,,1970,
Q56661716,,,2012,https://www.zhsust.edu.bd/
Q12523326,,,1999,https://uniga.ac.id
Q3551813,,,2010,https://www.univofbukavu.org/
Q11426684,967,,1979,
Q6107066,7759,,1972,
Q30294173,,,,
Q1067916,13057,,1949,https://www.okayama-u.ac.jp/cn/index.html
Q11061696,,,1957,
Q5097298,8274,,1965,
Q12513083,,,2006,https://www.stikesbudiluhurcimahi.ac.id
Q54834600,,,,
Q19744836,,,1986,https://www.urindo.ac.id
Q7209798,,,2011,
Q7374331,,,,
Q4733529,1419,,1886,https://www.alma.edu/
Q3936030,1624,,1931,
Q116871000,,,,https://ensia.edu.dz/
Q109913097,,,,
Q7242005,,,1984,
Q30298990,,,1992,
Q2498013,,,,
Q4201754,,,1952,
Q7494344,,,,
Q30293688,,,,
Q1007777,1371,,1993,https://u-aizu.ac.jp/
Q2111101,,,2000,https://www.ufl.li/
Q7055690,,,1933,
Q30293678,,,,
Q6864633,17511,,1957,
Q12511340,,,1995,https://www.stmik-jabar.ac.id
Q130451603,,,2021,https://kdums.edu.ng/
Q136663661,,,1972,https://lalacollege.edu.in
Q720953,,,1921,
Q3550110,,,1948,
Q7122600,1238,,1958,
Q10286399,,,1962,
Q7586243,,,1995,
Q109921282,,,2018,
Q824493,,,1945,
Q4704378,,,1988,https://www.muc.edu.iq
Q38916258,,,2009,https://knu.edu.iq
Q4496336,,,,
Q2495922,3692,,1947,
Q13021093,,,,
Q129343729,,,2022,
Q109912993,,,2018,https://unimudasorong.ac.id
Q470997,,,1887,https://www.anselmianum.com/it/
Q1622175,1066,,1979,
Q141195396,,,,
Q4274090,,,1993,
Q7708093,,,,https://www.waco.tstc.edu
Q141195448,,,2003,https://kkrompin.mypolycc.edu.my
Q30280786,,,1952,
Q30257778,,,,https://touro.ru/
Q129342848,,,2022,
Q65065205,,,2019,
Q17034687,,,,
Q5884192,,,1969,https://www.hit.ac.il/
Q6893825,5704,,1946,https://www.mvcc.edu
Q100956263,,,1988,
Q30266442,,,2011,
Q141195548,,,2006,
Q127415549,,,1985,https://www.aesga.edu.br
Q24204434,,,1994,
Q1050988,,,1969,
Q7397182,,,1944,
Q2892284,1607,,1900,https://www.bcm.edu/
Q107750591,,,,
Q828821,,,1836,
Q24935136,,,,
Q141195869,,,,https://ilkkm.edu.my
Q4702248,,,,
Q7024374,,,1952,
Q17090521,,,2007,https://singhaniauniversity.ac.in
Q11472306,1067,,1874,https://www.asahi.okayama-c.ed.jp/
Q5048210,2597,,2000,https://www.cascadia.edu
Q17004556,,,1994,
Q1323075,,,1950,https://english.swupl.edu.cn/
Q5055353,,,1982,
Q17110806,,,2012,
Q7894254,,,1982,
Q493608,,,1968,
Q7894353,,,1993,
Q115536568,,,,https://www.northshorecollege.edu
Q109912207,,,1996,https://www.stpi-pajak.ac.id
Q20646623,,,2013,
Q19891145,,,2012,
Q6364449,1459,,1945,
Q7418549,,,1992,
Q3551686,,,1960,
Q140876303,,,1998,https://tmi.utexas.edu
Q6452208,,,1950,
Q1781263,16800,,1982,https://www.unibs.it
Q7525103,438,,1970,
Q59536738,,,1972,
Q3739702,,,1941,https://www.ablaikhan.kz/kz/
Q448403,,,1999,
Q7559831,534,,2001,
Q56368232,,,2016,https://duit.edu.ua/
Q6974025,,,1997,https://www.nliu.ac.in
Q30293976,,,,
Q19898640,,,2001,
Q124526168,,,,https://khnnra.edu.ua
Q30265079,,,1985,
Q5261435,,,2002,
Q4689844,,,,
Q1604967,3163,,1890,https://www.hsu.edu/
Q5440473,,,2011,
Q11140382,,,1984,
Q5148983,,,1888,https://www.womenscollege.du.edu/
Q52851479,,,,
Q136351860,,,1994,https://www.aebriteiros.pt
Q30286958,,,,
Q5270173,18693,,1949,
Q141193783,,,2004,https://peninsulacollege.edu.my
Q11590000,1246,,1963,
Q48896669,,,2016,https://ru.smbu.edu.cn/
Q11552684,,,2004,
Q39057033,,,2009,
Q7570576,843,,1947,
Q3734498,,,2007,
Q2079798,,,1916,https://cn.mentseekhang.org/
Q176473,,,1917,https://orientale.it
Q136663771,,,2009,https://www.uni.lu/snt-en/
Q140045978,,,,https://www.dal.ca/study/faculties/agriculture/research/research-labs-groups-facilities/Atlantic-institute-for-digital-agriculture.html
Q109921238,,,2000,
Q5575518,,,1985,
Q7260235,,,1962,https://www.pau.edu
Q109913236,,,2001,https://www.amikjtc.com
Q4967069,,,1935,
Q2115997,708,,2010,
Q30293785,,,,
Q139407942,,,1988,https://amce.edu.et
Q4125411,,,,
Q4304088,40000,,1932,
Q314684,17668,,1971,
Q109358749,,,2021,https://www.iput.ac.jp/nagoya/
Q138460681,,,,https://groupe-espi.fr/campus/espi-paris/
Q7163224,,,1950,
Q2040973,,,1958,
Q16092702,,,1997,
Q6865522,,,1979,
Q1552010,8140,,1931,
Q7673988,5823,,1965,
Q1036470,25992,,1889,
Q1053895,,,1907,
Q24062130,2288,,1966,
Q139771681,,,2010,https://cpmh.org.za
Q136663942,,,,
Q30257552,,,,
Q7082022,,,2005,https://www.oist.jp/
Q18655712,,,1952,
Q12987221,,,1990,https://www.msuniv.ac.in
Q3809460,,,1974,
Q1847733,,,1993,https://www.uph.edu
Q5684437,,,1992,
Q194266,1850,,1842,https://www.owu.edu/
Q74544523,,,,
Q1520608,7000,,1989,
Q16733493,1190,,2013,
Q134524051,,,2015,https://gmcomu.ac.in
Q2737843,,,1922,
Q1814795,,,2008,
Q14710034,4885,,1897,https://www.lmunet.edu/
Q109913143,,,1996,
Q109911508,,,,https://setiaws.ac.id
Q136448351,,,,https://www.ucslp.edu.mx
Q65062311,,,2002,https://www.ybzy.cn/
Q7895019,,,1986,https://www.uasd.edu
Q5095318,,,1950,
Q3551638,,,2002,
Q3346308,,,1986,
Q12513052,,,2018,https://iaknmanado.ac.id/
Q569243,,,1985,
Q1742161,,,1971,https://web.umons.ac.be
Q4866248,,,1959,
Q5970220,,,1986,
Q103543287,,,2018,
Q1741154,10500,,1930,https://www.knuba.edu.ua/
Q4957110,,,1890,https://www.brandonu.ca/
Q7961486,49695,,1970,
Q130350550,,,,
Q4782977,,,1980,
Q1492903,,,,https://gc.edu.gm
Q5373192,883,,1919,
Q25458628,,,2018,https://www.unjaya.ac.id
Q6922044,1200,,1913,
Q141194471,,,1997,https://www.ktac.edu.my
Q107724280,,,2021,https://philomath.edu.ng
Q1787936,1167,,1919,
Q137944039,,,1955,https://www.52gkb.ru
Q7294680,,,2006,
Q7895524,,,1882,https://medicine.uic.edu/
Q138860640,,,1964,
Q30263821,,,1992,
Q1240270,,,2001,
Q550263,,,1938,
Q4696572,,,1959,https://www.ait.ac.jp/e/index.html
Q735049,13991,,1966,https://www.umbc.edu/
Q240631,75047,,1808,https://www.bg.ac.rs/
Q61931372,,,1948,https://kukiit.ru/
Q624560,6612,,1913,https://www.humboldt.edu
Q498401,12000,,2005,https://www.uis.no/
Q141194740,,,,https://www.reliance.edu.my
Q12909391,,,2004,https://msu.edu.mk/
Q1041737,28289,,1943,https://carleton.ca/
Q30268739,,,,
Q30637987,,,2017,
Q132803437,,,1993,https://www.coea.ac.in
Q30268459,,,1911,
Q2386124,,,1837,https://www.conservatoriliceu.es
Q109910752,,,2000,https://www.stiabandung.ac.id
Q123512446,,,,https://www.upgrad.com
Q3068593,,,1959,
Q5148854,993,,1962,
Q6781624,,,1932,
Q7914822,,,1946,
Q15928245,,,1958,
Q5595931,1879,,1972,
Q12471193,,,2010,
Q6381094,2268,,2012,https://www.knu.ac.in
Q1661242,4800,,1958,https://www.iitb.ac.in
Q3547533,,,1991,https://www.apc.edu.ph
Q5241643,3765,,1963,
Q5397361,,,2002,https://direitosp.fgv.br/
Q109913091,,,2017,
Q4179041,,,,https://www.ipn.pt/
Q15261111,,,1951,
Q59188565,,,2012,
Q1537436,,,1946,
Q30266476,,,,
Q109912001,,,2019,https://uss.ac.id
Q11417330,886,,1964,
Q6973608,,,1967,
Q7427390,,,1965,
Q7395016,,,1961,
Q3567094,1322,,1898,https://weill.cornell.edu/
Q5500134,,,1986,
Q4679820,,,1991,
Q10302373,,,1950,
Q109913248,,,,https://www.stthf.ac.id
Q2056855,,,1932,
Q10771907,,,,
Q5395262,,,1985,
Q118314816,,,,https://rdu.edu.tr
Q2874477,,,1897,
Q3595326,,,2006,https://www.niser.ac.in/index.php
Q7987232,10072,,1946,
Q120629540,,,2022,https://buhs.ac.in
Q6480842,723,,1937,
Q130537758,,,,https://www.santamarcelina.edu.br/faculdade/muriae
Q5971383,,,2009,
Q5913494,3821,,1967,
Q5149845,,,1993,https://www.columbiasouthern.edu/
Q4146980,6718,,1889,https://suny.oneonta.edu
Q11432885,,,1908,
Q136663580,,,2022,https://www.uptm.edu.my
Q132803391,,,1981,https://leitaoguerra.com.br
Q6053849,299,,1994,
Q116486082,,,2011,https://kcu.ac.ug/
Q4076909,,,1992,
Q105550548,,,1957,https://fundacionlasalle.com/
Q109913310,,,2015,https://www.stidkiarrahmah.ac.id
Q4837979,,,1962,
Q27139634,,,2010,
Q30294075,,,,
Q812648,15362,,1971,https://www.frankfurt-university.de/
Q2083886,10500,,1932,
Q1232267,,,1924,
Q123695042,,,2016,https://edufast.com.br
Q13140900,31400,,1991,
Q17224433,,,1960,
Q136663612,,,,https://www.medicina.ulisboa.pt/clinica-universitaria-de-obstetricia-e-ginecologia
Q1380226,627,,1991,
Q30274525,,,,
Q141194119,,,,https://kvbeaufort.moe.edu.my
Q30294055,,,1946,https://www.uajms.edu.bo
Q12506016,,,2001,
Q109911704,,,1980,https://staialhikmahpariangan.ac.id
Q7401824,1581,,1844,https://www.saintmarys.edu/
Q30294232,,,,
Q3534731,,,1875,
Q23975,,,1929,
Q46996980,,,,
Q30293963,,,,
Q109911933,,,1998,https://www.stiemp.ac.id
Q6020697,,,2008,
Q141195531,,,1995,https://kitab.edu.my
Q83512536,,,,https://instituciones.sld.cu/ucmvc/
Q12523437,,,2003,https://unpri.ac..id
Q1521341,752,,1966,
Q59821447,,,,
Q57980451,,,2018,https://poltek-furnitur.ac.id
Q7753142,,,1970,
Q1752540,,,1972,https://www.unical.it
Q6958486,,,2001,
Q8034212,,,,
Q20427183,,,2014,https://www.pnc.ac.id
Q139994581,,,1995,https://itred.edu.ec
Q5373193,1946,,1919,https://www.emmanuel.edu/
Q2075221,6885,,1970,
Q2694492,,,,https://www.cswalcheren.nl
Q21070475,,,2014,
Q7126068,,,2004,
Q459724,5786,,1971,
Q3812404,,,1996,
Q134524042,,,2012,https://putrabusinessschool.edu.my
Q7989410,,,1845,
Q97780209,,,,https://www.gtcfla.edu.cn/
Q30263757,,,1985,
Q7895569,,,1969,https://www.jammuuniversity.ac.in
Q6909049,11026,,1967,https://www.morainevalley.edu/
Q5434953,,,1984,
Q7611389,678,,1887,https://www.sterling.edu/
Q30261224,,,1989,https://hmi.dk
Q3152614,,,1998,https://www.isetcom.tn/
Q109436710,,,2020,
Q6689522,151,,1893,https://www.lpts.edu/
Q20426785,,,2000,https://www.stabkertarajasa.ac.id
Q588239,,,1959,https://tu.edu.np/
Q141195809,,,,
Q7603636,,,1980,
Q135983359,,,2008,https://rephip.unr.edu.ar/handle/2133/9014
Q6728390,2792,,1937,
Q1973130,,,1969,
Q14680717,7634,,1970,
Q16894685,,,1996,
Q7451444,,,1924,https://www.senzoku.ac.jp/music/
Q7895805,632,,2006,
Q129343050,,,2023,
Q7895485,,,1931,
Q30294178,,,,
Q280247,,,1960,https://www.uff.br/
Q109911643,,,,https://www.mmtc.ac.id
Q30294501,,,1981,https://www.umsj.ac.id
Q15889779,,,,https://www.mtc.edu.cn/
Q805790,,,1999,
Q4393424,,,1946,
Q5994929,445,,1967,https://www.iida.ac.jp/
Q720958,,,1873,
Q18355797,,,2002,
Q538452,41136,,1776,https://www.ubbcluj.ro/ro/
Q135095198,,,1975,https://csaegro.agricultura.gob.mx
Q1876567,,,2013,https://www.vives.be/
Q4334698,,,1920,
Q6156595,,,1979,
Q20127556,,,1960,https://injs-yaounde.com/
Q140908086,,,2017,https://stit-buntetpesantren.ac.id
Q1622229,4577,,1949,https://www.hfwu.de/
Q46492,,,1881,https://www.meiji.ac.jp
Q133811486,,,,https://lp2m.asia.ac.id
Q21574125,,,1996,
Q45312,,,1860,
Q10387870,,,,
Q7603624,5007,,1965,
Q4696574,,,1970,
Q4078422,,,2014,https://бюи.мвд.рф
Q16121223,,,2007,
Q30257698,,,1990,
Q7208069,4616,,1902,https://www.pointloma.edu/
Q934439,27792,,1973,https://www.unsj.edu.ar/
Q30293860,,,,
Q1628751,13500,,1941,
Q19059522,,,1921,
Q194622,,,1879,https://www.kunstmuseumbern.ch
Q1441203,5067,,1962,https://www.ph-freiburg.de/
Q6788155,,,2002,
Q4470477,,,1995,
Q3391585,,,1988,https://www.uab.pt
Q1584721,,,2005,
Q7678191,,,1955,
Q7105555,,,1915,
Q33121122,,,2008,https://www.paris-iea.fr
Q6165998,,,2008,https://www.jntua.ac.in
Q4929703,3462,,1967,
Q4005948,,,2006,https://www.uniroma5.it
Q7310500,,,1935,
Q945876,53949,,2019,https://www.univ-grenoble-alpes.fr/
Q30061626,,,,
Q926068,13835,,1952,https://www.unav.edu/
Q30286702,,,,
Q940919,33395,,1941,https://www.uvu.edu
Q140351138,,,2014,https://saera.eu
Q16682075,12446,,2015,https://www.univ-antilles.fr/
Q7913477,,,1995,
Q6971600,,,1886,
Q4705202,705,,2010,
Q6156432,,,,
Q3551403,,,1978,
Q3128583,2000,,1956,
Q4476741,,,,https://urfjc.com/
Q30257717,,,1996,https://sgii-smol.ru/
Q7496523,,,1926,
Q3578249,,,1919,https://mines-nancy.univ-lorraine.fr/
Q1470817,,,2011,
Q6023665,,,1916,https://southbend.iu.edu/
Q61931465,,,2001,
Q5330346,,,,
Q848138,,,1950,
Q7461225,,,1986,
Q5372188,,,1933,
Q4057042,,,1976,https://www.unah.edu.cu/
Q4848899,,,1964,
Q262760,12576,,1969,https://www.epfl.ch/
Q5071633,6427,,1885,
Q7338849,2178,,1933,https://www.rivier.edu/
Q129342842,,,2022,
Q117405641,,,,https://www.ceu.edu/campus
Q4411479,,,1996,
Q380454,,,2006,
Q61931266,,,2005,
Q136663468,,,2001,https://unileao.edu.br
Q33121396,,,1972,
Q5623285,,,2012,
Q8054618,,,1941,
Q5015963,,,,
Q1017656,,,1921,
Q482711,,,1950,
Q5764876,,,1975,https://www.hpuniv.ac.in
Q372608,12896,,1460,https://www.unibas.ch/
Q19749127,,,,
Q30266981,,,2009,
Q1442778,,,1996,
Q12235841,,,,https://uom.edu.sa
Q30262879,,,1983,
Q414034,,,1818,https://www.asp.krakow.pl
Q52236385,,,2018,
Q140871005,,,1996,https://pucesd.edu.ec
Q17066828,,,,
Q626872,,,1980,https://www.police.ac.kr
Q5150126,27621,,1963,https://www.cscc.edu/
Q2370088,,,1996,
Q7163264,,,1958,
Q7228278,,,1551,
Q16951582,9547,,1950,https://www.mercy.edu/
Q2496184,4169,,2000,https://unze.ba/
Q109911907,,,2004,https://stietenggarong.ac.id
Q141193950,,,2008,https://www.kktmmasjidtanah.edu.my
Q7001944,2506,,1965,https://www.neumann.edu/
Q5116067,,,1986,https://www.chukyogakuin-u.ac.jp/
Q28172782,,,2010,https://www.buat.edu.in
Q7976817,1576,,1850,
Q7904453,,,1965,
Q6048745,,,2011,https://www.alanyauniversity.edu.tr/
Q109912602,,,1998,https://www.akperpasarrebo.ac.id
Q1202292,,,1971,
Q28950140,,,1979,https://www.unr.ac.id
Q10829137,,,,https://thanhdo.edu.vn/
Q50040299,,,1977,
Q114340029,,,2016,https://crmefcasablancasettat.ma
Q7570038,,,1971,https://my.sit.ac.nz
Q4841315,,,1977,
Q133812008,,,1995,https://www.escuelasuperiordeaudio.com.ve
Q4314795,,,1995,
Q6367760,,,1997,
Q136762990,,,,https://www.culko.in
Q5380756,,,1983,
Q816145,16000,,1964,
Q8066311,,,2002,
Q3412216,,,1995,https://www.devinci.fr/
Q15662456,,,1991,https://www.mpu.edu.mo
Q14713041,2050,,1962,
Q12523292,,,2002,https://www.um-sorong.ac.id
Q10387876,,,2012,
Q20711881,,,2013,
Q126839657,,,2001,https://centla.tecnm.mx
Q7896213,1812,,1974,https://www.rio.edu/
Q21653939,,,2015,
Q56393961,,,2014,https://www.unusu.ac.id
Q7603621,2500,,1911,
Q2945328,,,1946,https://www.cfjparis.com/
Q25411285,,,1976,
Q721103,,,2006,
Q141194456,,,,https://kuypj.edu.my
Q5002596,7175,,1927,
Q109912903,,,2002,https://www.stiba.ac.id
Q6156565,,,2000,
Q635116,8500,,1975,
Q2370318,,,1959,
Q28174125,,,2016,https://www.iimj.ac.in
Q124092211,,,,https://afrigist.org/
Q14689503,,,1963,
Q4557443,,,1947,
Q91416054,,,1945,
Q7972303,,,1989,
Q141195441,,,1999,https://www.fmm.edu.my
Q19731019,,,,https://www.poltekkeskendari.ac.id
Q4705810,4037,,1958,
Q139771675,,,2016,https://alhayat.edu.so
Q4794168,,,2009,
Q30257799,,,,
Q6559121,,,1986,https://visualtheatre.co.il/
Q7894350,,,1972,
Q65379,28470,,1872,https://www.vt.edu/
Q12193470,,,2002,
Q7830888,43,,2003,
Q59535935,,,,
Q16480995,,,1977,https://viu.edu.vn/
Q6416339,,,1901,https://www.gmu.ac.jp/
Q19748970,,,,https://stt-abdiel.ac.id/
Q4693940,,,1981,
Q5115295,,,1938,
Q9091552,,,1981,
Q3330734,,,1963,
Q6346653,597,,1933,
Q7895617,,,1979,https://www.unisabana.edu.co/
Q15903750,,,1912,
Q6156836,,,2004,https://www.uhemisferios.edu.ec/
Q2495858,,,1974,
Q56840804,,,,
Q1541277,,,1996,
Q4959024,3852,,1968,
Q625421,,,1995,
Q24884635,,,2016,
Q1474005,7490,,1899,
Q8055408,4400,,1787,https://www.ycp.edu/
Q2860558,,,1913,
Q8190379,,,1965,
Q1887921,11579,,1989,https://notredame.edu.au/
Q140645731,,,1957,https://cetj.edu.ly
Q4370825,8500,,1914,
Q113551483,,,1825,https://benmac.edu.mx
Q56187114,20,,2021,https://www.utn.de/
Q6805357,,,2015,https://www.medicaps.ac.in
Q7603236,,,2005,https://www.ansb.pl/
Q1869074,,,2003,
Q16511695,,,2006,
Q30288273,,,,
Q248919,,,2005,
Q5616954,,,1958,
Q7692497,,,1982,
Q30257216,,,,
Q4696126,,,2009,https://www.ahduni.edu.in
Q140366450,,,2022,https://bitu.uz
Q12701153,,,,
Q7054751,1591,,1925,
Q135095644,,,,https://www.porto.ucp.pt/pt/Catedra-Poesia-e-Transcendencia-CPT
Q18162019,,,2014,
Q958696,,,1876,
Q133811661,,,,https://www.tum-create.edu.sg
Q6124050,,,1961,
Q3321306,6541,,1933,https://www.monroeu.edu/
Q7742212,,,1990,
Q141193952,,,,https://kksandakan.mypolycc.edu.my
Q108737445,,,2000,
Q4702165,,,2005,
Q140351709,,,,https://uhslc.soest.hawaii.edu
Q2946102,1751,,2011,
Q7896226,186,,1844,
Q2092214,17915,,1947,
Q14715762,528,,1894,
Q30297324,,,1992,
Q6471734,,,1973,
Q17997449,,,1962,https://www.untagcirebon.ac.id
Q30293849,,,,
Q263064,26314,,1909,https://ucsb.edu
Q46996982,,,,
Q3918532,,,1950,
Q30257277,,,1873,
Q8171840,798,,1925,
Q4398112,,,1993,
Q109910743,,,1997,
Q16096165,,,1984,
Q16434459,,,1989,https://scphtrang.ac.th
Q138460441,,,2017,https://www.ngiguwahati.in
Q7128010,26666,,1933,
Q138859871,,,2015,https://www.unavarra.es/sites/research-institutes/inarbe.html
Q141193948,,,2000,https://adteckulim.gov.my
Q28418182,,,,
Q141194636,,,,
Q495957,,,2002,
Q5969511,,,1979,
Q30337,,,2005,
Q39055282,,,2003,
Q5056933,,,1977,
Q12968020,,,,
Q15925839,,,2001,https://www.cdpc.edu.cn/
Q10302485,,,2008,
Q61931518,,,1948,
Q30265691,,,1951,
Q7382396,623,,1866,
Q109911956,,,1998,https://www.akademiperekammedis.ac.id
Q54874669,,,2017,https://www.alayen.edu.iq
Q827783,,,1973,https://www.tradoc.army.mil/
Q30265559,,,1987,
Q141195761,,,1996,
Q4936100,,,1963,
Q5062739,,,1991,
Q4953740,,,1993,
Q1135937,1353,,1949,https://www.obihiro.ac.jp/
Q6973718,,,2010,
Q16046916,,,1362,
Q5054305,,,2004,
Q12523339,,,1986,https://www.unisda.ac.id.
Q109922063,,,2014,
Q128123054,,,,https://www.aiu.edu.ly
Q7094417,15000,,1995,
Q3112939,1662,,1955,
Q636031,49,,1990,https://www.archivschule.de/
Q4351501,4500,,1918,
Q939721,,,1979,https://www.elclaustro.mx
Q12189982,,,1960,
Q109913401,,,2019,
Q11524575,,,1992,
Q30295568,,,,
Q1138384,21014,,1848,
Q141194808,,,1994,https://myikmas.islam.gov.my
Q109912807,,,1995,
Q30265786,,,2009,
Q2137488,,,2003,
Q5873989,,,1994,
Q467025,2754,,1551,https://www.unigre.it
Q4708506,40,,1966,
Q30257620,,,1993,
Q2837834,,,1961,https://www.allegany.edu/
Q7895020,,,2009,https://www.uasraichur.edu.in
Q10915657,,,2012,
Q129343063,,,2022,
Q106808253,,,2009,https://akpermarthenindey.ac.id
Q19600083,,,2016,
Q12204553,,,2012,
Q106412013,,,2014,https://uisi.ac.id
Q5146695,,,2004,https://www.cekottarakkara.ihrd.ac.in
Q5144788,46,,1970,
Q19881671,,,2014,https://www.adamasuniversity.ac.in
Q6368020,,,2005,
Q109912175,,,1998,https://www.stahdnj.ac.id
Q5255905,103598,,1968,https://unr.edu.ar/
Q6783284,,,2007,
Q109574991,,,2004,https://issmv.edu.gn
Q137943460,,,2007,https://www.vuv.hr
Q135739173,,,2019,https://www.ihmranchi.in
Q16682060,,,1988,
Q141194600,,,,https://www.putraintelek.edu.my
Q3151861,,,1990,
Q50040178,,,,https://di.mod.bg/
Q30263460,,,2001,
Q109912584,,,2015,https://www.unkriswina.ac.id
Q28223513,,,2015,
Q62080174,,,1975,https://www.icbas.up.pt
Q4986155,,,1948,
Q50038979,,,1995,
Q7055505,2280,,1891,https://www.ngu.edu/
Q4154244,,,1937,https://www.dvgups.ru/
Q2025592,,,2006,
Q736674,37437,,1876,https://www.colorado.edu/
Q141195114,,,1997,https://colleges.segi.edu.my/sarawak/
Q4853224,,,1992,
Q599316,10007,,1919,https://newschool.edu/
Q4451485,,,1998,
Q7191541,4864,,1972,https://www.pvcc.edu/
Q20110168,,,,
Q6427188,,,2001,
Q5012894,,,2009,https://www.cmjumeghalaya.edu.in
Q5439067,10932,,1961,
Q625945,,,1947,
Q7936182,,,2006,
Q832792,,,1920,
Q258464,18174,,1592,https://www.tcd.ie/
Q7129474,36,,2002,https://pau.edu.ng/
Q3037890,,,1976,https://ump.edu.vn/
Q131428158,,,,https://tecmm.edu.mx
Q30266641,,,2007,
Q781108,,,1979,https://www.unileon.es/
Q5640316,,,2005,
Q5784227,,,1906,
Q25056633,,,1992,https://www.federalpolyede.edu.ng
Q6117378,4203,,1967,
Q4418282,,,1932,
Q140868740,,,1996,https://isams.rnu.tn
Q141195745,,,,https://kvlikas.moe.edu.my
Q3551844,,,1949,
Q30257821,,,1968,
Q19458944,,,1996,https://www.iftmuniversity.ac.in
Q5962542,,,2007,
Q56847102,,,2011,https://www.unifamesc.edu.br
Q6483177,,,1903,https://www.pacollege.edu/
Q109911984,,,2010,https://staidakrempyang.ac.id
Q3073363,,,2001,
Q4081726,25000,,1954,
Q28153755,,,2015,https://www.adypu.edu.in
Q5664580,,,1931,
Q131877217,,,2010,https://quni.edu.ye
Q14917504,,,,https://www.idu.ac.id
Q7353226,,,,
Q16952,44730,,1898,https://english.pku.edu.cn
Q30263488,,,,
Q661322,,,,
Q30263360,,,1986,
Q1029244,,,1971,https://camosun.ca/
Q7753141,,,1930,https://nasi.org.in/
Q5209133,,,1955,
Q123032841,,,,https://iees.pt
Q109919427,,,2019,
Q43896765,,,2001,
Q52848671,,,1985,
Q140351487,,,1972,https://www.mbscollege.ac.in
Q6427192,,,1995,
Q12622832,,,2010,
Q24884248,,,2016,
Q28949965,,,2001,https://www.unsur.ac.id
Q540672,28249,,1856,https://auburn.edu
Q141195329,,,,https://kkbetong.mypolycc.edu.my/v1
Q4842894,,,2000,
Q12107472,,,,
Q3578018,,,1968,
Q4832056,,,,
Q139779,,,1991,
Q1475126,,,1920,
Q7961194,,,1987,https://www.wakhok.ac.jp/
Q170171,,,1994,https://www.baskent.edu.tr/tr/
Q14707354,,,1971,
Q141194007,,,,https://tokyo-human.edu.vn
Q114340012,,,1991,https://processus.edu.br
Q135983345,,,2016,https://cdiohio.org
Q3578375,,,1898,https://www.groupe-esa.com
Q5532987,1418,,1848,https://www.geneva.edu/
Q12104640,,,1914,
Q123468294,,,2018,https://www.iilm.edu.in
Q12167358,,,1992,
Q16697399,,,1962,https://сибюи.мвд.рф/
Q7082127,2055,,1950,https://www.oc.edu/
Q6156681,,,1988,
Q131101560,,,2023,
Q14708780,,,1957,
Q140868299,,,2025,https://unisa-palembang.ac.id
Q7691039,,,1984,https://www.twoa.ac.nz/
Q126839485,,,,https://imi.bg.ac.rs
Q4891939,,,2009,
Q52848129,,,2004,https://www.dgcu.edu.cn/
Q131428204,,,2021,https://srinathuniversity.ac.in
Q7587564,,,1967,
Q11593302,,,1944,
Q109911831,,,2020,https://tritunas.ac.id
Q7245134,687,,1912,https://www.principiacollege.edu/
Q7987183,,,1986,
Q126839618,,,2001,
Q11525481,634,,1950,
Q30263642,,,2002,https://forsvaret.no/hogskolene/en/nduc
Q4727674,,,2002,
Q29054631,,,,https://www.vsdanubius.sk/
Q5613642,,,1958,
Q16968756,,,2000,
Q7676198,1604,,1996,https://www.tnnua.edu.tw/
Q7559836,,,1974,
Q30266648,,,,https://kcik.ug.edu.pl/
Q7509452,,,1992,
Q861904,11701,,1984,
Q130293343,,,,https://catholic.tech/
Q12522872,,,1965,https://www.uin-alauddin.ac.id
Q19599770,,,2014,https://www.ramauniversity.ac.in
Q11616433,,,1923,https://www.aizuhokurei.jp/
Q8070488,,,1958,
Q6863272,,,1919,https://www.minatogawa.ac.jp/
Q8070661,,,1958,https://www.zafu.edu.cn/
Q17038565,1236,,1967,
Q10883256,,,1904,
Q4564567,1467,,1723,https://www.washcoll.edu/
Q102347733,,,2017,https://fezzanu.edu.ly/en/
Q14444565,,,,
Q109919503,,,1979,https://www.ikippgrikaltim.ac.id
Q30644482,,,1959,
Q5015927,,,1960,
Q29052,12962,,1873,https://www.vanderbilt.edu/
Q3643633,,,2008,
Q7401441,,,1942,
Q1515214,,,1834,https://www.rma.ac.be/
Q138854408,,,,https://www.nyc.gr
Q1437166,,,1988,https://ulsu.ru/en/
Q4270064,,,1966,https://lntu.edu.ua/uk
Q9380740,,,2002,
Q24944243,,,2000,https://www.mihe.ac.uk/
Q6023671,,,1970,https://columbus.iu.edu/
Q30266915,,,,
Q30253903,,,1982,
Q16587154,,,1999,https://www.pwsz.edu.pl/
Q4948170,,,1972,
Q13652966,,,2012,https://shanghai.nyu.edu
Q7283682,,,2012,https://www.raiuniversity.edu
Q138859677,,,,https://www.iuvas.org
Q30294244,,,1986,https://www.univ-mascara.dz/index.php/fr/
Q20651870,,,1993,
Q129343783,,,2023,
Q3117948,,,1969,https://www.esc-pau.fr
Q30288851,,,1979,https://www.thechicagoschool.edu
Q25452881,,,2017,
Q60055849,,,,https://kau.org.ua/
Q113155475,,,1977,https://www.emnsc.pt/index.html
Q2264760,,,1920,
Q30263406,,,1891,
Q61931890,,,1992,
Q7730313,,,1991,
Q7707564,250,,1908,
Q7488523,,,1945,
Q39054395,,,2004,
Q7402534,,,1983,https://www.sai-junshin.ac.jp/
Q7323380,798,,1973,
Q30257724,,,1992,https://www.shu.ru/
Q104481518,,,2020,https://www.duet.edu.ua/en
Q11382529,,,1962,
Q30265312,,,,
Q4811950,,,1916,
Q982400,6127,,2009,
Q4743096,,,1865,https://www.aasa.org/
Q16976056,,,1933,
Q5397468,,,1870,
Q7877620,,,2005,
Q11595498,,,1873,
Q3919998,5000,,1937,
Q61128886,,,2013,https://www.nctu.edu.vn/
Q289348,17600,,1892,https://www.lsbu.ac.uk/
Q30294482,,,,
Q5030652,,,1978,
Q14979352,,,,
Q7839834,,,1918,
Q130537812,,,2020,https://pegafi.edu.ph
Q24884650,,,,
Q30295029,,,,https://www.cvbc.ca/
Q1806541,1045,,1943,https://www.usmma.edu/
Q1728129,,,1851,https://www.kanti.sh.ch/
Q6469995,,,1939,
Q634796,,,1975,
Q3551421,,,1856,https://www.ujed.mx/
Q1861687,16218,,1893,https://www.montana.edu/
Q51781390,,,2010,https://osuna.univ-nantes.fr/
Q4080165,,,1932,
Q1584459,12000,,1958,
Q5034681,2710,,1961,
Q9380792,,,2003,https://wsmed.edu.pl/
Q505170,9620,,1946,https://www.leuphana.de/
Q15927225,,,1992,
Q107519912,,,2016,https://aims.ac.rw/
Q3152136,,,1968,
Q65091076,,,2009,
Q626362,,,,
Q16258314,,,2013,
Q1186843,20152,,1782,https://bme.hu
Q7571834,,,,
Q354333,,,1991,
Q1443595,,,1961,
Q4743054,,,1969,https://www.aacnnursing.org/
Q129343039,,,2023,
Q4808388,,,1947,
Q3551434,,,2000,
Q7488528,,,1951,
Q135095434,,,,https://www.ies-sbs.org
Q30253933,,,1987,https://www.aun.edu.eg/hospitals/English/
Q30294095,,,,
Q135398348,,,2019,https://www.cresp.ca
Q2062675,,,1830,
Q125450744,,,2021,https://mnp.ac.id
Q9143067,,,1922,
Q30293936,,,,
Q30254310,,,2005,https://www.dmiher.edu.in/
Q5350979,,,,
Q4094801,,,1982,
Q5518530,,,2011,https://www.galgotiasuniversity.edu.in
Q5116360,15702,,1955,
Q18126022,,,,
Q6020620,,,2000,
Q28419649,,,1921,
Q7402283,54,,1846,
Q5589829,,,,https://www.gbpssi.in
Q109913901,,,1980,
Q113561015,,,2019,https://mmchpalamu.org/
Q85877855,,,2020,https://www.ryujo-u.ac.jp/
Q4196594,,,1930,
Q6695115,1664,,1957,
Q30297445,,,,
Q101378207,,,,https://www.wsi.med.uni-muenchen.de/index.html
Q9380766,,,1996,https://www.wit.edu.pl/
Q7018483,,,1969,
Q4059216,,,1966,
Q5437801,,,1996,
Q5340070,,,1995,
Q7447554,,,1984,
Q2485010,,,1902,
Q5421133,,,2009,
Q6103980,,,2007,
Q5094840,,,2005,https://csvtu.ac.in
Q52609380,,,,https://www.flacso.edu.mx/
Q98098841,,,,
Q15260958,,,2009,
Q30257589,,,1933,
Q125138382,,,2023,https://hensarduniversity.edu.ng/
Q7241915,,,2001,
Q25409994,,,1973,https://www.cunef.edu/
Q12712166,,,2006,https://www.wou.edu.my
Q30266504,,,1990,
Q15846190,,,1950,
Q6845144,,,1990,
Q109919549,,,,https://www.sttpb.ac.id
Q30294057,,,,
Q7491551,,,1966,
Q138860373,,,2021,https://www.shrishankaracharyauniversity.com
Q30290531,,,,
Q4005945,,,2005,
Q141195528,,,2003,https://www.hanbridge.edu.sg
Q107209412,,,2006,https://www.sohag-univ.edu.eg
Q30288647,,,,
Q30257748,,,1992,
Q16415009,,,1995,
Q20427719,,,1966,
Q3551417,,,1989,
Q11374899,,,2010,https://www.cira.kyoto-u.ac.jp/
Q6393404,,,2002,
Q11402828,,,1979,
Q10279085,,,,
Q8013573,1840,,1939,https://jessup.edu/
Q589636,25220,,1946,https://www.ukim.edu.mk/
Q5253252,107,,1997,
Q6555497,,,1988,
Q5646966,,,1872,
Q7063387,,,1922,https://www.notredamecollege.edu/
Q1411271,,,1977,
Q11484822,,,1901,
Q461033,45000,,1902,
Q29126757,,,,
Q112676882,,,,https://www.szvtc.cn/
Q5146896,,,1903,
Q216273,10425,,1413,https://st-andrews.ac.uk
Q114712246,,,2022,https://uust.ru
Q4314700,6000,,1967,
Q491714,,,1951,https://www.cbnu.ac.kr/
Q4288141,,,1992,https://mubint.ru/
Q11471523,,,1926,
Q7039612,,,1967,
Q19746168,,,1982,https://unmas.ac.id/
Q1630653,,,1941,
Q109912804,,,2020,https://www.iikpelamonia.ac.id
Q138860215,,,,https://ust.edu.ye/hoda/
Q3604493,,,1904,
Q7928533,,,1955,
Q117405693,,,1981,
Q8072584,,,,
Q7683061,,,1925,
Q51782598,,,2010,https://aecc.hypotheses.org/
Q30289818,,,1990,
Q29718,14343,,1991,https://www.uji.es
Q6360885,,,1957,https://www.kanazawa-it.ac.jp/
Q4406405,,,1931,
Q1352632,1000,,1943,https://sais.jhu.edu/
Q97214686,,,2020,https://www.ukh.ac.id
Q6346398,,,1967,
Q1143711,2550,,1842,
Q8040714,,,1997,
Q3578429,806,,1962,
Q14956991,,,2010,https://www.dknmu.org
Q15846344,,,1920,
Q20708490,2885,,1962,
Q42309839,,,,https://www.aku.edu/Pages/home.aspx
Q494335,27388,,1971,https://www.univ-tours.fr/
Q28183913,,,,
Q5126331,287,,1885,
Q149433,7280,,2013,https://www.b-tu.de/
Q111743641,,,,https://www.mgmiindia.in/
Q7414125,,,1871,
Q109911599,,,2014,
Q21083970,,,1996,
Q140876743,,,2007,https://vet.gov.ua
Q3578062,,,1964,
Q109912802,,,2018,https://www.poltradabali.ac.id
Q5616948,,,1941,
Q1131088,,,1959,
Q6859396,8500,,1855,
Q52637498,,,,https://info.syekhnurjati.ac.id/
Q7895989,,,1920,
Q18394263,,,1998,
Q608338,34000,,1864,https://unibuc.ro/
Q30266515,,,1998,
Q24896519,,,2009,https://www.niituniversity.in
Q389852,,,1956,
Q7428546,,,1947,
Q5254668,,,2009,
Q141195142,,,2004,https://www.dika.edu.my
Q3446076,10651,,1840,https://bridgew.edu
Q2975784,,,1941,
Q2347687,,,1854,https://tuu.nl/
Q30266509,,,2005,
Q109912173,,,1994,
Q25539496,,,,
Q3551688,1737,,1892,https://www.wallawalla.edu/
Q137943327,,,2011,https://velarca.hr
Q3535980,,,1952,
Q5925062,807,,1990,https://www.hfu.edu.tw/
Q7894249,,,1965,
Q4115744,,,2010,https://ejust.edu.eg/
Q107334343,,,2021,https://vau.ac.lk/
Q65293548,,,,https://kpur.ac.jp/
Q4939511,,,1931,
Q141195556,,,,https://kolejketengah.edu.my
Q6971404,,,,
Q1621642,,,1793,
Q197720,,,1949,https://www.uec.ac.jp/
Q139771317,,,2019,https://www.cucom.org
Q2128665,,,1921,
Q1849271,,,1966,
Q136663439,,,1957,https://stjosephcte.in
Q890755,14792,,1988,
Q1379834,30197,,1899,
Q30266547,,,2013,https://www.universitas-trilogi.ac.id
Q17215082,,,1947,
Q985091,,,1988,
Q6940168,,,1991,
Q139771324,,,2023,https://www.ens-saida.dz
Q136655606,,,1997,https://ubas.edu.pk/
Q3578131,,,,
Q10854154,5266,,1934,https://www.enmu.edu/
Q1979891,,,1973,https://www.unl.pt/
Q250205,27836,,1892,https://www.cmich.edu/
Q7570499,2018,,1975,
Q30260547,,,1986,
Q3117441,,,1975,https://www.inseec.com/
Q4126492,,,1958,
Q14705370,,,1997,
Q6082249,,,1986,
Q30257798,,,,
Q24570089,,,1999,
Q30268201,,,1866,https://www.shastacoe.org/
Q7414339,,,1961,
Q1262605,34390,,2009,
Q30257171,,,1995,
Q28172491,,,2009,https://www.shooliniuniversity.com
Q2687517,,,1906,https://english.jnu.edu.cn/
Q7587335,,,1871,https://stbonifacehospital.ca/
Q2897191,2625,,1931,
Q109442100,,,2020,https://itbaas.ac.id
Q6108959,,,1981,
Q59536758,,,,
Q903092,,,1538,https://unideb.hu/
Q497488,,,1979,https://www.inu.ac.kr/
Q2910878,,,1974,
Q1330634,38475,,1962,https://international.unb.br/
Q11374932,,,1951,https://www.dpri.kyoto-u.ac.jp/
Q85845319,,,2000,https://uago.ac.cd/
Q136448346,,,1997,https://afutcindore.com
Q56682998,,,2018,https://www.nhlstenden.com/
Q24949311,,,2015,
Q1628775,,,1810,
Q1030305,4555,,1969,
Q30257544,,,1994,
Q2749572,3965,,1853,
Q7842593,,,1948,
Q125255403,,,2024,https://ko-ken-k3.ac.jp/
Q16170884,,,2004,
Q10387884,,,1971,
Q11947321,,,2003,
Q3113701,1327,,1978,https://www.juen.ac.jp/
Q7781992,,,1868,
Q109911720,,,2019,
Q5858872,,,1995,
Q29168906,,,,
Q9195444,,,1999,https://www.mazovia.edu.pl/
Q11676532,,,1963,
Q25529177,,,1981,
Q6404014,,,1990,
Q1467920,,,1910,https://www.divinity.edu.au/
Q1432635,400,,1979,
Q7402054,,,1907,
Q2590962,7547,,1866,
Q5873981,,,,
Q140450526,,,2015,https://zikura.edu.mv
Q4117960,,,2007,
Q19748493,,,2021,https://inaba.ac.id/
Q11421321,,,2004,https://www.kosen-k.go.jp/
Q7895118,,,2011,
Q3578193,,,,
Q12523284,,,1958,https://www.untag-sby.ac.id
Q30260539,,,1924,
Q48731025,,,2013,https://www.gardencity.university
Q919256,,,1969,https://www.uqtr.ca/
Q7569775,,,1932,
Q2564975,3203,,1901,https://western.edu/
Q43895679,,,1963,https://www.amapr.org/
Q1725405,2208,,1955,https://chaminade.edu/
Q94674366,,,2011,https://www.nmit.edu.my/
Q2392351,,,1992,
Q133811906,,,,https://nacrc.spu.ac.in
Q1786506,481,,1972,
Q84941339,,,2019,https://www.health-and-medical-university.de/
Q109913239,,,2020,
Q131293755,,,,https://www.tiu.uz/
Q30294400,,,,
Q56840371,,,,
Q7894273,,,1886,
Q132803485,,,2022,
Q676139,,,1995,https://www.fosu.edu.cn
Q30293739,,,,
Q11589003,,,2004,
Q12523383,,,2001,https://umbuton.ac.id
Q7978277,,,1869,https://www.wc.edu
Q1030079,,,1998,
Q46021,,,1973,
Q5562547,,,1946,
Q5437861,,,1951,
Q3577713,,,1976,
Q12308375,,,,
Q140045483,,,,https://www.dal.ca/faculty/arts/classics/centre-for-jewish-studies.html
Q141195188,,,1997,
Q1807916,,,1968,
Q4095278,,,1956,
Q5521430,4251,,1925,https://www.gannon.edu/
Q107724079,,,2017,https://adun.edu.ng/
Q6963692,,,1960,
Q7360374,,,1900,
Q30280363,,,2003,
Q5001479,,,1983,
Q6234826,,,2006,https://drjgmust.com
Q125450737,,,,https://gpabad.ac.in
Q16638245,,,1999,
Q6447857,,,2005,https://www.ktujm.ac.in
Q1575044,,,1921,https://visvabharati.ac.in
Q5629445,,,1986,
Q48726124,,,1999,
Q30271071,,,,
Q5380989,,,2007,
Q7423738,,,1961,
Q501758,49500,,1853,https://www.ufl.edu/
Q141195718,,,2010,https://www.rengcollege.edu.my
Q4943892,,,1982,https://boothuc.ca
Q30257632,,,1993,
Q110100670,,,2021,
Q10387851,,,2007,
Q31840541,,,2002,https://iob.edu.tl
Q17063212,,,1957,
Q12449999,,,1956,
Q7587481,,,1950,
Q141195752,,,1981,https://www.up.edu.mx/campus-guadalajara/
Q15036634,,,2013,
Q25477770,,,2015,
Q11388520,,,2005,https://www.gpi.ac.jp/
Q4080163,,,1930,
Q1797584,,,1882,https://www.kogakkan-u.ac.jp/
Q56394105,,,2014,
Q1420038,28272,,1841,https://queensu.ca/
Q4142924,,,1997,
Q1622094,,,1978,https://www.dali.edu.cn/
Q30294207,,,,
Q10302488,,,1909,
Q136663919,,,,https://www.medicina.ulisboa.pt/laboratorio-de-genetica
Q5707269,,,1845,https://www.hna.gr/en
Q77082802,,,2004,
Q94279,2070,,1972,https://uas.alaska.edu/
Q1524124,2253,,1867,
Q136663875,,,,https://cedis.novalaw.unl.pt
Q135738978,,,2002,https://www.descoem.edu.ng
Q649998,,,1970,https://www.uonbi.ac.ke/
Q7494351,,,1949,https://www.symc.edu.cn/
Q9378761,,,,
Q6788236,,,1952,
Q10279538,,,1967,
Q138350072,,,2002,https://drgupopeengg.org
Q6156554,,,1977,
Q25619375,,,2007,
Q20016895,,,2014,https://www.unavarra.es/isc/
Q79403381,,,2019,https://ahuc.edu.eg/
Q6132071,,,1946,
Q24933515,,,2002,
Q1210045,2345,,1783,
Q109912293,,,2004,https://stik-sitikhadijah.ac.id
Q7899874,,,1993,
Q7498315,,,1942,https://daigaku.shiraume.ac.jp
Q30288268,,,,
Q108737523,,,2008,
Q1045167,3451,,1846,
Q141193780,,,2002,https://www.meatech.edu.my
Q2075365,61967,,1903,https://www.upr.edu/
Q16938413,,,2011,
Q1391752,4213,,1858,
Q24259245,,,,https://fulbright.edu.vn
Q7918113,,,1956,https://www.vssut.ac.in
Q136663918,,,,
Q30286147,,,,
Q7896565,6304,,1990,
Q100955836,,,2015,
Q30293879,,,,
Q5115949,,,,https://www.chugachschooldistrict.com/
Q3183295,,,1992,https://www.derby.ac.uk
Q4881206,,,1936,
Q482688,,,1991,
Q136352037,,,1991,https://www.upecde.edu.py
Q7427891,3649,,1929,
Q89533243,,,2003,
Q133812073,,,,https://www.phsg.ch/de/studium/international
Q7042646,,,1971,https://www.nkrumah.edu.zm/
Q11704905,,,1998,https://ude.edu.uy/
Q126911819,,,,https://mccoycoe.edu.gh/
Q14714546,12618,,1912,
Q135948175,,,,https://nukusstu.uz/
Q141194651,,,,https://kkkluang.mypolycc.edu.my
Q30297443,,,2013,
Q7896214,,,2001,
Q579968,32777,,1839,https://missouri.edu/
Q6156394,,,1953,
Q497033,,,1973,
Q10387891,,,1973,https://www.unifor.br/
Q134251499,,,,https://speakwell.pt
Q48756211,,,,https://www.sfu-berlin.de
Q1532864,,,2000,https://utq.edu.iq
Q129571841,,,,https://tescha.edomex.gob.mx
Q10369267,,,,
Q4503232,,,1993,
Q30261521,,,1994,
Q273564,823,,1961,
Q11441613,,,1932,
Q109911429,,,2005,https://stikomyos.ac.id
Q10906657,,,2002,
Q100258391,,,2012,
Q1962613,,,1758,https://sechenov.ru/
Q136663627,,,,https://cehum.elach.uminho.pt
Q21041502,,,2011,
Q48790505,,,1937,
Q16643735,,,,
Q16891827,,,1979,
Q6039967,27,,,
Q132853201,,,2022,https://constructor.university/
Q574316,1154,,1829,https://www.ic.edu/
Q15179385,,,2012,
Q129343532,,,2018,
Q115536564,,,2002,
Q132803446,,,2012,https://www.feta.ac.tz
Q4331401,,,1930,
Q7507387,,,1908,
Q5969379,,,1897,
Q138859643,,,2021,https://faedi.edu.br
Q97199998,7616,,2000,https://univpgri-palembang.ac.id
Q3348743,,,1856,https://www.iiests.ac.in
Q30266491,,,1985,https://kazerun.iau.ir/
Q45817,,,1991,
Q131428242,,,2009,https://www.cerna.minesparis.psl.eu
Q7983889,,,1922,
Q4752735,,,,https://www.asdk12.org/
Q25230664,,,2015,https://www.univ-batna2.dz/
Q134703678,,,2022,https://www.ukf.ac.ae/en/
Q5061506,21398,,1964,
Q646136,210,,1921,
Q30258932,,,1941,
Q767720,,,,
Q119285478,,,2015,https://www.mkau.edu.et/
Q10869592,,,1952,
Q138655106,,,2005,https://samtuit.uz
Q134251028,,,,https://tlaxco.tecnm.mx
Q1312762,5675,,1977,https://www.slu.se
Q8193054,,,1886,
Q24936436,,,,
Q30294238,,,2011,
Q50379242,,,2002,
Q134390096,,,1982,
Q7813883,,,2006,
Q59535223,,,1996,
Q1305486,41642,,1940,https://www.ucr.ac.cr/
Q12523289,,,2002,https://www.unfari.ac.id
Q109921832,,,2003,
Q6736326,,,1866,
Q3179598,,,1987,https://www.unavarra.es
Q30259190,,,,
Q30294388,,,,
Q30293716,,,,
Q6714831,,,2001,
Q1195900,,,1950,https://www.u-ryukyu.ac.jp/
Q3023385,,,1859,https://www.dpsk12.org/
Q46996983,,,,
Q9351632,,,1992,
Q77924246,,,1991,https://www.afcoe.edu.gh/index.php
Q7499800,,,2006,
Q2566683,1619,,1954,
Q3298441,,,1931,https://www.devry.edu/
Q30293961,,,,
Q7304839,,,1938,https://www.rrc.ca/
Q657222,7313,,1870,https://www.stevens.edu/
Q7114753,3901,,1986,
Q107477950,,,1981,https://fceehamufu.edu.ng
Q117251,2967,,1888,
Q5146733,1114,,1891,https://www.collegeofidaho.edu/
Q4406401,,,1930,
Q3551792,,,1997,
Q19744771,,,2001,https://www.ugk.ac.id
Q131877760,,,1930,https://www.esup.edu.pe
Q6413919,,,1973,
Q477988,,,1997,https://www.upo.es
Q141199115,,,1968,https://www.up.edu.mx/campus-cdmx/
Q3551721,,,1998,
Q123694980,,,2020,https://ksu.edu.kz
Q61931485,,,,
Q30280406,,,1997,
Q11046731,7339,,1994,https://www.ambis.cz
Q91413842,,,2003,
Q139407960,,,2014,https://uvers.ac.id
Q7390268,,,1998,
Q109912836,,,2014,
Q24590449,,,2014,
Q104632841,,,1971,https://stfwidyasasana.ac.id
Q30257833,,,1991,
Q137409061,,,,https://www.asp.cosenza.it
Q7894232,,,1964,
Q192088,,,1440,
Q18706131,,,,https://www.yosemite.edu/
Q741563,8000,,1950,
Q30266537,,,1996,
Q136663654,,,,
Q11441161,,,1895,https://www2.osaka-c.ed.jp/ibaraki/
Q4951533,,,1984,https://www.boxhill.edu.au/
Q4837977,4000,,1970,
Q19611734,,,2013,
Q102347739,,,2017,
Q1765092,,,1870,https://conservatorioferrara.it/
Q19731017,,,,https://www.poltekkes-banjarmasin.ac.id
Q25377774,,,1997,
Q771642,,,1970,https://www.inat.tn/
Q61931830,,,1951,https://pnsa.edu.kh/wp/
Q13021897,,,,
Q4674246,,,1960,
Q16097998,,,1963,https://www.cst.ac.kr/
Q140046165,,,,https://pmvids.edu.in
Q109913103,,,1985,https://www.stiem-bongaya.ac.id
Q3041279,,,2014,https://dundeeandangus.ac.uk/
Q20426828,,,2022,https://uinbukittinggi.ac.id
Q11412027,,,1989,
Q113679994,,,1999,
Q18599934,,,1700,
Q137910260,,,,
Q141194038,,,,https://kkcrp2020.wixsite.com/kkcrp
Q3150084,,,1984,https://www.iimcal.ac.in
Q15568,21652,,1911,https://hku.hk
Q9378763,,,1994,
Q137795941,,,,https://www.istu.edu.pl
Q43659,13500,,1940,https://vnu.edu.ua
Q10829034,,,2000,https://mku.edu.vn/
Q97232620,,,2019,https://univbinainsan.ac.id
Q109912991,,,2020,https://ahmaddahlan.ac.id/
Q935378,,,1983,
Q127415557,,,2021,
Q29054205,,,,
Q5917852,,,1972,https://leon.tecnm.mx/
Q139407461,,,,https://www.bioreg.kyushu-u.ac.jp
Q7163984,,,1953,
Q7080757,,,1903,
Q847128,8146,,1922,
Q7135582,,,2008,
Q1442385,,,1932,https://www.uimp.es/
Q16875454,,,2014,https://hama-univ.edu.sy/
Q50035244,,,,
Q7105625,,,1920,
Q4868824,3369,,1940,https://www.batestech.edu/
Q391945,,,2000,https://www.savs.cz/en/
Q10387639,,,,
Q7586176,,,1983,https://www.spmvv.ac.in
Q126208874,,,1998,https://www.utj.edu.mx
Q12423977,,,1995,https://www.gjust.ac.in
Q11426646,590,,1982,
Q11246061,,,,https://www.bwc.ac.kr/english_home/
Q5002793,9335,,1967,
Q48725396,,,1965,
Q4479074,,,1968,
Q916350,,,1993,https://www.univ-douala.cm/
Q16434402,,,,
Q6802306,,,1838,
Q7936655,,,1960,
Q7895105,,,1991,https://ubg.edu.ss/
Q9137142,,,1994,
Q12523317,,,2008,https://undira.ac.id/
Q135738435,,,2017,https://www.sonacas.edu.in
Q1783148,9999,,1950,
Q12204417,,,2005,https://www.ju.edu.sa
Q5586426,,,2007,
Q83371752,,,1958,
Q127415618,,,1999,https://tesvb.edomex.gob.mx
Q133810822,,,2008,https://www.auhd.edu.ye
Q64143410,,,1993,https://ssl.coa.ac.jp/
Q109911681,,,2014,https://www.sttekumene.ac.id
Q12511321,,,2005,https://stkipkw.ac.id/
Q28412896,,,1978,
Q4315122,35746,,1971,https://www.uncoma.edu.ar/
Q4920876,3743,,1946,
Q7285939,,,2008,https://rithassan.ac.in/
Q109911533,,,2020,https://itsk-soepraoen.ac.id/
Q140357972,,,,https://ecu.ac.ug
Q7523097,,,2001,
Q19599885,,,2012,
Q4929506,952,,1873,
Q22343099,,,1890,
Q12420605,,,1969,
Q1814758,1516,,1865,https://www.vuu.edu/
Q757391,1500,,1991,https://www.ceu.edu
Q30263623,,,1959,
Q7042386,,,1964,
Q16829136,,,2005,
Q5838874,,,,
Q5127501,,,1867,
Q30257522,,,,
Q7496302,,,1979,
Q3128573,,,2005,https://www.he-arc.ch/
Q7058610,,,1999,
Q30293718,,,,
Q90571345,,,2018,https://www.gurukulschoolofdesign.com/
Q4892251,1465,,1960,
Q105626481,,,2018,https://akbidassyifakisaran.ac.id
Q30294430,,,,
Q25632487,,,1934,https://www.uia.gov.mn/
Q10274292,,,1952,
Q14705495,2556,,1942,https://www.felician.edu/
Q1097363,,,2000,
Q166202,,,1995,
Q50040241,,,1987,
Q4845457,,,2000,
Q7569810,,,2009,https://www.sctech.edu/
Q116455356,,,,https://bdelrio.tecnm.mx
Q12523417,,,2001,https://www.unstarrote.ac.id
Q5873976,,,1955,
Q135095139,,,,https://www.ipp.pt/ensino/menu-ensino/unidades-de-extensao/unidade-e-learning
Q1200666,295,,2007,
Q7568637,28233,,1993,
Q141193779,,,2012,https://www.beltei.edu.kh/biu
Q6416672,2626,,1968,
Q926710,,,2002,
Q109919227,,,1996,https://staiannadwah.blog.com
Q678982,28018,,1831,https://www.uni-hannover.de/
Q26847152,,,1951,
Q30253883,,,,
Q3467210,,,2001,
Q1150881,,,1995,
Q46996970,,,,
Q18209612,,,2014,https://woxsen.edu.in
Q10387867,,,1959,
Q12070051,622,,1833,
Q6743259,,,2001,https://abp.edu.qa/
Q141195452,,,1994,https://hospitalfatimahschoolofnursing.edu.my/index.html
Q6311016,,,1922,https://www.jumonji-u.ac.jp/
Q136663600,,,1981,https://www.euncet.com
Q7603617,7592,,1835,https://www.brockport.edu/
Q7567075,,,2007,
Q65171665,,,2020,https://uninjingambande.ed.ao/
Q6966772,2623,,1967,
Q3551863,,,1991,https://www.uea.ac.cd/
Q929515,4125,,2002,
Q6041513,,,1988,
Q30294107,,,2000,
Q28160625,,,2015,
Q28230919,,,2015,
Q30257353,,,,
Q137944019,,,2013,https://www.upes.edu.mx/portal/
Q4407700,,,1955,https://spbguga.ru/
Q65338151,,,2001,
Q30262838,,,2001,
Q109919727,,,2012,
Q5428831,,,,
Q2026860,,,1968,https://www.gstu.by/
Q30293951,,,,
Q623154,20000,,2025,https://www.univ-st-etienne.fr
Q109912419,,,2020,
Q1856423,,,1849,
Q3817847,,,2013,https://www.shanghaitech.edu.cn
Q9380878,,,1997,
Q4200297,,,1960,https://www.unsri.ac.id
Q1529514,,,1987,
Q30263593,,,1945,
Q14956982,,,2008,https://www.bhagwantuniversity.com
Q8047642,,,1968,
Q8046341,,,1947,
Q30257776,,,,
Q52848020,,,1996,
Q6978908,,,1959,
Q7077284,,,1956,
Q30266484,,,,
Q834678,,,2001,https://www.un-ihe.org/
Q139408122,,,1997,https://utcam.edu.mx
Q42322951,,,2016,https://www.marwadiuniversity.ac.in
Q5674793,,,1969,
Q11568281,311,,1918,
Q11642649,,,1958,
Q30271687,,,1962,https://kindering.org/
Q1473677,24095,,1495,https://www.usc.gal/en
Q7934103,,,,
Q141194195,,,2018,https://www.kyit.edu.my
Q5370059,,,1899,
Q11061773,,,1954,https://www.gdupt.edu.cn
Q30266552,,,,
Q56393409,,,2017,https://www.stainkepri.ac.id
Q43895466,,,,https://www.roanokechowan.edu/
Q126208847,,,2010,https://www.lowershabelleuniversity.com
Q463055,1339,,1795,
Q29055270,,,,
Q5051600,4328,,1958,
Q27962533,1800,,2017,https://www.imt-atlantique.fr/
Q109911925,,,,https://www.sttgpipapua.ac.id
Q133811010,,,2012,https://www.creativeacademy.ac.za
Q8061332,,,1951,
Q7294304,2629,,1969,
Q30293828,,,,
Q11179769,,,,
Q2008548,,,2007,
Q6156785,,,1950,https://udemedellin.edu.co
Q7688520,3669,,1956,
Q30262818,,,1997,
Q12701151,,,,
Q126960902,,,,
Q13397659,,,2006,
Q2498466,,,1996,
Q21079372,12000,,2016,https://www.nord.no/
Q677662,15000,,1946,https://www.uken.krakow.pl/
Q29572112,,,,
Q7567367,,,2012,
Q7894288,,,1996,https://www.umm.edu.mx/
Q7978675,,,1955,
Q564248,,,1883,https://www.bbns.org/
Q18712303,,,2014,
Q7637845,,,1941,https://www.summitpacific.ca/
Q7978973,,,1991,
Q1815354,,,1925,https://www.albertus.edu/
Q1718503,,,2007,
Q632506,5457,,1935,https://nsu.edu
Q30257298,,,1992,
Q138732135,,,1997,https://www.bitm.edu.in
Q141193969,,,2022,https://cddl.edu.vn
Q6473392,,,2011,
Q11391158,,,1962,https://www.hachinohe-ct.ac.jp/
Q140351155,,,1984,https://baures.bau.edu.bd
Q3577986,,,1997,https://eost.unistra.fr/
Q11441064,,,1975,
Q1148613,,,1966,
Q5575117,,,1984,https://www.unigoa.ac.in
Q131428194,,,,https://www.ua.pt/pt/cidtff
Q3550116,,,1909,https://uplb.edu.ph/
Q1622179,808,,1832,
Q2092358,,,1918,
Q661971,,,1962,https://www.ucsg.edu.ec/
Q11529881,,,1886,https://college.shinonome.ac.jp
Q4836010,,,2007,https://lfu.edu.krd/
Q19891182,,,2016,https://www.cmu.edu.bd/
Q30293933,,,,
Q3347298,,,2000,https://makautwb.ac.in
Q129343524,,,2020,
Q30294343,,,,
Q130537809,,,1994,https://www.queensu.ca/badercollege
Q974394,,,1830,
Q30294128,,,,
Q12523404,,,1985,https://www.umsb.ac.id
Q3034637,,,1981,https://utp.ac.pa
Q6875934,,,1996,
Q7894230,,,1997,
Q12523353,,,1987,https://www.unigha.ac.id
Q10894049,,,,
Q4919825,,,1998,https://oslonyehoyskole.no/
Q20988491,,,2009,
Q15983461,,,1962,
Q11179808,,,1947,
Q6747773,,,1925,
Q104630664,,,2014,https://www.kahuripan.ac.id
Q30289425,,,,
Q97270272,,,1979,https://www.bibol.edu.la
Q100955845,,,,https://isced.co/
Q96648949,,,2018,https://udb.ac.id
Q8000254,7946,,1934,
Q52846348,,,2006,
Q1466108,,,1940,https://euba.sk/
Q30257684,,,1999,https://uwc-z.ru/
Q7894371,,,2005,
Q9380778,,,2000,
Q109922343,,,2004,https://www.akperyarsismd.com
Q141194727,,,2010,
Q136663597,,,,https://idea.uminho.pt
Q30294538,,,,https://trsu.ac.th/
Q2319621,,,2000,https://www.univda.it
Q4683068,,,2001,https://adityauniversity.in/
Q5650869,,,,
Q3551402,29000,,1992,https://dmu.ac.uk/home.aspx
Q132157018,,,,https://erddap.emso-fr.org/erddap/info/index.html?page=1&itemsPerPage=1000
Q3339096,,,1901,
Q108737580,,,2015,
Q10893606,,,1958,
Q11574133,,,1992,https://www.twu.edu.tw/
Q5445386,2251,,1870,https://www.ferris.ac.jp/ch/
Q6689304,982,,1965,
Q141194343,,,,https://www.unimy.edu.my
Q25453550,,,1998,
Q7493517,,,1878,
Q20455084,,,,
Q17041613,,,1964,
Q10296832,,,1988,
Q4182,1000,,1934,
Q7603635,,,2002,
Q7592176,,,,
Q133810732,,,2019,https://www.crat.dz
Q1707779,,,1986,https://www.uob.edu.bh/?lang=ar
Q6869352,,,,
Q4868388,904,,1978,
Q5069793,,,1910,
Q2974556,19707,,1935,
Q121599441,,,2019,https://gbu.edu.in
Q109435754,,,2013,https://poltesa.ac.id/
Q5306939,,,1984,https://srb.iau.ir/
Q7353220,,,1977,
Q6364092,2452,,1991,https://www.tuad.ac.jp/
Q114436530,,,1923,https://lgpu.org/
Q133811964,,,2016,https://hitec-ims.edu.pk
Q16644493,,,1964,
Q48803129,,,2015,
Q120983344,,,,https://ube.edu.ec
Q17028026,,,2011,
Q12701149,,,,
Q109912595,,,1998,https://www.interstudi.edu
Q3130435,,,1962,https://www.uncen.ac.id
Q317070,11486,,1907,https://www.uni-mannheim.de/
Q96405981,,,2019,https://www.somaiya.edu/en
Q4221614,,,1987,
Q135095548,,,1964,https://www.unirios.edu.br
Q636048,,,1970,
Q116455372,,,2020,https://aamusted.edu.gh
Q5639373,,,1949,
Q7902799,,,1896,
Q12523333,,,2000,https://www.uib.ac.id
Q109911127,,,1968,https://www.ipw.ac.id
Q65973058,,,2011,https://uma.edu.pe/
Q30265687,,,1978,
Q137796006,,,2025,https://www.create.uevora.pt
Q7894343,,,1966,
Q3543979,,,1946,
Q6020480,3279,,1966,
Q2120222,3738,,1949,https://www.ph-weingarten.de/
Q4855391,,,1921,
Q6861755,925,,1974,https://www.miad.edu/
Q7894245,,,1869,https://www.uaeh.edu.mx/
Q136448423,,,,https://www.atlantico.gov.co/index.php/secretarioeducacion
Q3355352,188,,1735,
Q46996972,,,1952,
Q10873057,,,1946,
Q2017028,,,1966,
Q19752993,,,2005,https://www.ukip.ac.id
Q4563603,,,1754,
Q16644505,,,2008,
Q6180452,,,2001,
Q5123414,,,,
Q113482368,,,2022,
Q4673520,,,1888,
Q9380744,,,1995,
Q6156666,,,1973,https://www.uru.edu/
Q109913030,,,2015,https://www.globalmulia.ac.id
Q4946088,,,1999,https://www.ubt.ac.id/
Q5146710,,,1981,https://www.outr.ac.in
Q7105542,,,2005,
Q65049397,,,,
Q10872899,,,1983,
Q141194736,,,2003,https://kkselayang.mypolycc.edu.my
Q109911141,,,2017,
Q30265550,,,,
Q7338637,,,,
Q10876571,6529,,1968,
Q9091583,9615,,1994,https://www.unvm.edu.ar/
Q12506026,,,1985,https://www.pnk.ac.id
Q30293867,,,,
Q6840815,2648,,1913,
Q15149334,,,2002,https://aeu.edu.my
Q6156781,,,,
Q12742873,,,,
Q30294133,,,,
Q1391239,3184,,1978,https://www.hs-worms.de/
Q5210062,933,,1885,https://www.dwu.edu/
Q11441101,,,1963,
Q12523390,,,1955,https://www.umj.ac.id
Q7895607,,,1951,
Q1755318,24565,,1885,
Q64011667,,,,
Q50315165,,,,
Q30294303,,,,
Q787234,,,1908,https://www.swinburne.edu.au
Q27963461,,,1990,
Q61931868,,,,
Q141195459,,,,
Q9380877,,,1995,
Q3152213,,,1960,https://eng.suibe.edu.cn/
Q350927,,,1977,
Q12523440,,,1962,https://www.moestopo.ac.id
Q5297278,,,1994,
Q4982087,6728,,1894,https://www.fitchburgstate.edu/
Q7195264,,,1911,
Q140879718,,,1997,https://www.carrillopuerto.tecnm.mx
Q7928225,,,1872,
Q7894381,,,1990,
Q689854,4016,,1765,https://tu-freiberg.de/
Q3577854,,,1965,
Q30253854,,,,
Q20022058,,,1961,
Q7170975,,,1865,
Q109911830,,,2009,
Q2003858,,,1953,https://www.uniza.sk/
Q1391237,,,1989,https://www.fhv.at/
Q140351567,,,2019,https://digitalhealth.tu-dresden.de
Q536280,,,1996,
Q7986062,,,,
Q109913457,,,,https://staisolok.ac.id
Q30293801,,,,
Q13651860,,,2003,
Q3009991,,,1968,
Q29002791,,,,
Q50363515,,,1987,
Q881130,558,,1994,https://www.hmt-rostock.de/
Q12836485,,,2001,
Q1140542,2275,,1837,
Q121449923,,,2022,
Q11152732,,,1985,https://www.jou.edu.cn/
Q835662,9814,,1967,https://www.uni-ulm.de/
Q4744555,1399,,1964,
Q4972779,,,1909,
Q22080602,,,2014,https://www.presidencyuniversity.in
Q109912268,,,2017,https://ikipsiliwangi.ac.id
Q1629757,,,1973,
Q30294741,,,,
Q136675175,,,2011,https://bkcd.edu.pk
Q109919767,,,2007,https://www.stiepasim.ac.id
Q2128652,,,,
Q9091571,,,2001,https://www.untrm.edu.pe/es/
Q5028025,,,1894,https://www.campbellcollege.co.uk/
Q138460593,,,2010,https://www.ssimt.edu.in
Q5223072,,,1948,
Q8036384,,,1998,
Q1783603,10854,,1926,
Q6368138,,,2002,https://www.kiu.edu.pk/
Q123032815,,,2020,https://cgu-odisha.ac.in
Q1574185,21894,,1845,https://www.ucc.ie
Q3887993,2999,,1924,https://www.deltastate.edu/
Q4207793,,,1968,
Q611995,,,1988,https://www.uai.cl
Q2418967,,,1807,
Q7070817,,,1994,
Q4764374,,,1928,
Q7637868,,,1968,
Q26258550,,,2014,https://www.knruhs.telangana.gov.in
Q140947626,,,2003,https://modernlawcollege.ac.in/
Q30293687,,,,
Q30263775,,,2000,
Q6478785,,,,
Q6958628,,,1896,
Q21190436,,,2006,https://cit.ac.in/
Q18819327,,,1974,
Q6776185,812,,1870,https://utsouthern.edu/
Q109912913,,,2013,
Q28224938,,,,https://www.umef-university.ch/
Q12204493,,,2012,https://en.uosamarra.edu.iq
Q9726872,,,1969,
Q122763773,,,,https://www.chess.cornell.edu
Q15965526,,,1985,
Q7936164,,,1990,
Q26319,32567,,2006,
Q1394594,11529,,1906,https://ssl-www.sgh.waw.pl/en
Q22348474,,,2015,
Q5092133,,,,
Q133812017,,,,https://www.phsg.ch/de/berufspraktische-studien
Q5099779,,,1931,
Q500606,47646,,1956,
Q77084407,,,1984,
Q30294258,,,2004,
Q10829136,,,,
Q140908444,,,1962,https://www.scasqhwz.edu.cn
Q10873540,,,2006,
Q10279618,,,2002,
Q16988787,,,1997,
Q30297174,,,,
Q4081732,,,2010,https://belui.mvd.ru/
Q12085525,2500,,1995,https://bukuniver.edu.ua/
Q12523387,,,2001,https://umkendari.ac.id
Q5854172,,,2000,
Q3874128,,,1878,https://www.urmia.ac.ir/
Q52848295,,,1928,
Q7488529,,,1984,
Q9066994,,,1764,https://www.racab.cat/index.php
Q11644486,5561,,1965,https://en.hwu.edu.tw/
Q406402,,,1857,https://mu.ac.in
Q4916446,,,2017,
Q5586069,1489,,1969,https://www.gordonconwell.edu/
Q115018170,,,,https://www.regal-aluminium.ca/
Q7811969,1698,,1907,
Q4460386,,,1962,
Q16890510,,,2013,
Q7488784,,,1984,
Q4381563,,,1873,
Q7895546,50000,,1975,https://www.unilorin.edu.ng/
Q14708361,1168,,1889,
Q7292967,,,1956,
Q5608875,,,2005,
Q30274219,,,,https://www.cceionline.com/
Q141195054,,,1991,https://www.bac.edu.my
Q2684607,,,1922,https://uady.mx/
Q18162308,,,1992,
Q12869014,,,1992,
Q30257325,,,,https://www.aumsu.ru/
Q7603628,3084,,1816,https://www.potsdam.edu/
Q100418801,,,1979,https://www.stimihandayani.ac.id
Q141194970,,,,https://kkkualapilah.mypolycc.edu.my
Q12625179,,,1940,
Q135095308,,,,https://www.catedraer.uevora.pt
Q5590045,,,2010,
Q11282181,,,1990,
Q12073153,,,1991,
Q8048276,1800,,1992,
Q12513094,,,1985,https://stiki.ac.id
Q7446906,,,1979,https://www.seiryo-u.ac.jp/c/
Q52848220,,,2000,
Q100956270,,,,
Q19744855,,,1981,https://www.wisnuwardhana.ac.id
Q30293851,,,,
Q48798646,,,2011,
Q11426716,1191,,1900,
Q17078124,,,2010,
Q5146821,,,1899,https://www.steu.edu
Q136663662,,,,https://fenix.ciencias.ulisboa.pt/courses/lm-i-2-1973404328526072
Q2713662,54047,,1963,
Q1552065,,,2002,
Q15260094,,,2008,
Q19736428,,,2009,https://uovt.ac.lk
Q7163249,,,1965,
Q483189,,,1947,
Q3634524,,,1956,https://www.kashmiruniversity.net
Q1391202,5204,,1969,https://www.th-luebeck.de/
Q109912209,,,1987,
Q105626507,,,1985,https://pddikti.kemdikbud.go.id/data_pt/NkFEOTY2REYtRUEyQS00MjJDLTgyRDgtNUZCRDkyM0Q3Q0Ew
Q6805356,,,2002,
Q107724053,,,2019,
Q1622220,,,1963,https://www.fhgr.ch
Q5172167,,,,
Q56403399,,,2019,https://www.tuni.fi
Q140893583,,,1979,https://east.university
Q19899074,,,2011,https://ustm.ac.in
Q56399789,,,2014,
Q4805071,,,1967,
Q6906389,950,,1916,https://www.montreat.edu
Q30294531,,,,
Q568705,,,1751,https://www.milak.at/
Q109912062,,,2019,
Q290662,,,1986,
Q55637988,,,2012,https://www.xmu.edu.my
Q11557508,,,1984,
Q12523403,,,2003,https://www.ummi.ac.id
Q11468539,594,,1897,
Q141195512,,,2007,https://kkkotamelaka.mypolycc.edu.my
Q5984260,,,2004,
Q1149028,,,1891,
Q133538136,,,2025,https://german-uds.de/
Q6156499,,,1978,
Q1665247,,,1974,
Q125450751,,,,https://www.cancun.tecnm.mx
Q16434809,,,1937,https://korkyt.edu.kz/
Q124525989,,,,https://www.unchk.sn
Q65280962,,,1982,https://www.bcnnakhon.ac.th
Q6658319,,,2012,
Q7830591,,,1963,
Q5030197,,,2004,https://www.cic-cairo.edu.eg/
Q3551535,,,1990,
Q13847486,,,1985,
Q25455093,,,,
Q65175001,,,2009,
Q43895269,,,,
Q2654435,5000,,1828,
Q30294235,,,,
Q892543,,,1982,https://www.univen.ac.za/
Q1982521,267,,1992,https://www.nes.ru
Q18088608,,,,https://www.nsob.nl/
Q28169302,,,2014,https://www.jaypeeu.ac.in
Q11272256,,,1966,https://www.ktt.ac.jp/tijc/
Q27981398,,,,https://www.act.org
Q9380865,,,2002,
Q5575209,,,1955,
Q69458530,,,1997,
Q573975,4640,,1860,
Q136564719,,,2021,https://scd.edu.pk
Q3445856,,,1842,
Q25080782,,,,https://www.hrbipe.edu.cn/
Q5603377,,,1991,
Q4208096,,,1929,https://www.kaznau.kz/?lang=en
Q7895055,3000,,1942,
Q109913814,,,2014,
Q86743748,,,2020,https://www.i-u.ac.jp/
Q6800587,221,,1829,
Q4538872,,,1979,
Q7374951,,,1964,
Q5874003,,,1976,
Q30642919,,,2019,https://aiimskalyani.edu.in
Q7894522,,,1951,
Q129343498,,,2022,
Q1702106,800,,1917,https://www.msmnyc.edu
Q109913735,,,1998,https://www.stienusa.ac.id
Q61931644,,,1915,
Q317053,27184,,1607,https://www.uni-giessen.de/
Q22079827,,,2014,https://www.dsu.edu.in
Q7894323,,,1976,
Q29388673,,,1993,https://ipp.by/
Q30263683,,,,
Q5925116,,,2007,
Q9380822,,,2003,
Q15994990,,,2008,
Q2399066,2178,,1816,https://www.tfh-bochum.de/en/
Q107675529,,,2018,https://auib.edu.iq/
Q12975239,,,1978,
Q30293934,,,,
Q30294403,,,,
Q10957095,,,1986,
Q140046066,,,2002,https://soscollege.edu.so
Q59547976,,,1993,https://www.esci.upf.edu/en
Q7586524,,,1996,
Q59683755,,,,
Q109912119,,,2008,https://www.stie-pembangunan.ac.id
Q642258,,,1829,https://www.conspaganini.it/
Q1428711,,,1991,
Q139762202,,,2012,https://www.mili.edu.af
Q597758,15899,,1973,https://uol.de/
Q6522243,,,1955,
Q74432728,,,,
Q3152453,6300,,1969,
Q109922621,,,2002,
Q5303977,,,1958,
Q7120606,,,1964,
Q1273818,,,1957,https://www.eada.edu/en
Q10302500,,,2008,
Q25450402,,,2013,
Q1784353,,,1997,
Q5322521,,,,
Q135398385,,,,https://qhu.ac.ir
Q129342947,,,2019,
Q5123111,,,1881,
Q1473115,3000,,2001,https://www.ouc.ac.cy/
Q108607234,,,2007,https://jigpoly.edu.ng/
Q7895441,,,1953,
Q107518891,,,2013,
Q6392603,,,1997,https://www.kemu.ac.ke
Q5506030,,,1939,
Q6192552,,,2007,https://www.jju.edu.et/
Q1546159,12884,,1977,https://www.mdu.se
Q1108197,53000,,2000,https://en.whu.edu.cn/
Q3298359,8358,,1890,
Q3578286,,,,
Q7914214,,,1969,https://www.viu.ca
Q4768130,,,,https://www.aacps.org/
Q2822255,,,1993,https://www.kozminski.edu.pl/
Q111966973,,,1966,https://www.kcb.be/
Q3551799,,,1992,https://bouebdelli-university.com/
Q140908265,,,2000,https://www.psgpharma.ac.in
Q61931368,,,,
Q127415565,,,,https://www.tecvalles.mx/wp/
Q138655142,,,2007,https://iuma.unizar.es
Q1515048,2866,,1909,https://www.nps.edu
Q135095175,,,,https://www.labrp.pt
Q1054047,,,1981,
Q30590249,,,1992,
Q2350714,,,1939,https://www.cned.fr/
Q7603626,5109,,1889,https://www.plattsburgh.edu/
Q1719898,22000,,1930,
Q4119816,5274,,1979,
Q109348750,,,,https://www.jxnhu.edu.cn/
Q615158,,,,https://www.wsfcs.k12.nc.us/
Q111972908,,,,
Q5072160,,,1946,
Q129344144,,,2024,
Q84588785,,,1970,https://www.stkipahsingaraja.ac.id/
Q906569,700,,1920,
Q30294669,,,,
Q17058724,,,1949,
Q109913739,,,2019,https://nitromks.ac.id
Q11305409,,,1934,https://www.salesio-sp.ac.jp/
Q109913090,,,2004,https://staisddimangkoso.ac.id
Q16823883,,,1984,
Q7163236,,,1967,https://www.brandywine.psu.edu/
Q7850283,,,1926,https://www.felicia.ac.jp/
Q5974867,,,1996,https://www.ncuindia.edu
Q378014,,,,
Q16884982,,,2004,
Q1435583,,,,
Q109913622,,,,
Q6049212,,,1998,
Q8044030,,,1912,
Q7353959,,,1841,https://www.rcsdk12.org
Q141195303,,,,https://kkjeli.mypolycc.edu.my
Q12708613,,,,
Q50035890,,,,
Q24952056,,,,
Q30293996,,,,
Q131428172,,,,https://gimm.pt
Q12523337,,,1984,https://www.uia.ac.id
Q30266544,,,1961,https://www.unishabunia.org/
Q30312585,,,2017,
Q7813296,,,1900,
Q4828381,,,,
Q2782346,9350,,1803,https://polyglot.spbftu.ru/
Q105078705,,,2009,https://acity.edu.gh/
Q11124750,,,2002,
Q586904,67329,,1920,https://ufrj.br/
Q56400170,,,2021,https://dipanegara.ac.id
Q5019761,8278,,1949,
Q1540301,,,2001,https://www.hkmu.edu.hk
Q7894523,,,1890,https://www.university-bank.com/
Q7219274,,,1939,
Q3117393,6000,,1903,
Q3493066,,,1998,
Q3551795,,,2001,
Q7896780,950,,1962,
Q139492524,,,2025,https://umkota.ac.id
Q15261973,40000,,2017,https://www.nottinghamcollege.ac.uk
Q129343785,,,2023,
Q7259274,,,,
Q141195760,,,,https://apm.dof.gov.my
Q5087640,,,,
Q7681398,,,2001,
Q5071114,,,1973,
Q139407753,,,2006,https://www.universidadlapaz.edu.py
Q18211094,,,1995,
Q11663150,974,,1901,
Q138859901,,,1994,https://itecsur.edu.ec
Q30257696,,,1996,
Q4406365,,,1971,https://samgik.ru/
Q5330572,,,,
Q7298389,,,1924,
Q747053,6493,,1957,https://www.hartford.edu/
Q7374578,,,,https://www.rnzcgp.org.nz
Q6733318,,,2000,
Q137943994,,,2004,https://escarcega.tecnm.mx
Q11445064,,,1964,
Q4288523,,,1992,
Q10286248,,,1997,
Q6024957,,,1987,
Q9380862,,,2001,
Q7895342,,,1992,
Q11396020,,,1886,
Q109911743,,,2022,https://www.lembahdempo.ac.id
Q12513092,,,2016,https://www.stis.ac.id
Q96233439,,,2000,
Q21654515,,,1933,
Q637387,,,1961,
Q17632387,,,,
Q4325439,6500,,,
Q85816076,,,,
Q3058135,,,1890,https://www.usainteanne.ca/
Q1474157,8375,,1958,https://lsuneworleans.edu
Q140638048,,,2024,https://www.smu.edu.ly
Q4059262,,,1919,
Q109919636,,,,https://www.poltekkeskupang.ac.id
Q100452193,,,2017,
Q5361290,48329,,1971,
Q11044030,,,1973,
Q61931603,,,1997,https://ksph.edu.kz/
Q14957077,,,1994,
Q4860034,343,,1964,
Q30261360,,,1994,
Q30287892,,,2006,
Q567797,,,1965,https://www.dallascollege.edu
Q2746795,,,1998,
Q141194407,,,1988,
Q12585876,,,1999,
Q5165598,6249,,1950,
Q30262962,,,,
Q29126714,,,,
Q140873509,,,2010,https://interamericana.edu.py
Q7459941,,,1958,
Q286216,,,1965,
Q2563807,6500,,1920,
Q4664393,,,2005,
Q141194869,,,,https://www.kkhse.edu.my
Q10387825,,,1914,
Q33121129,,,1995,https://www.cies.ch/cies/home
Q17220056,,,,https://www.kyoiku-kensyu.metro.tokyo.lg.jp/
Q140045815,,,,https://medicine.dal.ca/departments/department-sites/psychiatry/research/centre-global-mental-health.html
Q3543958,,,1964,
Q28401916,,,1975,https://kanopoly.edu.ng/
Q77596549,,,,
Q65280960,,,1990,https://www.bcnt.ac.th
Q11472315,943,,1962,https://www.mizuko.okayama-c.ed.jp/
Q3551454,,,1979,https://www.dhyhp.edu.vn/
Q30293935,,,,
Q77583759,,,,
Q3551553,,,2000,https://bpak.unipa.ac.id/
Q11074647,,,1978,https://en.cdu.edu.cn/
Q14690128,10180,,2005,
Q4614539,,,1987,
Q6156763,,,1994,
Q16644615,,,1973,
Q20536381,,,,
Q7895149,,,1986,https://www.univ-bechar.dz/
Q141194604,,,,https://kktampin.mypolycc.edu.my
Q30263783,,,2001,
Q7894322,,,1964,
Q7827033,,,2012,
Q12518185,,,2013,https://www.surya.ac.id
Q30262793,,,1990,
Q7985612,4893,,2003,
Q30294014,,,,
Q4412495,,,1937,https://ku.edu.kz/
Q7818236,,,1965,
Q52851051,,,1991,
Q7260865,,,1993,
Q28687690,,,1969,
Q7592802,,,2000,
Q11441172,,,1914,
Q141195037,,,,https://sdckl.edu.my
Q30263973,,,1976,https://www.wac-physicians.org/
Q5146660,1703,,1957,
Q15129047,,,1952,https://www.sdi-muenchen.de/
Q19706942,,,,
Q20060561,,,2006,
Q7298387,,,2005,https://www.rayatbahrauniversity.edu.in
Q129343142,,,2021,
Q5095305,,,1921,
Q3539296,2100,,1897,
Q30294579,,,,
Q123158209,,,,
Q4775042,276,,1977,
Q6965245,,,1965,
Q1951843,650,,1888,
Q97041892,,,2012,https://www.univ-pgc.edu.ci/
Q126208837,,,2015,https://elcolegiodemorelos.edu.mx
Q1152391,2075,,1949,https://www.ocha.ac.jp/
Q141194420,,,2005,https://www.heritageacademy.edu.sg
Q11441173,,,1974,
Q25396762,,,1959,
Q6678731,10138,,1963,https://www.lorainccc.edu/
Q134760855,,,2023,https://renessans-edu.uz/
Q186285,,,1479,https://www.ku.dk/
Q5399674,,,1966,
Q124359989,,,,https://www.ssbibliometrics.com/
Q4997733,,,1923,
Q32859661,,,,https://teziutlan.tecnm.mx/
Q6843458,3432,,1957,https://www.mbts.edu
Q140045694,,,2025,https://tashmeduni.uz
Q30263679,,,,
Q11653025,,,,https://www.ccucm.edu.cn/
Q4127522,,,1955,
Q10829072,,,1956,
Q7090782,,,1998,https://siblu.ru/
Q5001978,,,2007,
Q29946580,,,2004,
Q12361330,,,1994,
Q7399121,,,2002,
Q140352346,,,,https://www.rua.edu.kh/faculties/158?page=424
Q140869751,,,,https://esil.edu.kz
Q6156860,,,2011,https://www.sandamaso.es
Q7695033,,,2003,
Q6878561,6504,,1975,
Q1659456,5000,,1967,
Q5582935,,,1998,
Q129343076,,,2022,
Q625138,,,1997,
Q7692504,,,1999,
Q19892772,,,2013,
Q3788629,,,2005,
Q30263641,,,2004,https://vvg.hr/en/
Q138460594,,,1987,https://ens.usmba.ac.ma
Q5138386,,,1999,
Q7800215,,,1979,
Q109919219,,,2007,https://www.permataindonesia.ac.id
Q1351705,8041,,1950,https://www.tdu.edu.tm
Q8052835,135,,1977,
Q30257373,,,1920,
Q5212540,,,2012,
Q5146628,,,,
Q5761696,,,1987,https://www.cemfi.es/
Q132803523,,,2023,https://www.sgmk.edu.pl
Q97307379,,,2013,
Q27825818,,,2009,https://www.ovsq.uvsq.fr/
Q3551510,968,,1904,https://www.wau.edu/
Q15901311,,,,
Q68167558,,,2019,
Q18601435,,,2013,
Q1615884,879,,1980,
Q5758114,,,,
Q2333455,,,1779,
Q1459393,,,1798,
Q16974705,,,1968,
Q109919285,,,1998,https://stiemuarateweh.ac.id
Q5916561,131,,1983,
Q4614484,,,1923,
Q141066566,,,2018,
Q128955268,,,,https://civilizationuniv.edu.ye/
Q138333434,,,2020,https://unisa.cdmx.gob.mx/
Q5984659,,,2002,
Q3833046,,,1999,https://www2.unilink.it
Q10387853,,,1985,
Q653439,,,1990,https://usv.ro/
Q30294357,,,,
Q128123073,,,1996,https://www.tecnologicodecoacalco.edu.mx
Q837544,,,1951,
Q482648,,,1953,
Q11815221,,,2004,
Q1573634,,,1962,https://www.unud.ac.id
Q6318422,,,,
Q3152764,,,1997,
Q6444899,,,1984,
Q129343013,,,2023,
Q1707483,,,1958,
Q77078593,,,1959,
Q3481997,,,2005,
Q138460457,,,2019,https://iuth.edu.kz
Q30293737,,,,
Q5710144,,,1986,
Q651233,23234,,1931,https://www.osaka-u.ac.jp/ja
Q6156529,,,,https://umarista.edu.mx/
Q74545489,,,,
Q116959484,,,2021,https://newuu.uz
Q43896870,,,1971,
Q48797148,,,1982,https://hcuc.edu.gh/
Q4209553,,,1996,
Q7895782,8783,,1959,https://umdearborn.edu/
Q4744950,,,1953,https://www.aswarsaw.org/
Q2302586,66378,,2012,https://www.univ-amu.fr/
Q115152318,,,,https://kmu.edu.in
Q5616929,,,1938,https://www.gmc.edu.cn/
Q100452190,,,2002,
Q30294469,,,1981,https://unigres.ac.id
Q4508685,,,1967,https://chgik.ru/
Q624985,8626,,1895,
Q2421725,,,1818,https://www.philasd.org/
Q10299467,,,,
Q4768125,11948,,1961,
Q4790314,,,1994,
Q7903384,,,2003,https://www.uttarauniversity.edu.bd
Q7692509,,,1972,
Q702524,6240,,1994,https://www.uni-erfurt.de/
Q5649329,,,1951,https://hnue.edu.vn/
Q8070992,,,1955,
Q1122171,17599,,1956,https://www.vut.cz/
Q18484159,,,,
Q7067243,,,1948,
Q6289566,,,1950,https://www.joshibi.ac.jp/department/juniorcollege
Q7900308,,,1966,
Q11471493,,,2004,https://www.horticulture.ac.jp/
Q25528665,,,,
Q2427207,,,1999,https://www.cerge-ei.cz/
Q134251185,,,2014,https://saitm.ac.in
Q125199969,,,2012,https://www.utlp.edu.mx
Q10771881,,,1953,
Q6479779,,,2003,
Q7080962,,,1957,
Q11367291,,,1918,
Q109912960,,,2001,
Q11631633,,,,
Q4385790,,,1943,
Q5585004,1816,,1889,https://www.gordon.edu/
Q9380768,,,1997,
Q7750572,,,1986,
Q5440478,,,1979,
Q4767796,,,2008,
Q145501,,,1949,
Q114893618,,,,https://gct.org.in
Q140908303,,,1992,https://stai-kharisma.ac.id
Q30279556,,,,
Q30293702,,,,
Q1400766,507,,2010,https://www.hsw-hameln.de/
Q5328060,3608,,1909,https://www.ecok.edu
Q18163163,,,,
Q1475250,,,1991,
Q141195454,,,2011,https://www.kolejislam.edu.my
Q7949149,,,1977,
Q4816111,1844,,1974,
Q24960965,,,1994,
Q30288728,,,1967,
Q30294108,,,,
Q30421748,,,,
Q6962480,,,1952,
Q1799642,8860,,1889,
Q16996646,,,,
Q7495144,423,,1973,https://www.sherman.edu/
Q5317233,,,1989,https://www.ukdw.ac.id
Q2587006,22278,,1910,
Q4703347,,,2001,
Q2495675,,,1966,https://www.ucb.edu.bo/
Q958650,,,1972,https://www.uma.es/
Q30263804,,,1968,
Q8061034,,,,
Q7530886,,,1957,
Q43896535,,,1985,
Q10878372,,,1978,
Q414066,1500,,1816,
Q3551605,,,1999,
Q61931443,,,1819,https://www.escpeurope.eu/london
Q109912876,,,2022,
Q86494482,,,1983,
Q137204517,,,1982,https://www.cdaltamirano.tecnm.mx
Q30294038,,,,
Q7592102,,,2004,
Q1428381,2145,,2001,
Q6884188,,,1886,
Q19382178,,,1895,
Q10921575,,,1989,
Q30294454,,,,
Q109912063,,,1985,https://www.stkippgrisumenep.ac.id
Q1707547,,,2001,https://www.unipiaget.edu.cv/
Q4188785,,,2006,
Q4201591,,,1991,
Q1578569,16500,,1976,
Q30294253,,,,
Q5695508,,,2003,
Q3486229,11000,,2009,
Q43896361,,,1991,
Q6983281,160,,1945,
Q3551739,,,1995,https://www.seamk.fi/
Q182973,30318,,1847,https://uiowa.edu
Q30260041,,,1992,
Q6492509,,,1992,
Q109913021,,,2001,https://stiemujahidin.ac.id
Q12204499,23209,,1985,
Q30281919,,,1991,
Q130537893,,,1998,
Q3551654,,,1999,
Q117406370,,,2025,https://www.eitech.edu.cn/
Q1592074,2712,,1826,
Q143451,69818,,1963,
Q135983384,,,2017,https://ckmc.edu.pk
Q6372918,,,2005,https://www.kvafsu.edu.in
Q3551746,14921,,1950,
Q30294498,,,1978,https://en.uoh.edu.cn/
Q7496299,,,1905,
Q5588380,,,1985,
Q52843137,,,2005,
Q4671408,,,2007,
Q586735,41,,1871,https://sfai.edu/
Q30290949,,,1966,
Q3695713,2764,,1971,
Q109913782,,,2019,https://ars.ac.id
Q20458819,,,,
Q130537833,,,1952,https://www.nisd.ac.lk
Q835960,97964,,1934,https://www.usp.br
Q12591216,,,1960,
Q123705929,,,,https://fcaib.edu.ng/
Q1724577,4432,,1909,https://web.saumag.edu/
Q6041598,,,2000,https://www.itla.edu.do/
Q41568123,,,1993,
Q1619104,224,,1896,
Q30294563,,,,
Q21190895,,,2014,https://www.opju.ac.in
Q109920425,,,2009,https://politala.ac.id/id/
Q131692629,,,2020,https://midocean.ae/
Q1477812,21885,,1902,
Q111423393,,,,https://uroosevelt.edu.pe/
Q7894702,,,,
Q6269247,,,,
Q109912892,,,2006,https://www.stmiksznw.ac.id
Q5900754,2076,,1965,
Q7496522,,,1926,
Q12406725,,,1913,
Q4917715,2176,,1927,
Q1391200,,,1995,https://www.fh-kaernten.at/en/
Q59536723,,,2016,
Q15940576,,,1765,
Q5928989,8933,,1953,
Q100943489,,,2011,https://www.cuk.ac.ke/
Q126208886,,,,
Q59668,,,2003,https://www.uni.lu
Q7503828,,,1999,https://www.smvdu.ac.in
Q6376965,,,1991,https://ku.edu.np/
Q10829053,,,,
Q6054166,,,,https://www.iups.edu/
Q141193682,,,1995,https://www.etonhouse.edu.sg
Q5141289,,,1887,https://usv.edu/
Q4219242,21000,,1973,https://en.kemsu.ru/
Q124448615,,,1991,https://akscoe.edu.ng/
Q7902048,,,1995,
Q24352128,,,1969,
Q27477416,,,1992,https://www.rtk.lv/
Q12204504,,,1999,https://utripoli.edu.ly/
Q7864079,,,1950,https://www.ucl.ac.uk/ion
Q43895509,,,1996,https://www.southwestcenter.org/
Q6975161,3315,,1997,
Q1668871,,,1996,
Q7894300,,,1996,https://uni.edu.py/
Q7842989,,,1998,https://ttc.wa.edu.au/
Q109911788,,,2001,https://www.stikesmerangin.ac.id
Q939801,1354,,1996,https://www.unint.eu
Q141195787,,,,https://www.educity.edu.my
Q61931333,,,1994,
Q909724,,,1949,
Q1857334,22303,,2025,https://www.univ-brest.fr
Q11524915,,,2009,
Q482673,,,1948,
Q10828800,,,1906,
Q6974219,7402,,1886,
Q3604026,,,1969,
Q25429257,,,1980,https://www.aese.pt/
Q109913789,,,1996,https://www.handayani.ac.id
Q3348711,,,1995,
Q6155045,,,1993,
Q9364389,,,1993,
Q5411497,,,2008,https://emuni.si/
Q19856020,,,2004,
Q1724372,5000,,1968,https://www.uwasa.fi/en
Q845332,731,,1884,
Q7894357,,,1960,
Q16644552,61522,,2002,
Q6537128,6437,,1932,
Q5629974,,,2017,https://www.uhn.ac.id
Q141195666,,,2004,https://www.indoamerica.edu.ec/eugenio-espejo/
Q1054042,,,1997,
Q5917893,,,1975,
Q5940567,,,,
Q5871111,,,1948,https://www.blanquerna.edu/
Q542415,10322,,1971,https://www.hs-rm.de/
Q4450871,,,1879,https://rachmaninov.ru/
Q141194348,,,2007,https://lifeun.edu.kh
Q3551396,,,1989,
Q7309095,,,2007,
Q124251930,,,2005,https://www.cct.ie
Q16995868,,,1950,
Q30294696,,,1985,https://www.unmerpas.ac.id
Q15261025,,,1964,
Q7839709,5582,,1962,
Q4855008,,,1887,
Q1674548,,,1960,https://english.bjut.edu.cn/
Q1187444,20000,,1912,https://international.pte.hu/
Q50379241,,,,
Q108737588,,,2009,https://caesenergy.org/
Q8054948,518,,1952,
Q625103,13874,,1963,https://www.umsl.edu/
Q67179948,,,1996,https://www.stieykp.ac.id
Q16552124,,,2010,https://www.cfe.edu.uy/
Q4318652,,,1917,
Q7038668,,,1983,https://www.nbut.edu.cn/
Q7968031,,,1958,
Q131875946,,,2008,https://www.kios.ucy.ac.cy
Q127415609,,,1994,https://uttecam.edu.mx
Q109120908,,,2002,https://pat.ac.id
Q21714634,,,2011,
Q4418318,8385,,1956,
Q5146930,,,,
Q16964997,,,,
Q497766,,,,
Q4146801,,,1945,
Q30294136,,,,
Q3152533,,,2004,
Q11392840,,,1919,https://www.hyogo-dai.ac.jp/department/junior/
Q140907951,,,,https://gonbad.iau.ir
Q19891082,,,2015,
Q133812089,,,2014,https://www.grupodocentes20.com
Q30253989,37051,,2009,
Q30293760,,,,
Q7106619,,,1897,
Q7570323,,,1966,
Q3307837,751,,1849,https://www.jewell.edu/
Q129343655,,,2023,
Q136663549,,,,https://cieba.belasartes.ulisboa.pt
Q17066658,,,1984,
Q12708627,,,,
Q3578412,,,1992,https://www.esitc-paris.fr
Q1147874,60000,,2004,
Q6715708,,,1985,
Q2170993,,,1962,https://www.rcpath.org/
Q109919428,,,2003,https://www.abdinusantara.ac.id
Q7813769,,,1973,
Q137943670,,,2022,https://jbj.edu.qa
Q6156377,,,1977,
Q5182719,,,,
Q6452737,,,1946,
Q16306425,,,2008,https://pcbu.ac.th
Q25454800,,,,https://iainh.ac.id/
Q4929705,,,2005,
Q17052370,,,1990,
Q4855286,,,1972,
Q30254000,,,1951,
Q7310042,,,1987,
Q631066,26406,,1889,https://www.clemson.edu/
Q1372362,9240,,1949,https://www.univ.gakushuin.ac.jp/
Q30174776,,,1995,
Q5750676,913,,1916,
Q129343082,,,2021,
Q33534135,,,2013,
Q659706,8565,,1940,
Q6413499,,,1962,
Q117405721,,,,https://mmres.bist.eu/dolors-aleu-gc/
Q15262325,,,1985,
Q30294755,,,,
Q946028,,,1935,
Q16904255,,,2005,
Q25378674,,,,https://cusanus-institut.de/
Q3117571,3700,,1897,https://www.mbs-education.com/
Q30263491,,,2008,https://educons.edu.rs/
Q131428082,,,2009,https://upjr.edu.mx
Q6368296,,,2007,
Q3551751,3725,,1851,
Q3578258,,,1916,
Q6958991,,,2000,
Q5597737,454,,1895,
Q29673,,,1973,https://www.uminho.pt/EN
Q5943001,,,1987,
Q3446028,,,1847,https://www.rcs.ac.uk
Q109913087,,,2018,https://www.stikessalsabila.ac.id
Q5102286,1046,,1998,https://www.chitose.ac.jp/
Q6156840,,,1968,
Q141194597,,,,https://politawau.mypolycc.edu.my
Q48726989,,,2016,https://spu.ac.in
Q7901163,,,2001,
Q5580839,,,2004,
Q7566745,,,2005,
Q1390612,,,2000,https://www.oum.edu.my
Q61931996,,,2011,https://www.ysps-ac.org/
Q133998743,,,,
Q6707245,,,1917,
Q5406597,,,,
Q141195462,,,1993,https://itqshhb.edu.bn
Q7895504,,,,
Q7036842,,,1998,
Q96376591,,,2019,https://www.hbsu.ac.in
Q6704953,1666,,1969,
Q12523484,,,1981,https://uwp.ac.id/
Q7057999,10763,,1912,
Q7598848,,,2012,
Q109913744,,,2020,
Q5115968,,,1962,
Q61483451,,,1996,
Q140876029,,,2010,https://siem.sandipfoundation.org
Q16093712,,,1998,
Q5689059,,,1887,
Q30269518,,,1979,https://carrickinstitute.com/
Q15813240,,,1997,
Q9727241,,,,
Q5477034,11711,,1912,https://www.fvtc.edu/
Q19615470,,,1991,https://www.iupsm.com.ve
Q129342902,,,2022,
Q25100914,,,,
Q487556,63602,,1850,https://www.sydney.edu.au/
Q5917985,,,1974,https://www.universidad-policial.edu.ar/
Q7109428,2652,,1846,https://www.otterbein.edu/
Q135095657,,,,https://audax.iscte-iul.pt
Q141194200,,,2001,
Q10938175,,,2000,
Q836107,,,1988,
Q6841902,,,1964,
Q28025352,,,2017,
Q28006255,,,2016,
Q1185947,,,1878,https://www.uy.edu.mm/
Q4702996,,,2007,
Q10906876,,,1999,
Q10924764,,,1906,
Q33121217,,,1992,
Q8070672,,,1897,
Q5594651,3688,,1910,https://www.rockhurst.edu/
Q3701429,20000,,1942,
Q4806490,9940,,2001,https://www.asia.edu.tw/
Q105626526,,,2000,https://stiesultanagung.ac.id
Q30294267,,,1993,
Q385471,,,1861,https://lamda.ac.uk/
Q6441018,,,1998,
Q5290747,83,,1905,
Q11627597,,,1949,https://www.xaut.edu.cn/
Q109919601,,,2005,https://www.sebi.ac.id
Q30266536,,,,
Q1238770,,,1950,
Q100956256,,,,
Q3551841,,,1993,
Q5393210,,,1966,
Q141194394,,,,https://kkmiri.mypolycc.edu.my
Q6444884,,,1933,https://www.kmmu.edu.cn/
Q5221955,,,1997,
Q109919565,,,1994,https://www.stbapontianak.ac.id
Q140907641,,,,https://bahriasyiq.ac.id
Q24233955,,,2005,
Q10387896,,,1942,
Q30294211,,,,
Q7895319,,,2009,https://uqu.edu.sa/
Q10893382,,,2009,https://www.lpssy.edu.cn/
Q29055027,,,,https://www.icel.edu.mx
Q7894363,,,1968,
Q6124158,,,1995,
Q9366812,,,1959,https://www.ukf.sk/
Q7842344,3573,,1884,https://www.trine.edu/
Q6465575,,,1992,
Q3631045,,,1973,https://www.kunainital.ac.in
Q14817590,,,2006,https://www.caodangvietmy.edu.vn/
Q4650771,,,1990,
Q16617278,,,2004,https://wam.edu.pl
Q30265684,,,,
Q77075507,,,1960,https://www.dav-akademie.de/
Q1280712,2800,,2004,https://www.fham.de/
Q729786,,,1735,
Q138662877,,,2013,https://kespodak.edu.ng/
Q12644732,,,,
Q109912699,,,2020,https://www.ikestmp.ac.id
Q139407538,,,1954,https://acfp.ca
Q8078043,,,1996,
Q8044666,,,1922,https://www.xxmu.edu.cn/
Q3551514,,,1906,
Q6452817,,,2001,
Q141195293,,,,https://iric.gov.kh
Q138859619,,,2023,https://www.opit.com
Q140045411,,,,https://www.dal.ca/diff/jmeuce.html
Q273515,,,1959,
Q5968497,,,2002,
Q52846455,,,1941,
Q5598715,,,1967,https://greatbasin.bkstr.com/
Q4287774,,,1964,
Q109919809,,,2019,https://umbulukumba.ac.id
Q7895650,,,1958,
Q19899106,,,2012,
Q30314718,18603,,2015,https://idlib.edu.sy/
Q6415753,,,2008,
Q30266538,,,2008,
Q7088000,3764,,1907,
Q5599458,,,2004,
Q4336193,,,1919,
Q111914655,,,2012,https://www.gspb.edu.ng/
Q6065828,,,2010,
Q7894664,,,2004,
Q7399241,,,1980,
Q141194425,,,1948,https://aei.ac.in
Q538520,200,,1899,https://www.thh-friedensau.de/
Q109919394,,,2006,https://akbidharapanmulya.ac.id
Q7698504,,,,
Q7895655,1624,,1878,https://www.umfk.edu/
Q5197742,,,2007,https://www.cyber-u.ac.jp
Q7085632,,,1893,
Q25619621,,,2015,
Q30598874,,,,
Q9371697,,,1996,
Q1665131,,,2004,https://www.iqb.hu-berlin.de/
Q151510,28413,,1386,https://www.uni-heidelberg.de/
Q5815430,,,1947,https://www.iua.edu.ar/
Q30294574,,,,
Q7567197,,,2019,
Q71519799,,,2015,
Q597030,,,1999,https://www.utg.edu.gm
Q30282042,,,1976,
Q7227302,,,1894,https://www.pomfret.org
Q1023818,,,1957,https://universidad.claeh.edu.uy
Q3551556,,,1995,
Q132803531,,,2014,https://upotec.edomex.gob.mx
Q5624074,,,1996,
Q128123383,,,2004,https://floridaglobal.university/
Q5081831,872,,1966,https://www.cdrewu.edu/
Q1822063,,,1893,https://www.lcsc.edu/
Q4677656,,,,
Q3700049,18000,,1856,
Q17220057,,,,
Q3152129,,,1962,https://www.itaq.ca/
Q13181847,,,1972,
Q7193647,12506,,1968,
Q7896172,,,1967,
Q14709796,1324,,,https://www.wdt.edu
Q1783191,11835,,1908,
Q30290373,,,2009,
Q10829171,,,1957,
Q59536459,,,1985,https://www.davidhumeinstitute.com/
Q5878040,,,2006,
Q5099732,,,1946,
Q30293712,,,,
Q115057434,,,2023,https://gpu.ac.jp/
Q7537915,,,1962,
Q141195386,,,2002,https://icats.edu.my
Q5094206,,,2005,
Q7894294,,,1974,
Q24943871,,,1955,
Q2248856,,,1994,https://www.sas.ac.uk/
Q7813277,,,1938,
Q4649771,,,2002,https://www.aab-edu.net
Q1059546,1822,,1563,https://www.louislegrand.fr/
Q6749838,,,1980,
Q7676204,8490,,1965,
Q7847734,4655,,1867,
Q6586561,,,2007,
Q9048885,,,1981,
Q30293751,,,,
Q137408959,,,2012,https://www.aleftrust.org
Q3682946,,,2004,
Q52162280,,,2018,
Q4572296,3776,,1865,https://www.cau.edu/
Q13423891,,,2001,https://www.vsem.cz
Q36874924,,,,
Q2165080,12500,,2012,https://en.unecon.ru/
Q109911867,,,,https://tiranus.ac.id
Q5972037,,,1960,
Q16094112,,,1954,https://www.daeshin.ac.kr/html/00_main/
Q178333,7067,,1959,https://upjs.sk
Q104632454,,,1981,https://ikipwidyadarmasurabaya.ac.id
Q15837820,,,1962,https://www.oki-regensburg.de/
Q1391228,,,1993,https://www.ustp.at/
Q11509038,,,2004,
Q20458855,,,,
Q4140322,5300,,1874,
Q5548027,,,1994,
Q17997875,,,2017,
Q4882717,4999,,1883,
Q750169,,,1964,https://www.anahuac.mx
Q144488,42700,,1816,https://www.uw.edu.pl/
Q2531629,,,1982,https://www.univr.it
Q129342976,,,2019,
Q3996914,,,2006,
Q63479721,,,2019,https://hmu.gr/
Q2743336,30000,,1967,
Q4853480,,,1972,https://www.bamfieldmsc.com/
Q3551661,,,1996,https://www.uop.edu.jo/En/Pages/default.aspx
Q5142110,,,1987,
Q6506386,654,,1968,
Q7800189,,,1958,
Q12513081,,,2003,https://www.unisayogya.ac.id
Q14415444,6840,,2013,
Q5522330,,,2002,
Q7081004,,,1956,https://www.ohio.edu/southern
Q30253888,,,1984,
Q65214051,,,2018,
Q29127589,,,,https://uaf.edu.mx
Q108597444,,,2006,https://dsadegbenropoly.edu.ng/
Q7581060,4327,,1967,
Q6515757,133,,1990,
Q125199998,,,,https://unflep.edu.ni
Q624561,,,,
Q930279,,,1624,https://www.usfx.bo/
Q1129091,610,,1969,
Q141194668,,,1998,https://fim.edu.my
Q1540704,4081,,1832,https://www.hft-stuttgart.de/
Q140908212,,,2011,
Q139771546,,,2019,https://bgs.edu
Q6982160,7139,,1946,
Q131428033,,,,https://www.ceb.uminho.pt
Q6960805,,,1987,
Q5148025,,,1990,https://www.cinec.edu
Q15920436,,,2001,https://www.qvc.edu.cn/
Q126839579,,,2023,https://www.bge-lab.fr
Q17193506,,,1962,
Q125497430,,,2020,https://ik.edu.iq/
Q136663601,,,2022,
Q4742743,,,2002,
Q1202021,,,2002,https://en.acatech.de/
Q1756635,6000,,1999,
Q6157884,,,1968,https://www.jue.ac.jp/
Q3445783,2448,,1904,https://www.assumption.edu/
Q14682464,7123,,1962,
Q55074849,,,,https://www.purdueglobal.edu/
Q5998168,,,1975,
Q15920030,,,1972,
Q5061907,,,1965,
Q6728231,3104,,1968,
Q5761531,,,1970,
Q43895483,,,1998,
Q46996955,,,1965,https://adacoe.edu.gh/
Q4808396,,,2010,https://www.adtu.in
Q488100,,,1950,
Q7937045,2516,,1890,https://www.viterbo.edu/
Q136448393,,,2023,https://www.despu.edu.in
Q1030755,,,1992,
Q5483031,,,,
Q46996958,,,1965,
Q7060777,4420,,1961,https://norwalk.edu/
Q30294756,,,1982,https://www.biu.edu.lb/
Q14957098,,,1972,
Q133811233,,,2000,https://about.citiprogram.org
Q30262930,,,1963,
Q1154432,,,1935,
Q1734895,,,1987,
Q5123606,,,1996,
Q106371791,,,2021,https://www.snuchennai.edu.in
Q2067552,,,1958,
Q2068041,,,,
Q11467392,,,1967,
Q128123052,,,,https://utfv.edomex.gob.mx
Q7293233,1823,,1907,
Q28173944,,,2002,https://sru.edu.in
Q7553485,,,1982,https://www.unika.ac.id
Q30265685,,,2008,https://unvicsorong.ac.id
Q7586326,,,1993,
Q30280808,,,1989,
Q140532603,,,2015,https://dbcgolaghat.edu.in
Q1337913,,,1888,
Q1200661,,,1947,https://www.designacademy.nl/
Q4673528,,,1968,
Q5039438,,,1969,
Q135398292,,,,https://innovationsocialeusp.ca
Q2342183,,,1962,https://www.nbu.ac.in
Q30257332,,,,
Q137204523,,,1930,https://www.mpk.mk.ua
Q30294416,,,,
Q4747131,,,1999,
Q718332,,,1949,
Q61861353,,,2017,https://www.unavarra.es/imab/
Q8044022,,,1949,
Q30279576,,,,
Q7191535,,,1966,
Q5243798,,,1928,https://demontmorency.edu.pk
Q6192593,,,1921,
Q30288477,,,,
Q6042679,,,1998,https://www.iul.ac.in
Q5963217,,,1987,
Q97041635,,,2008,
Q5924445,1637,,1997,
Q10274456,,,1995,
Q109123205,,,2009,
Q3551783,,,2002,
Q10854039,,,1982,
Q109912957,,,1990,
Q337216,442,,,https://www.academia-engiadina.ch/
Q4690863,30000,,1992,
Q478464,12000,,1993,https://www.uhu.es
Q153978,28238,,1477,https://uni-tuebingen.de/
Q33121859,,,,
Q12513112,,,1995,https://www.isbi.ac.id
Q5244550,,,1997,
Q3509319,,,1981,
Q11815223,,,1998,https://www.pwste.edu.pl/
Q137943360,,,2009,https://travancoremedicity.com/
Q5149662,6769,,1890,
Q3298397,2352,,1860,
Q8190036,,,1925,
Q30253882,,,,
Q141194580,,,1991,https://kvkajang.moe.edu.my
Q6413125,15116,,1963,
Q7270850,12405,,1959,https://www.qcc.cuny.edu/
Q3067635,,,1987,https://www.nls.ac.in
Q6391917,1173,,1965,
Q9726533,,,1988,
Q192964,35190,,1933,https://www.istanbul.edu.tr
Q16632212,,,1921,
Q24170810,,,,
Q1022929,,,1931,
Q426045,11269,,1769,https://www.um.edu.mt/
Q1248821,44338,,1434,https://www.unict.it
Q141195755,,,2002,https://kkjempol.mypolycc.edu.my
Q3551699,,,,
Q3551591,4000,,1993,
Q6863631,,,,https://msutcto.edu.ph/
Q6157796,,,2006,
Q30263285,,,1992,
Q44176404,,,2006,
Q2946087,,,1994,
Q7163261,,,1912,
Q13184031,,,1984,
Q7570614,1140,,1867,
Q14917501,,,2004,https://www.uin-malang.ac.id
Q5468340,,,1960,https://www.ftu.edu.vn/
Q8045825,2278,,1967,https://www.yarsi.ac.id
Q11088520,,,1938,https://www.uvn.cz/cs/
Q77075431,,,,
Q131428205,,,,https://www.ua.pt/pt/tema
Q6128246,3324,,1971,https://www.rhodesstate.edu/
Q1778321,,,1872,
Q16973332,482,,1899,
Q100956208,,,1982,
Q3551552,,,1918,
Q1654102,,,2003,
Q30253893,,,,
Q7914249,,,1971,
Q4816584,,,1882,
Q30293967,,,,
Q5055814,,,1902,
Q140908328,,,,https://www.stiebii.ac.id
Q23020128,,,1940,
Q3578119,,,1963,
Q10905490,,,1951,
Q136663936,,,,https://www.medicina.ulisboa.pt/instituto-de-histologia-e-biologia-do-desenvolvimento
Q7894297,,,1966,
Q645663,47736,,1343,https://www.unipi.it
Q112676957,,,,https://www.gwng.edu.cn/
Q4751340,,,1961,
Q5207275,,,,
Q30282800,,,2004,
Q7813465,,,1888,
Q4211795,,,1958,
Q13428327,121,,1784,
Q30263601,,,1878,
Q18127670,,,1963,
Q812777,1045,,2007,https://www.bbw-hochschule.de/
Q6909043,,,1917,https://www.morainepark.edu/
Q273560,,,1958,
Q19459342,,,2011,https://kalingauniversity.ac.in
Q109313596,,,2008,https://www.akfarprayoga.ac.id
Q6821115,709,,1979,
Q879216,962,,1963,
Q39046365,,,2013,https://www.sknau.ac.in
Q10387809,,,1975,
Q87761010,,,,
Q15934603,,,1978,
Q10302493,,,2008,
Q30950711,,,,
Q1107305,1087,,1908,
Q20613210,,,2015,https://www.rub.ac.bd
Q140907918,,,2013,https://sttrmk.ac.id
Q3392821,,,1717,
Q30257179,,,,https://dalrybvtuz.ru/
Q6413557,,,1948,
Q5999373,7813,,1967,
Q16240676,,,2009,
Q111452889,,,,https://tesoem.edomex.gob.mx/
Q135095185,,,,https://www.unidcom-iade.pt
Q1916178,1304,,2004,
Q4748684,24500,,2003,https://www.amrita.edu
Q304872,10165,,1979,https://www.univ-perp.fr/
Q16965416,,,,
Q3551414,,,2002,
Q5109383,1918,,1871,
Q7988384,357,,1866,
Q223429,30832,,1900,https://birmingham.ac.uk/
Q14917503,,,1981,https://www.umy.ac.id
Q107518125,,,2007,https://phenikaa-uni.edu.vn/vi
Q6763222,1254,,1835,
Q1164215,,,1900,https://zp.edu.ua/
Q61932765,,,2011,
Q11654159,,,1966,
Q25455638,,,2002,
Q10291749,,,2000,
Q30293719,,,,
Q118116891,,,,
Q30294352,,,,
Q1960862,12000,,1920,https://snu.edu.ua/
Q4763585,,,2000,https://www.aauni.edu/
Q30266535,,,,
Q40378878,,,2017,https://uowa.edu.iq/
Q109911561,,,1987,https://staithawalib.ac.id/
Q5061961,,,2009,
Q7994668,141,,1997,
Q141194759,,,1997,https://uniti.edu.my
Q14689766,,,1927,
Q30263470,,,2003,
Q24915619,,,2011,https://www.sunriseuniversity.in
Q110636214,,,2022,https://www.mpinat.mpg.de/
Q12513085,,,2021,https://unimugo.ac.id/
Q4318648,,,1930,
Q4748737,,,2013,
Q4806767,,,1996,
Q30294552,,,,
Q106411798,,,1981,https://www.tecres.it/
Q7709009,1227,,1905,
Q1363559,,,1923,
Q30263583,,,1834,
Q489695,,,1950,
Q7338304,,,1992,https://www.kenpoly.edu.ng/
Q1695245,2944,,1999,https://www.upf.pf/fr
Q672416,,,1810,https://www.sns.it
Q6346396,,,1948,https://www.eiyo.ac.jp/
Q1343885,83137,,1943,https://tec.mx/en
Q320642,,,1993,https://www.awk.nrw/
Q7571362,6480,,1946,
Q4831775,,,1979,
Q4897888,,,1887,https://www.bethelks.edu
Q7267825,,,1956,https://www.qhnu.edu.cn/
Q109919558,,,2008,https://www.trisaktimultimedia.ac.id
Q2629906,,,1974,https://www.utesa.edu
Q85882122,,,2020,https://www.sku.ac.jp/
Q11357807,714,,1902,
Q30263685,,,1889,
Q6452829,,,1952,
Q11592536,,,1908,
Q848958,,,1949,
Q30297327,,,1985,https://www.nyiad.edu/
Q100707287,,,1992,
Q18914774,,,,
Q10279310,,,1981,
Q17372986,,,1993,
Q3578098,,,1968,
Q4867846,,,2008,
Q4852809,4181,,1947,
Q4926268,54,,1964,
Q2212983,1724,,1904,https://www.smcvt.edu/
Q21528947,,,2008,
Q7191501,1329,,1970,https://www.piedmontcc.edu/
Q15244396,,,2003,https://www.cpu.edu.sy
Q7853255,,,1969,https://tarc.edu.my
Q657374,4293,,1908,https://www.umw.edu/
Q30262824,,,1982,
Q3551474,86,,2015,
Q9698910,,,,
Q1949773,1935,,1883,https://www.setonhill.edu/
Q7813467,,,1961,
Q25541103,,,2016,
Q11578870,,,1946,
Q85300,,,1865,https://onu.edu.ua/
Q7489464,,,2009,https://www.sharda.ac.in
Q7570575,,,1974,
Q7131449,2513,,1947,
Q77075482,,,2000,https://www.figd-akademie.de/
Q30293710,,,,
Q634951,,,1847,
Q492467,,,1883,https://www.auckland.ac.nz/en.html
Q61931990,,,2009,
Q1622130,2192,,1991,https://www.hs-nb.de/
Q5950653,4907,,1928,
Q970751,,,1971,https://www.ucp.pt
Q16057940,,,2009,
Q30294088,,,,
Q132803456,,,2005,https://gcprohru.ac.in
Q3577909,,,1972,
Q673111,10829,,1909,https://www.atu.edu/
Q111668160,,,,https://htc.fcsh.unl.pt
Q650345,594,,1946,
Q115517690,,,,https://www.kuu.ac.in
Q5146775,,,1978,
Q4111614,,,1921,https://vnmu.edu.ua/
Q5062883,,,1974,
Q4253367,,,1920,https://www.lkouniv.ac.in
Q11085944,,,1965,
Q691146,,,1867,
Q6980444,,,1970,
Q138860313,,,2022,https://aifu.uz
Q16900342,,,1967,
Q46996985,,,1946,
Q50376894,,,1977,https://www.usp.ac.fj/index.php?id=5681
Q644478,18000,,1845,https://www.ollscoilnagaillimhe.ie/
Q48733671,,,,
Q5416962,,,1890,
Q11611655,,,1999,
Q30265711,,,1978,
Q30293726,,,,
Q109913038,,,,
Q1121584,,,1973,
Q5821470,,,1986,
Q30293998,,,,
Q56240907,,,2018,
Q5415743,,,2008,
Q1532259,193,,2012,
Q7896062,,,1999,
Q3378714,1200,,1911,
Q107724041,152,,2015,https://summituniversity.edu.ng/
Q5500915,,,,
Q30294102,,,,
Q2215021,,,,https://www.bostonpublicschools.org/
Q109912700,,,2021,
Q129343595,,,2022,
Q11672356,,,1963,https://www.kochi-ct.ac.jp/
Q30260660,,,,
Q10302482,,,2008,
Q5108993,,,1992,
Q30259117,,,,https://www.universiteitleiden.nl/en/research-school-medieval-studies
Q141194515,,,2013,https://www.veritas.edu.my
Q4696569,,,1966,
Q140045453,,,1978,https://www.ualberta.ca/en/steadward-centre
Q136663928,,,,https://igc.fd.uc.pt
Q7895343,,,1991,
Q4732063,,,1972,
Q105626483,,,2007,https://www.stikeselisabethmedan.ac.id
Q128123104,,,1994,
Q52847629,,,1953,
Q153012,20406,,1991,https://www.uni-potsdam.de/
Q6082260,,,1999,
Q5146774,173,,1993,
Q5456170,632,,1972,
Q28792272,,,2001,
Q1258413,,,1803,https://www.udea.edu.co/
Q10873511,,,,https://www.wuhues.com/
Q5615941,10821,,1958,
Q6537868,88,,1865,
Q1155788,,,1929,
Q6398457,,,1868,https://www.keystone.edu/
Q189441,33549,,1364,https://www.uj.edu.pl/
Q112676961,,,1999,https://www.hualixy.edu.cn/
Q5575411,,,1947,
Q30297504,,,2012,
Q141194721,,,,https://www.facebook.com/IKMBESERIPERLIS
Q6884590,,,2006,
Q12511310,,,1987,https://stikvinc.ac.id
Q1391235,1320,,1993,
Q129343075,,,2022,
Q5436300,,,1936,
Q1605513,2070,,1883,
Q4071515,,,1918,
Q6978829,7900,,1953,
Q11617309,,,1964,
Q10917207,,,,
Q30644965,,,2015,https://www.bsaeu.in
Q7571409,2259,,1964,https://www.southwesterncc.edu/
Q24944030,,,1963,https://loyolacollegekerala.edu.in
Q30293865,,,,
Q3551835,,,1892,
Q3540728,,,1949,
Q25619377,,,1971,https://www.uit.edu.mm/
Q1991809,,,1972,https://en.syktsu.ru/
Q3009982,,,1973,
Q7447021,,,1994,
Q4651821,,,1921,
Q25527774,,,,
Q18484212,,,1990,
Q5127510,855,,1843,
Q113245274,,,2021,https://www.dou.edu.ng/
Q129652185,,,1970,
Q7928953,,,2008,
Q135738806,,,2012,https://www.agenlaacademyatuniversityincameroon.com
Q29177461,,,,
Q30293817,,,,
Q125761966,,,1960,https://normaltlalnepantla.edomex.gob.mx
Q317796,916,,1938,
Q7133170,,,1965,
Q6837668,209,,1980,https://msp.edu/
Q1334412,,,1971,https://www.uniel.edu.al/
Q18484225,,,,
Q12523374,,,2001,https://www.unimal.ac.id
Q16253618,,,1970,
Q4743295,,,1978,
Q30294150,,,1987,https://www.aci.edu.gh/
Q6077866,,,1978,
Q5304488,,,1985,https://www.yspuniversity.ac.in
Q427553,5323,,1947,
Q10279694,,,,https://www.faccat.br/
Q17054075,,,1990,https://www.southern.edu.my/
Q1133697,,,1973,
Q16965873,,,,
Q1054324,10072,,1990,https://www.poliba.it
Q689617,2862,,1996,https://www.usi.ch/
Q89533195,,,2004,
Q16149853,,,1872,https://www.lyon.edu/
Q627969,49000,,1848,https://www.uottawa.ca/en
Q3551367,,,1982,
Q4806454,,,1993,
Q24590451,,,2014,
Q8049953,,,1915,
Q141195700,,,2024,https://www.utmy.edu.my
Q7960951,21760,,1958,
Q5243137,5218,,1990,
Q129342858,,,2022,
Q7373744,,,1958,
Q10274757,,,,https://www.ecak12.com/
Q30280809,,,2003,
Q846382,,,1934,
Q5507373,,,2002,https://www.fjut.edu.cn
Q52851866,,,1950,
Q30265552,,,2012,
Q4453265,,,1870,
Q6131246,,,1969,
Q7896612,1195,,1904,https://www.uws.edu/
Q6906574,362,,1970,
Q484090,5630,,1984,https://en.knue.ac.kr
Q100552857,,,1998,
Q7852353,,,1898,https://www.tulsaschools.org/
Q29052693,,,,
Q12486119,,,1964,https://radenfatah.ac.id/
Q7895547,,,1983,https://stie-igi.info/
Q5157505,,,2000,
Q3907585,,,,https://polkschoolsfl.com
Q137943333,,,,https://www.ugto.mx/campuscelayasalvatierra
Q30257592,,,,
Q1338536,1028,,1971,https://www.eh-ludwigsburg.de/en/
Q30263415,,,1996,
Q100989278,,,1993,https://uom.cd/
Q18110694,,,2006,
Q1426464,,,1781,https://www.exeter.edu
Q141194809,,,1996,https://consist.edu.my
Q2405067,,,1997,https://www.uh1.ac.ma/
Q109912661,,,2017,
Q4220135,,,1999,
Q4754216,1406,,1917,https://anderson.edu/
Q3332415,,,1955,
Q136663879,,,,https://iitaa.uac.pt
Q4889676,232,,1873,
Q5220742,1345,,1906,https://www.swu.edu/
Q3010496,,,1951,https://www.usfa.edu.ua/
Q38881,,,2002,https://www.inholland.nl/
Q19732693,,,2008,https://staidaf.ac.id
Q30257253,,,1992,
Q1146856,500,,2006,https://www.nu.edu.eg/index.php
Q1667045,,,1989,
Q7262886,,,1999,
Q5140489,1394,,1851,
Q30293882,,,,
Q2475371,3061,,1862,https://hope.edu/
Q125131326,,,,
Q30293874,,,,
Q29052628,,,,
Q30263497,,,1997,
Q1051345,,,1958,https://togudv.ru/ru/
Q5507692,,,1885,
Q624179,,,,
Q4351498,1814,,1975,
Q3152518,,,1920,
Q25450337,,,2013,https://alnoor.edu.iq/
Q7273313,,,2000,
Q30263652,,,2007,
Q4259201,,,1981,https://www.ums.ac.id
Q30270369,,,2004,
Q4314805,,,1992,
Q7598012,1698,,1996,
Q30263633,,,,
Q5328042,,,1968,
Q368329,,,1966,
Q29161041,,,,
Q30263431,,,1886,
Q1951942,2340,,1848,
Q30294050,,,,
Q118142559,,,,
Q4949280,,,,
Q1441039,2925,,1971,https://www.hs-albsig.de/
Q131630078,,,,
Q6973652,,,1966,
Q6837583,,,1994,
Q1818020,7885,,1844,
Q59535271,,,2010,https://www.qatar.exed.hec.edu
Q3269488,2447,,1924,https://www.dts.edu/
Q28949958,,,1982,https://unismabekasi.ac.id
Q100955843,,,2000,https://bluecrest.edu.gh/
Q8020982,618,,1941,
Q7708206,,,1989,https://law.tamu.edu/
Q111717740,,,2021,https://www.uniteduniversity.edu.in
Q16955,,,1911,https://www.tsinghua.edu.cn
Q5871656,,,,
Q13018822,,,,
Q131428161,,,2005,https://frapscentre.org
Q4810344,,,,https://assumptioncollege.edu.in/
Q4745322,,,1963,
Q1640726,,,1837,
Q138649899,,,2017,https://stephensgroupofinstitutions.com
Q22948961,,,2006,
Q126415696,,,,
Q4005947,,,2006,https://www.unipegaso.it/
Q7894348,,,1880,
Q1073666,,,1949,
Q6805479,,,1998,https://www.mediadesignschool.com/
Q1543126,759,,2002,
Q5195204,2086,,1879,https://www.curry.edu/
Q23198423,,,1945,
Q621043,14915,,1836,https://emory.edu
Q1346417,2008,,2006,
Q138860412,,,2017,https://www.bru.edu.et
Q10387808,,,1970,
Q74654815,,,1945,https://inba.ma/
Q15819802,1134,,2013,https://www.ist-hochschule.de/
Q25551559,,,1970,
Q493294,,,1864,
Q1391755,,,1831,
Q30296124,,,2007,
Q30257759,,,1994,
Q19600080,,,1991,
Q16092707,,,1991,
Q109912371,,,2021,
Q737940,,,1977,
Q141194867,,,,https://kkbukitmertajam.mypolycc.edu.my
Q5461282,194,,1996,
Q138808563,,,2022,https://aiiu.edu.af/
Q10875989,4468,,1966,
Q7567863,5855,,1997,
Q21600575,,,1918,
Q30253872,,,,
Q1642421,,,1901,
Q3578172,,,1909,https://www.ensat.fr
Q39054605,,,2010,https://recbanda.ac.in
Q7566003,1253,,1992,
Q7244166,,,2006,
Q129285335,,,2023,https://westmidlands.university/
Q7163226,,,1939,https://altoona.psu.edu/
Q109912664,,,2000,https://www.amayogyakarta.ac.id
Q6477887,,,1995,
Q7894281,,,1997,
Q6156468,,,1982,
Q1736402,,,2003,https://www.ucv.es/
Q7577547,,,2009,https://spingharuniversity.edu.af/
Q2905352,,,1994,https://www.netanya.ac.il/Pages/default.aspx
Q7566777,,,1951,
Q2982993,2663,,1847,
Q64143375,,,,
Q6763692,,,2005,
Q7568689,,,1861,
Q12419247,,,1961,https://ksdsu.bihar.gov.in
Q30261305,,,1955,
Q5958474,,,1999,
Q12523397,,,1982,https://www.umpo.ac.id
Q110826099,,,,
Q5025507,,,1988,
Q109913068,,,,https://sttkibaid.ac.id
Q663625,,,1696,https://www.sjc.edu/
Q6156384,,,1997,https://ucsp.edu.pe/
Q1636837,,,1911,https://tecnico.ulisboa.pt/
Q7494347,,,,
Q180865,102431,,1827,https://www.utoronto.ca/
Q138773298,,,2026,https://www.csuc.edu.cn
Q6374203,,,1986,
Q3551671,,,2005,
Q853151,17000,,1997,
Q4857601,222,,1950,
Q17030006,,,2004,https://www.wzut.edu.cn/
Q6894141,,,2000,
Q4115886,,,1980,
Q16250450,,,1994,
Q28134655,,,1934,
Q130538112,,,2006,https://www.spjain.sg
Q3438435,55000,,1962,
Q30287145,,,,
Q7571277,,,,
Q12523290,,,2000,https://www.uai.ac.id
Q130537759,,,,https://ipiaget.org/iseit-ensino-universitario-viseu
Q140908213,,,2024,https://univ-bhi.ac.id/
Q7975106,7564,,1966,https://www.waubonsee.edu/
Q101377115,,,,
Q9380724,,,1996,
Q3046044,2500,,1925,
Q5917896,,,1971,https://www.tijuana.tecnm.mx/
Q5104676,,,1950,
Q4754603,,,,
Q128123136,,,,https://itsloreto.edu.mx
Q5551972,7679,,1970,
Q3943854,,,1988,
Q17010017,869,,1899,
Q3551842,,,2003,
Q4418288,,,1930,
Q11551065,,,,
Q7895090,,,1996,
Q11061973,,,1922,
Q140045286,,,,https://www.brainrepair.ca
Q4115972,1604,,1860,
Q5596343,,,1845,
Q6344712,,,1953,https://www.kacho-college.ac.jp/
Q261506,40000,,1922,https://www.mak.ac.ug/
Q5141507,,,1966,
Q30287018,,,,
Q108485713,,,,
Q4775037,,,1972,
Q10387885,,,1989,
Q7494354,,,1931,
Q30262904,,,1998,
Q4748849,,,2012,https://www.auc.nl
Q4845462,,,1995,
Q5918258,,,1981,
Q6705538,1802,,1861,https://www.luther.edu/
Q135398337,,,2018,https://svu-gcar.education
Q7404130,1008,,1888,https://www.salemu.edu/
Q11090053,4235,,1990,
Q2885322,,,1965,
Q50040918,,,,
Q123724532,,,,https://daihoctantrao.edu.vn/
Q109911921,,,2017,https://www.stikespantirapih.ac.id
Q30294398,,,,
Q7404844,716,,1981,
Q12183553,,,1988,https://www.aambfs.org/
Q1324675,14373,,1971,https://www.fh-dortmund.de/index.php?loc=en
Q119348851,,,2004,https://unimam.com.br/
Q5613690,,,1934,
Q1353139,17045,,1993,https://www.gcu.ac.uk/
Q7110482,,,1991,https://oamk.fi/
Q125761912,,,2023,https://ipeba.ac.id
Q9380844,,,2003,https://akademiaslaska.pl/
Q4447925,,,1952,
Q43896351,,,2004,https://www.bauinternational.com/
Q7415103,,,1956,https://www.spcdavao.edu.ph/
Q9371183,,,2002,https://moderna.edu.pl/
Q7895436,,,1992,
Q6792427,,,1958,
Q6146410,,,1989,
Q12523306,,,1981,https://unigoro.ac.id
Q139407948,,,1957,https://www.benerz.org.mx
Q30263454,,,,
Q1637768,7200,,1971,https://unkorce.edu.al/
Q30261759,,,1972,
Q7069822,2166,,1992,
Q17070468,,,1999,https://simad.edu.so/
Q77076915,,,,https://www.felsenweginstitut.de/
Q11417462,,,1896,
Q113551498,,,2020,https://www.wyssacademy.org
Q3104287,,,1911,https://www.uregina.ca/
Q140869700,,,1970,https://www.ihfr.edu.dz
Q4899661,3204,,1992,
Q141195530,,,2003,https://kkmt.edu.my
Q11386089,,,,
Q132803520,,,,https://lar.ac.ir
Q141195050,,,,https://srigading.kktm.edu.my
Q16307033,16712,,1915,https://www.bsru.ac.th/
Q11592220,,,1954,https://www.fit.ac.jp/jc/index.html
Q1811146,11359,,1978,https://www.uib.cat
Q5491762,1928,,1962,
Q5976537,1691,,2009,
Q3551475,,,2006,https://www.sorbonne.ae/
Q109913230,,,2006,https://stitalkhairiyah.ac.id
Q4166222,,,1992,https://donampa.ru/
Q1026941,31451,,1947,https://www.csus.edu/
Q11525614,487,,1924,https://www.metro.ed.jp/kuramaekoka-h/
Q707456,7667,,1949,
Q135095441,,,2009,https://idihcs.fahce.unlp.edu.ar
Q28129118,,,2016,
Q4460099,12000,,2001,
Q1311551,,,1990,
Q3578185,,,1969,
Q109912266,,,2020,https://unimar-amni.ac.id
Q30293811,,,,
Q5032681,197,,1982,https://canningcollege.wa.edu.au/
Q109362721,,,2021,https://kanazawa-pu.ac.jp/
Q7894234,,,1964,https://www.kennedy.edu.ar/
Q7588837,,,1946,https://www.sjs.org/
Q104876326,,,2011,https://ensbiotech.edu.dz/
Q85783332,,,1981,https://mmchetauda.edu.np
Q43896509,,,,
Q17997867,,,1999,https://www.akpol.ac.id
Q30294071,,,,
Q28416420,,,2006,
Q141194828,,,1982,https://www.bcnpb.ac.th
Q77075893,,,1991,https://www.iaj.de/
Q7635875,,,1994,
Q59536754,,,,
Q2007778,,,1990,
Q4876011,,,2003,https://www.bnu.edu.pk/
Q3551376,,,2000,
Q30293969,,,,
Q7332866,,,,
Q30294327,,,2002,https://myiuc.com/
Q6552909,2590,,1903,
Q30282416,,,2011,https://www.peoplesuniversity.edu.in
Q16369106,,,1945,https://vbig.ge/
Q7335324,17362,,1978,
Q3577938,1324,,1843,https://www.imt-mines-ales.fr
Q5537326,,,1967,https://www.georgebrown.ca/
Q7459831,,,1967,
Q131623074,,,1991,
Q30263474,,,,
Q65076950,,,2018,https://www.csmu.ac.in
Q3551791,,,1988,
Q30266928,,,2012,
Q5039806,,,1933,
Q5568198,,,1952,
Q48725492,,,1966,
Q6508745,,,2001,
Q16892406,,,2004,
Q24590544,,,2004,
Q648661,,,1975,
Q131386640,,,2007,https://www.vhzk.hr/
Q97227534,,,2004,
Q7961036,,,1868,
Q4826820,,,1973,
Q945839,,,1994,
Q5242285,,,2009,
Q7692496,,,2007,
Q1144702,,,2013,
Q4315019,,,1841,https://nmu.university/?lang=ar
Q99403329,,,,
Q118810833,,,,
Q6678799,,,1839,
Q1117071,,,1988,
Q109919352,,,2007,https://www.stmik-bnj.ac.id
Q12553646,,,,
Q508048,8849,,1995,
Q19458964,,,1996,https://www.iuu.ac
Q1123379,,,1855,
Q670897,135729,,1885,https://www.asu.edu/
Q3496652,,,1923,
Q129343779,,,2022,
Q883471,6344,,1998,
Q123207578,,,2023,https://indianapolis.iu.edu
Q1808814,,,1944,https://www.uv.mx/
Q59536760,,,,
Q6039964,,,1955,
Q11453720,,,1896,https://miyagisuisan.myswan.ed.jp/
Q30267060,,,1964,
Q141194362,,,1993,https://wimcollege.edu.my
Q39055749,,,2017,
Q10873860,,,1982,
Q6261498,9440,,1967,
Q20020449,,,2006,https://www.indusuni.ac.in
Q7894378,,,1989,
Q4865029,2444,,1959,https://www.barstow.edu/
Q7272130,,,1958,
Q7042323,,,1992,
Q1443288,,,2018,https://uaw.edu.ec/
Q5925123,,,1974,
Q28224869,,,1973,
Q140707312,,,2020,https://jku.edu.in/
Q4775035,924,,1978,
Q6960804,,,1970,
Q4792997,,,1999,https://www.afmc.edu.bd/
Q6064292,4704,,1966,
Q6893766,,,1966,
Q11503053,,,2009,
Q3604033,,,1780,
Q4351497,,,1930,
Q16256278,,,2002,
Q1026919,26438,,1911,https://www.fresnostate.edu/
Q7057941,3243,,1948,
Q30258554,,,1951,
Q4824008,,,1939,
Q140869705,,,2006,https://faceli.edu.br
Q30263706,,,2011,
Q3128575,,,,
Q7689906,,,1940,
Q2829294,,,1995,
Q54870504,,,2015,
Q610220,,,2006,https://daihoc.fpt.edu.vn
Q6040058,,,1965,
Q132795424,,,2008,https://khwopa.edu.np/
Q11662224,741,,1944,
Q575618,,,1947,https://www.army.mod.uk/who-we-are/our-schools-and-colleges/rma-sandhurst/
Q5871530,,,1987,
Q4391363,,,1986,
Q133811269,,,2013,https://www.cedeu.es
Q7141850,9886,,1967,
Q1517478,,,1604,https://www.javeriana.edu.co/inicio
Q141112318,,,2019,https://eiu.ac
Q133811723,,,2018,https://coiba.org.pa
Q7896554,,,2008,
Q5089033,,,1980,
Q5758189,,,1981,
Q7389660,,,1972,
Q12523291,,,1983,https://alazhar-university.ac.id
Q6746824,,,1971,
Q30257707,,,1993,
Q3021766,,,2003,
Q776419,,,2010,
Q141194010,,,1964,
Q109913490,,,,https://www.stitalhilalsigli.ac.id
Q54485122,,,1992,https://fernuni.ch
Q57779710,,,,
Q24911975,,,2010,
Q129343403,,,2021,
Q604629,20049,,1943,
Q3578437,,,1987,
Q5382442,170,,1974,
Q61932471,,,1985,https://www.nyforetagarcentrum.com/in-english/
Q55038,4201,,1696,https://www.udk-berlin.de/
Q16047153,,,1993,
Q1342858,,,1938,
Q3463817,,,1875,
Q3152659,,,1966,
Q1145731,,,1988,https://www.uts.edu.au/
Q3551737,,,1986,https://univ-masuku.org/
Q4325464,,,1929,
Q29051038,,,,https://www.utn.edu.ec/web/uniportal/
Q30289628,,,,
Q4254872,,,1990,
Q137795952,,,2008,https://dacoe.ac.in
Q140871786,,,1959,https://ceas.uchicago.edu
Q4930306,1243,,1895,https://bluefieldstate.edu/
Q7432543,,,2008,
Q2039033,,,1889,
Q110319392,,,,https://kai.kg
Q39048112,,,2009,https://www.uau.ac.in
Q278455,,,1954,https://snu.edu.so
Q141195003,,,2001,https://www.montroyale.edu.my
Q6840980,3291,,1965,
Q30293618,,,,
Q4732337,,,2010,https://www.alliance.edu.in
Q129344074,,,2023,
Q7295135,,,1900,
Q30294159,,,,
Q131428037,,,,https://cefup.fep.up.pt
Q39046130,,,2015,https://www.sggu.ac.in
Q7894248,,,2000,https://www.ucjc.edu/
Q109913458,,,2019,
Q108123842,,,2000,
Q134383965,,,,
Q109911870,,,2014,https://www.hits.ac.id
Q10854048,,,,
Q1974562,,,1984,
Q10302433,,,,
Q139771253,,,2023,https://azimpremjiuniversity.edu.in/bhopal
Q12236083,,,2003,
Q7894637,,,1923,
Q3152449,,,1996,https://new-website.inphb.ci/
Q30253876,,,,
Q30282998,,,1996,
Q136663640,,,,https://ciqaualg.wordpress.com
Q4697913,,,1919,https://www.afit.edu/
Q4422083,613,,2011,https://skoltech.ru/
Q5316482,,,1967,
Q109912748,,,,
Q6823850,1773,,1956,https://www.methodist.edu/
Q109912098,,,1998,https://www.stmik-mi.ac.id
Q7984451,,,2003,https://www.wbuhs.ac.in
Q132803422,,,2020,https://mamunedu.uz
Q131428249,,,,https://cimo.unipb.pt/
Q6733412,,,2018,https://www.mumt.org
Q5604896,,,1987,
Q17372991,,,,
Q18130891,,,2009,https://www.nfsu.ac.in
Q1230902,,,1955,https://www.unisalento.it
Q52609709,,,2002,https://staituankutambusai.ac.id
Q3388305,,,1956,https://www.pigierci.com/
Q7252506,11372,,1932,
Q5329984,4392,,1888,
Q140907369,,,2015,https://www.asb.edu.in
Q19747208,,,2001,https://poltekkesjogja.ac.id
Q109911738,,,2000,
Q12513068,,,,https://www.stiead.ac.id
Q832355,,,2000,
Q5120243,,,1882,https://www.ccms.edu
Q7589140,,,1844,
Q6156676,,,1988,
Q6603941,775,,1869,
Q6356958,2128,,1891,https://www.hsutx.edu/
Q12511282,,,2018,https://iainsasbabel.ac.id
Q16851003,,,2009,
Q7383524,,,1895,
Q107518365,,,2011,https://www.iast.fr/
Q109911640,,,2019,https://www.iaiyasnibungo.ac.id
Q30294362,,,2004,
Q16902330,,,1998,
Q5655059,,,1915,
Q339314,,,1987,https://www.cbu.ac.zm/
Q55670387,,,1970,https://www.setu.ie
Q3134657,,,1955,
Q5130976,658,,1883,
Q5972777,,,1986,https://newinti.edu.my/
Q30294036,,,,
Q135095380,,,,https://golp.ist.utl.pt
Q4116998,,,1967,
Q33527385,,,1948,
Q5647240,,,1905,
Q74435207,,,,
Q5316567,4672,,1961,
Q16205360,,,2015,
Q7050987,,,1728,
Q3551690,,,2005,https://www.winchester.ac.uk/
Q18604801,,,1991,
Q141195153,,,,https://yes.edu.my
Q140875435,,,,https://tipu.uz
Q131428179,,,,https://www.ciec-um.com
Q29015679,,,2002,
Q4920974,3608,,1883,https://www.bhsu.edu/
Q135738445,,,2017,
Q10906846,,,1927,https://www.njxzc.edu.cn/
Q5146840,,,1971,
Q14957090,,,2006,
Q61933746,,,1957,
Q5413410,,,2012,
Q5228153,,,1989,
Q140907798,,,2024,https://www.gcls.study
Q985755,,,1960,
Q845138,,,1990,https://www.jaist.ac.jp/
Q12591209,,,2004,https://dgist.ac.kr/
Q6054144,,,2005,
Q1524635,,,2003,https://www.phsh.ch
Q7976114,2701,,1958,
Q25588307,,,1962,
Q4856328,,,1976,
Q116971646,,,2018,https://www.jioinstitute.edu.in/
Q141195544,,,2003,
Q141194998,,,,https://colleges.segi.edu.my/subangjaya/
Q1458695,15630,,1805,https://karazin.ua/
Q30263771,,,,
Q8243618,,,2009,
Q12523410,,,1996,https://umnaw.ac.id/
Q138654990,,,2000,https://www.unicla.edu.mx
Q141194639,,,,https://www.westminster.edu.my
Q7590446,3458,,1852,https://www.stmarytx.edu/
Q3551843,,,1986,
Q16984484,,,1892,
Q109912492,,,2018,
Q4064597,,,1975,
Q15699103,,,1958,https://www.hnsyu.edu.cn/
Q4331409,7395,,1900,https://suitt.edu.ua/
Q135095684,,,2008,https://prpotepatilengg.ac.in
Q15934099,,,1984,
Q30257279,,,1989,
Q6974858,2646,,1991,
Q18126802,,,2012,
Q11815222,,,2001,
Q86857055,,,,https://www.lpm-saarland.de/
Q7894231,,,1964,
Q30257367,,,1992,
Q6149540,4911,,1871,https://www.geneseo.edu/
Q4855006,,,1965,
Q109911507,,,2014,https://www.sttiipalu.ac.id
Q141193936,,,,https://www.kpakk.edu.my
Q138953674,,,2009,https://avasctnj.edu.in/
Q102222171,,,,
Q1183967,4739,,1891,
Q30265096,,,1965,
Q3551457,,,1873,
Q99401201,,,,
Q18380163,,,1971,
Q787656,,,1981,https://www.univ-blida.dz/
Q5338425,,,1962,
Q7895119,,,1975,
Q16115267,,,1948,
Q30267696,,,1968,
Q12523355,,,1958,https://www.jayabaya.ac.id
Q89189551,,,1962,
Q4709349,835,,1839,https://www.amc.edu
Q493187,,,1920,
Q4926785,18220,,1883,
Q30293985,,,,
Q11445204,,,2005,https://nara-hs.e-net.nara.jp
Q30293945,,,1975,https://udemm.edu.ar/
Q7122755,,,2006,
Q46996984,,,,
Q108758054,,,2008,https://utel.edu.mx
Q30294104,,,,
Q28950103,,,1984,https://www.mputantular.ac.id
Q109912295,,,2005,
Q96739145,,,2014,https://ar.israa.edu.ps/
Q30263433,,,1969,
Q428520,26597,,1957,https://unitir.edu.al/en/
Q8055431,,,,
Q140872016,,,2018,https://tashmedunitf.uz
Q12523297,,,1984,https://www.ubl.ac.id
Q15256672,2806,,1853,https://www.mtaloy.edu/
Q138859630,,,2009,https://www.uphuatusco.edu.mx
Q5303981,,,1972,https://www.dbskkv.org
Q11607610,,,,
Q14715871,,,1906,
Q141195789,,,2003,https://kkkualalangat.mypolycc.edu.my
Q5061542,3029,,1971,
Q11476499,,,1907,https://www.matsue-th.ed.jp/
Q4233933,,,1998,
Q2526468,16048,,1801,
Q1604517,,,1996,
Q101377369,,,,
Q7654620,,,1985,
Q5122144,3256,,1940,
Q30294156,,,,
Q100258387,,,,https://www.cu-elbayadh.dz/ar/
Q4690953,,,1983,
Q11471482,,,1943,https://school.gifu-net.ed.jp/yaotsu-hs/
Q7494599,,,1977,
Q8082518,,,2010,
Q7896431,5608,,1972,https://www.uth.edu/
Q1470949,,,,https://www.seminario.milano.it/
Q30293987,,,,
Q109919783,,,,https://www.stapin.ac.id
Q7058424,,,1956,
Q135095075,,,,https://www.univ-sba.dz/eedis
Q521612,1506,,1927,
Q30266783,,,2000,
Q3152655,,,1918,
Q101374246,,,,
Q141194118,,,,https://www.kolejrenaissance.edu.my
Q7985746,2481,,1837,https://www.westliberty.edu/
Q1797958,,,1953,
Q3551303,,,2009,
Q488696,,,1996,
Q132803482,,,2007,https://nubb.edu.kh
Q125497435,,,2021,
Q1622129,3825,,1994,https://www.hnu.de/
Q2096836,,,1965,https://www.unza.zm/
Q895401,1949,,1794,https://www.bowdoin.edu/
Q7494219,,,1994,https://www.ush.sd/
Q166446,,,1995,https://www.emlv.fr
Q141195807,,,1962,
Q115536569,,,2001,https://rmd.ac.in
Q96233684,,,2006,
Q61931589,,,1994,
Q700801,6288,,1954,https://www.kmu.edu.tw/
Q115152032,,,2016,
Q140907612,,,1989,https://sttbethelbanjarbaru.ac.id
Q11684721,,,1946,
Q12523460,,,1997,https://www.setiabudi.ac.id
Q3674402,,,1992,
Q25043984,2613,,2011,
Q4813398,160,,1829,
Q1665176,,,2007,https://ist.ac.at/de/home/
Q30293659,,,,
Q109911750,,,2020,https://www.ikbis.ac.id
Q18343610,,,2012,https://www.poornima.edu.in
Q259388,42000,,1460,https://english.univ-nantes.fr/
Q1135605,,,1945,
Q141194981,,,,
Q3551655,,,1982,
Q15721678,,,2010,
Q1665204,11800,,1909,
Q5738412,,,2008,
Q5212152,,,1943,
Q18385964,,,1951,
Q129343758,,,2022,
Q742150,72100,,1839,https://mta.ca/
Q98947592,,,,
Q30253981,,,2007,
Q6708469,2692,,1903,
Q21006794,,,1992,
Q14552696,58049,,,
Q14478494,,,1948,
Q141194452,,,2003,https://erci.edu.sg
Q17090111,,,2009,https://www.jjtu.ac.in
Q3301911,1499,,1891,https://www.tlu.edu/
Q916367,14828,,1692,
Q29565528,,,,
Q7896685,,,,https://www.udla.edu.co/v10/
Q3831607,,,1995,https://www.lum.it
Q50040167,,,1991,
Q5028646,,,1914,https://kristiania.no/kristiania-university-college
Q30294479,,,,
Q6132866,,,1968,
Q4697457,,,1985,
Q22080528,,,2013,https://www.reva.edu.in
Q1316229,,,1982,https://www.udp.cl/
Q12283357,,,1881,
Q30293843,,,,
Q7896642,,,1968,
Q30293633,,,,
Q4208090,4000,,1994,
Q30294529,,,,
Q541901,3600,,1945,
Q136663548,,,,https://www.medicina.ulisboa.pt/clinica-universitaria-de-pneumologia
Q136663537,,,,
Q3551320,,,,
Q141194102,,,,https://www.bcnyala.ac.th
Q132431452,,,2005,
Q614124,,,1942,
Q30293838,,,,
Q115536575,,,2016,https://www.faculdadepaulopicanco.edu.br
Q11503083,,,1892,
Q30264008,,,1996,
Q2983850,,,1997,https://www.grips.ac.jp/
Q56394021,,,2013,https://www.unhasy.ac.id
Q10532898,,,1954,
Q141194656,,,1985,https://amc.edu.my
Q114385531,,,2016,https://www.tmuc.ac.ke/
Q12328727,,,1881,https://www.brock.dk/
Q6979225,,,1970,https://uac.bj/
Q1604537,1902,,1999,
Q5499204,,,,https://www.fisd.org
Q135398199,,,1987,https://esci-paris.eu/esci-commerce-international/
Q21410965,,,2013,
Q502842,8483,,1983,
Q109912820,,,2016,https://www.billfath.ac.id
Q7571336,,,1958,
Q30293834,,,,
Q30294214,,,,
Q3577929,,,1950,
Q1249005,18610,,1881,
Q17073436,,,,
Q5208188,,,1981,
Q30263338,,,1994,
Q140908406,,,,https://darulfattah.ac.id
Q5116363,,,1998,
Q109919289,,,2006,https://www.phb.ac.id
Q371785,,,1954,https://www.antiquespride.edu.ph/
Q56394012,,,,https://stitnualhikmah.ac.id/
Q5808016,,,,https://policia.edu.co/
Q7903351,,,2000,
Q136663718,,,1973,https://ista-kin.org
Q2630637,,,1929,
Q141195150,,,1993,https://newton.edu.my
Q19748491,,,1996,https://www.stiebankbpdjateng.ac.id
Q6784172,,,1992,
Q7960902,161907,,1976,https://www.wcpss.net/
Q55588478,,,,https://matmor.unam.mx/
Q229022,,,1921,https://www.unicatt.it
Q30270118,,,,
Q140045347,,,,https://hkcem.org.hk
Q5290724,,,1947,
Q118314774,,,2005,https://cesam.wpbox.io/
Q6694576,,,,
Q4186452,9000,,1963,https://wkau.kz/
Q6081936,,,2007,
Q29183007,,,,
Q17216403,,,2014,
Q141194300,,,2012,https://www.pmbs.edu.my
Q43895503,,,1974,
Q2495688,,,1993,https://www.ufv.es
Q707653,5887,,1995,https://www.ncnu.edu.tw/
Q6730059,,,1865,
Q11525645,811,,1912,
Q65283648,,,,https://nammti.uz/
Q7266880,,,2011,https://www.qu.edu.pk/
Q106411675,,,2003,https://bme.unc.edu/
Q15143,18150,,1975,https://www.uml.edu
Q4745323,,,1985,
Q1583390,,,1959,https://www.univ-fhb.edu.ci/
Q30263445,,,2003,
Q5001080,,,1987,
Q21006070,,,2007,
Q43658,,,1816,
Q263537,5900,,1971,https://www.th-rosenheim.de/
Q1854488,10791,,1889,https://www.uidaho.edu/
Q9380832,,,1995,
Q2384139,,,1967,
Q17067248,,,,
Q2779762,,,1879,
Q5157501,,,2007,
Q5710515,16400,,2008,
Q1982481,,,2010,https://nulondon.ac.uk
Q11370989,,,1954,
Q16184797,,,,https://www.nandhasiddha.org/
Q5845222,,,1990,
Q7571381,,,1967,https://www.swtc.edu
Q30293972,,,,
Q18347698,,,2007,
Q6156455,,,1992,https://www.ufasta.edu.ar/
Q30294189,,,,
Q97455501,,,,https://parahikma.ac.id/
Q133812132,,,,https://www.phsg.ch/de/dienstleistung/regionale-didaktische-zentren
Q56359133,,,2001,https://etb.iau.ir
Q30267003,,,,
Q10902330,,,1959,
Q5940463,,,2010,https://www.abzums.ac.ir/
Q61931154,,,1978,
Q30293873,,,,
Q844153,,,1871,https://www.mke.hu/
Q7988164,1792,,,
Q16046830,,,,
Q109260019,,,2024,
Q1622099,5708,,1848,https://www.hs-fresenius.de/
Q5507357,,,1925,
Q17929246,,,1970,https://polyibadan.edu.ng/
Q30271699,,,2003,
Q135095511,,,,https://ihbraga.com
Q190343,1300,,1933,
Q14686831,,,1968,
Q4884040,,,,
Q30930983,,,2007,
Q2822274,,,1950,https://chntheatre.edu.cn
Q6199182,,,1994,https://english.jmu.edu.cn/
Q141194587,,,1998,https://kyp.edu.my
Q2264750,,,1948,
Q2804577,3500,,1875,
Q13098260,,,1994,https://www.uad.ac.id
Q6895404,,,1967,https://www.mcu.ac.kr
Q6452120,,,1960,
Q130537754,,,,https://www.edp.com/pt-pt/historias-edp/universidade-edp
Q5734894,,,1955,
Q2640138,,,2003,
Q7108531,1216,,1941,
Q3822124,,,2010,https://ceibal.edu.uy
Q7792702,6256,,1968,
Q1622134,15000,,2003,
Q7813304,843,,1998,
Q109913767,,,2017,
Q30293767,,,,
Q747786,,,1971,
Q5739244,2224,,1966,
Q141195218,,,2001,https://kksabakbernam.mypolycc.edu.my
Q23058508,500,,2009,
Q875637,8643,,1693,https://www.wm.edu/
Q17012410,,,,
Q7494600,,,2001,
Q142617,,,1945,
Q16958268,,,2007,
Q4750900,,,1996,
Q5337906,,,,
Q141194739,,,2019,https://www.meridiansaito.edu.my
Q1340164,,,1949,
Q29052641,,,,
Q136448374,,,1977,https://www.ucg.edu.mx
Q30266467,,,2006,
Q3578183,,,1969,
Q16966577,370,,2009,
Q6395612,1535,,1890,https://www.keuka.edu/
Q863852,15713,,2007,
Q2496149,24480,,1967,https://www.univ-reims.eu/
Q109908749,,,2014,https://www.stttekstil.ac.id
Q3577771,,,1990,
Q126371462,,,2024,https://suat-sz.edu.cn
Q315175,547,,1764,
Q98946542,,,2003,
Q52636219,,,,
Q20452277,,,,https://ipgkg.moe.edu.my/
Q30294544,,,,
Q923610,,,1958,
Q5254755,,,2002,
Q141195877,,,1996,https://www.keris.edu.my
Q7072154,,,2009,https://www.jgu.edu.in
Q7432652,,,1961,https://www.schoolcraft.edu/
Q3348374,,,1878,
Q840667,,,1963,https://www.kurims.kyoto-u.ac.jp/en/index.html
Q13098263,,,1995,https://www.ump.ac.id
Q1927705,2235,,1823,
Q7603625,7489,,1828,https://www.newpaltz.edu/
Q6372848,,,2011,https://www.janapadauniversity.ac.in
Q112677096,,,,
Q4201828,,,1994,
Q3045829,,,1991,https://www.ecam-rennes.fr
Q5527291,7839,,1972,https://www.gtc.edu/
Q7896290,,,1999,
Q30294030,,,,
Q3152661,2377,,1998,https://www.uniroma4.it/
Q30280788,,,1979,
Q54958341,,,1987,
Q11502934,,,2008,
Q16121205,,,1994,
Q131590874,,,2014,https://eiu.edu.ye
Q30263366,,,1991,https://acaom.edu/
Q6728798,,,1889,https://www.maduracollege.edu.in
Q4806772,,,,
Q135738543,,,2008,https://eaut.edu.vn
Q756916,,,1917,
Q136565002,,,2025,https://namdtu.uz/
Q846379,,,2005,
Q11667813,3873,,,
Q5241858,109,,1858,
Q7677279,,,1987,
Q7058167,,,2007,
Q109919345,,,2012,https://poltekkesjayapura.ac.id
Q30263369,,,1932,https://www.theschoolofarchitecture.edu/
Q5974032,,,1980,
Q50037568,,,,
Q262663,9041,,1949,https://www.sandiego.edu/
Q18477197,,,,
Q16114732,,,1998,https://www.tvz.hr/
Q5243619,12728,,1957,
Q12513120,,,1979,https://www.stts.edu
Q10854124,,,1985,
Q141195488,,,,https://www.sia.edu.my
Q30257750,,,1993,
Q6191740,,,1902,
Q30260365,,,1999,
Q7075131,,,1903,
Q109912031,,,,https://sttsolagratiamdn.ac.id
Q5146842,,,1956,
Q141194687,,,,https://www.kklk.edu.my
Q48971537,,,2013,https://unisnu.ac.id
Q3064349,,,1975,
Q137943634,,,2017,https://zabu.edu.af
Q84014648,,,1987,
Q753778,11086,,1957,
Q3133583,,,1951,
Q865216,,,1925,
Q1041671,2105,,1866,https://www.carleton.edu/
Q3551423,,,1999,https://ukaguinee.org/
Q5061264,,,1900,
Q6905343,,,,
Q5030317,,,1945,
Q5917864,,,1981,
Q6979230,3435,,2002,https://www.undec.edu.ar/
Q3622831,,,1912,
Q6050884,,,2008,
Q12191842,,,1983,
Q129571906,,,1998,https://itsta.edu.mx
Q30266081,,,1978,
Q7677464,,,1961,
Q138460702,,,2011,https://www.upnech.edu.mx
Q2983704,,,1967,
Q3512154,,,1997,https://www.rit.edu/croatia/
Q109919814,,,2001,https://www.stainidaeladabi.ac.id
Q5147878,,,1937,
Q109919154,,,1999,https://www.politekniksurabaya.ac.id
Q19852818,,,1998,
Q8069126,,,2001,https://zucghana.org/
Q12661027,,,1996,https://www.kolpingokolegija.lt/
Q30262845,,,2010,
Q648637,,,1961,https://www.mu-varna.bg
Q52853731,,,2005,
Q17074726,,,1961,
Q51780523,,,1999,
Q141194684,,,,https://kvbatupahat.moe.edu.my
Q141195871,,,,https://www.oasis.edu.my
Q28790475,,,,
Q133812161,,,,https://www.phsg.ch/de/institute/institut-berufsbildung
Q55095934,,,,https://www.aereshogeschool.nl
Q129571903,,,1995,https://utc.edu.mx
Q98959826,,,2021,
Q12164644,,,2006,
Q1479765,,,1996,
Q6459368,,,2003,
Q5033886,,,,
Q141194333,,,,https://polibesut.edu.my
Q20044937,,,2015,https://sums.ac.jp/
Q109913206,,,2019,
Q1036312,,,2006,https://www.seinan-gu.ac.jp/
Q7573923,4108,,1963,
Q1388312,,,1993,https://www.fh-ooe.at/
Q79396645,,,2012,https://www.univ-dedougou.gov.bf/
Q847993,,,2000,https://www.must.edu.mo/
Q138860157,,,2020,
Q5304315,,,1969,https://www.pdkv.ac.in
Q137908514,,,1979,https://ves.ac.in
Q2495648,,,1985,
Q64143396,,,,
Q20427378,,,1995,https://www.stmikplk.ac.id
Q5683811,,,,
Q5063087,,,2010,https://www.cutm.ac.in
Q27994543,,,,https://www.vhf.hu/
Q7895018,,,1964,https://www.uasbangalore.edu.in
Q30294667,,,,
Q130527726,,,,https://coeakwanga.edu.ng/
Q7726771,,,2012,
Q25586925,,,2013,https://barisal-eng.portal.gov.bd/
Q137921345,,,2007,https://hthgse.edu
Q56583874,,,,
Q4861586,,,1902,https://www.barnesjewishcollege.edu/
Q21015832,,,2004,
Q6454207,,,1992,https://www.dpu.edu.tr/
Q30257747,,,1992,
Q4950320,,,1913,
Q5209141,,,1960,
Q107722017,,,2021,https://eui.edu.eg
Q4118498,,,1996,https://taiz.edu.ye/
Q844999,8191,,1944,https://fitnyc.edu
Q43895527,,,1960,https://www.tri-college.org/
Q30259340,,,1945,
Q5146895,,,1975,https://www.cotr.bc.ca/
Q11135170,,,1959,
Q109919168,,,2014,https://www.iprija.ac.id
Q77077306,,,1952,
Q15501569,,,1983,https://www.ouj.ac.jp/
Q130537886,,,,
Q50376895,,,1958,https://www.iiss.org/
Q115669377,,,2022,https://it-u.at/
Q2496136,,,1961,
Q98946558,,,,
Q1062568,,,1880,
Q136663552,,,,https://ceg.uab.pt
Q107969736,,,,
Q109912598,,,1995,
Q30285807,,,2009,
Q30257399,,,,
Q15953966,,,1959,
Q3551608,,,2005,
Q1111640,32428,,1870,https://www.colostate.edu/
Q109922829,,,2001,
Q7697998,,,1990,
Q6373705,,,,
Q100979791,,,,
Q2655186,,,1911,https://www.iseg.ulisboa.pt
Q55394436,,,2011,
Q1285252,11953,,1954,https://www.uaa.alaska.edu/
Q159102,,,1946,
Q7115703,6994,,1975,https://www.oxnardcollege.edu/
Q5917797,,,2002,
Q30288668,,,,
Q5313502,,,1891,
Q12523315,,,1966,
Q12242262,,,2014,
Q136663736,,,,
Q45137368,,,2004,https://hbi.ucalgary.ca/
Q1736403,,,1964,
Q112944784,,,,https://leibniz-lib.de/
Q109912106,,,2001,https://www.stieyapan.ac.id
Q405304,778,,1960,
Q7228619,,,1996,
Q4855264,,,1961,https://www.bau.edu.bd/
Q4699675,1742,,2005,
Q3010007,,,1968,
Q137204464,,,2010,https://www.dsims.org.in
Q6039834,,,1950,
Q7972632,11140,,1965,
Q1337587,,,1925,https://www.ecuad.ca
Q1738772,,,1951,
Q19612850,,,2015,https://www.sbu.edu.tr
Q21190798,,,2015,https://www.mrsptu.ac.in
Q771432,,,1994,https://www.fhwn.ac.at/
Q4304042,,,1933,
Q83513063,,,2006,
Q98929438,,,1883,
Q19457554,,,,
Q109911647,,,2014,https://www.btp.ac.id
Q30294566,,,,
Q7063476,,,1923,
Q105446875,,,2011,https://www.aubmed.org/
Q4284371,,,1988,
Q5461630,,,1957,
Q109913462,,,,https://www.poltekessorong.ac.id
Q7563285,,,2009,https://main.soran.edu.iq/
Q30263435,57,,1995,
Q109912879,,,2021,
Q7984454,,,1995,https://wbuafscl.ac.in
Q2881228,,,,
Q30293685,,,,
Q19744832,,,1962,https://www.upy.ac.id
Q74432411,,,1990,https://www.staihwduri.com
Q1173683,,,1976,
Q130285340,,,2019,https://shdpi.uz
Q6447413,,,1976,
Q55613473,,,2016,https://www.svsu.ac.in
Q5383477,,,1974,
Q1233332,,,1954,https://ttu.edu.gh/
Q30254433,,,1995,
Q103821967,,,,
Q129344088,,,2023,
Q6932911,,,1963,https://unismuh.ac.id
Q8048651,2836,,1990,
Q90004062,,,2005,https://tat.ac.in/
Q30294129,,,,
Q2010561,,,1976,https://www.buckingham.ac.uk/
Q6959004,,,1967,https://www.nzu.ac.jp/
Q1145992,,,1949,https://www.ugm.ac.id
Q3244049,10974,,1878,https://usm.maine.edu
Q3648084,,,1984,
Q7934661,1193,,1961,
Q109911746,,,2018,https://www.st3b.ac.id
Q3120094,51060,,,https://dcps.dc.gov/
Q30289395,,,1804,https://www.ohio.edu/lancaster/
Q24041697,,,2012,
Q30253983,,,,
Q7896406,,,2011,https://mituniversityindia.edu.in
Q141195393,,,,https://www.adam.edu.my
Q29328986,,,2008,
Q2324449,3685,,1953,https://semeymedicaluniversity.kz/
Q11672192,,,1966,
Q129343963,,,2019,
Q137343148,,,,
Q1124657,27700,,1955,https://www.biu.ac.il/
Q5061962,,,2009,
Q7240808,,,2007,
Q4348484,,,1958,
Q30294239,,,,
Q10302934,,,,
Q98946244,,,,
Q5064834,20406,,1955,
Q3543934,,,1948,
Q30257417,,,1992,
Q5333200,,,2003,
Q4811129,,,1996,
Q11524729,1436,,1900,https://www.twmu.ac.jp
Q7399663,,,2010,
Q135738794,,,1998,https://biakahc.org
Q1035745,30930,,1883,https://cardiff.ac.uk/
Q1388308,,,1995,
Q138655061,,,2022,https://elmu.edu.my
Q3551600,,,2003,
Q10867949,,,1980,https://www.shcac.edu.cn/
Q7013592,,,2003,
Q7227728,,,2002,
Q3128589,,,2007,https://www.hepl.be/fr
Q30294245,,,,
Q109911990,,,2014,https://www.poltekapp.ac.id
Q15256455,,,,https://www.mocu.ac.tz
Q3578318,,,1913,
Q7288821,,,2005,
Q107717843,13,,,https://www.trinityuniversity.edu.ng
Q12708609,,,,
Q138460690,,,,https://groupe-espi.fr/campus/espi-lyon/
Q30267112,,,2015,https://bist.eu/
Q839919,,,1947,https://www.uo.edu.cu/
Q6156603,,,1856,https://www.gob.pe/unap
Q1329478,19080,,1707,https://cvut.cz
Q25100420,,,1992,https://www.unslp.edu.bo
Q690146,29351,,1973,https://www.unam.edu.ar/
Q105626485,,,,https://www.poltekkes-medan.ac.id
Q10274550,,,2001,
Q11135112,,,,https://www.jsfpc.edu.cn/
Q30269495,,,1958,
Q7895329,,,1964,
Q133811376,,,2016,https://bayazidrokhan.edu.af
Q7676661,,,1902,https://english.tyut.edu.cn/
Q13428257,,,1854,
Q5642741,,,1995,
Q196544,30000,,1920,
Q12326658,,,2019,
Q136395138,,,,https://jums.edu.ye
Q117467,,,1783,https://www.rse.org.uk
Q90307361,,,2007,https://www.silava.lv
Q94810,,,1999,
Q18357123,,,,
Q30256833,,,2000,https://www.emeraldeducationsystems.com/
Q55625253,,,2003,
Q12719863,,,1920,
Q28458079,,,2010,https://businessschool.mv/
Q392138,288,,1969,
Q20447616,,,,
Q4743472,,,1954,
Q30262628,,,1964,
Q30257761,,,1920,
Q1454033,209,,2008,
Q3687225,,,1903,https://conts.it
Q3009993,,,1967,https://cchic.ca/
Q5970217,,,2012,
Q4778831,,,1874,https://www.aoyamagakuin.jp/luce-aoyama/
Q1351317,210929,,1923,https://damascusuniversity.edu.sy/
Q55454184,,,,https://www.imati.cnr.it
Q6843022,,,1888,
Q30289306,,,1989,https://yosan.edu/
Q7417591,,,1976,
Q10279562,,,,
Q136352092,,,1988,
Q42309837,,,,https://uo.edu.mx/
Q6020637,,,1996,
Q302940,,,1948,
Q224514,9217,,1971,https://hs-hannover.de/
Q7500036,,,1950,
Q12805828,,,,
Q503419,45601,,1885,https://www.arizona.edu
Q4994706,1500,,1995,
Q65174761,,,,https://cbma.uminho.pt/
Q50040286,,,2012,https://www.rmit.eu
Q3578275,,,1825,https://envt.fr/
Q4891776,,,1967,https://www.buodisha.edu.in
Q133811557,,,2021,"https://www.univ-reims.fr/universit/laboratoire-d-informatique-en-calcul-intensif-et-image-pour-la-simulation-liciis-ur-3690-lrc-digit,7741,18258.html"
Q10302513,,,1970,
Q7148748,,,2000,
Q7896069,,,1972,https://www.ecured.cu/Universidad_de_Ciencias_Pedag%C3%B3gicas_%22H%C3%A9ctor_Alfredo_Pineda_Zald%C3%ADvar%22
Q7194466,,,1962,
Q6958324,,,2003,https://www.nagahama-i-bio.ac.jp/
Q651139,,,1980,
Q1242824,,,1742,
Q10279652,,,1964,
Q6452861,,,1947,
Q24945360,,,1944,
Q129343566,,,2022,
Q5917858,,,1987,
Q30293773,,,,
Q113245681,,,2023,https://vermontstate.edu/
Q6540152,,,1998,
Q141195551,,,2019,https://www.institutedata.com/sg/
Q109913656,,,2011,https://www.stkipalitb.ac.id
Q1799929,,,1940,
Q19744770,,,1995,https://unigal.ac.id/
Q8016768,1350,,1873,
Q7895490,,,1973,https://www.uho.edu.cu/
Q4900785,,,1968,
Q131428199,,,,https://www.exercito.pt/pt/quem-somos/organizacao/ceme/cmdpess/df/ea
Q8030862,,,1963,
Q1128593,11861,,1967,
Q2118519,3844,,1943,
Q6963657,,,1902,
Q3604028,,,1967,https://www.abacatania.it/
Q2822247,,,2000,
Q109912424,,,2000,https://iaihnw-lotim.ac.id
Q13652113,,,1993,
Q1062928,,,1918,
Q1640731,29812,,1971,https://www.upc.edu
Q7972231,1809,,1971,
Q8052486,,,1977,
Q30293672,,,,
Q3578490,,,1998,https://www.supcom.tn/
Q3152585,,,1974,
Q7569414,3343,,1950,https://www.sebts.edu/
Q7895071,,,1965,
Q30253986,,,1991,
Q30297330,,,1996,
Q4751293,,,1942,
Q4739211,,,1978,
Q10387796,,,,
Q7681286,,,2011,
Q4702168,,,1968,
Q137796008,,,1997,https://www.camara.leg.br/escola-da-camara
Q6424350,,,1999,
Q30294392,,,,
Q11464831,,,1904,https://www.shujitsu.ac.jp/english/
Q7750158,,,2008,
Q30266521,,,1888,
Q10869705,,,2003,
Q195546,,,1946,
Q109913343,,,2008,
Q11469459,,,1922,
Q1615481,,,1970,
Q137882799,,,1964,https://jdsgcollege.edu.in
Q13018776,,,,
Q7528420,,,2007,https://www.spsu.ac.in
Q23136317,,,1994,
Q18391618,,,1962,
Q61933687,,,2007,https://ilrtindia.org/
Q7895548,,,1956,
Q223037,,,1946,
Q7096265,,,2012,
Q15944394,,,1950,
Q5701008,,,1996,
Q186638,16925,,1991,https://www.uvsq.fr/
Q5644388,,,2011,
Q74433632,,,2016,https://iainponorogo.ac.id
Q12523301,,,1987,https://unbari.ac.id
Q128123135,,,2004,https://dbhsc.edu.et
Q132803379,,,1983,https://formacion.edu.ec
Q7787106,462,,1971,
Q3551771,11017,,1916,
Q5123991,,,1999,
Q979134,,,1982,
Q613736,23000,,1965,
Q8043260,,,1993,
Q130314566,,,1976,https://climate.ncsu.edu
Q30257267,,,1993,https://www.aso-ksui.ru/
Q61931639,,,1946,
Q5039558,,,1943,
Q7813659,,,2013,
Q7896327,,,2000,
Q56271873,,,,
Q61931888,,,1977,
Q91092769,,,2017,
Q123807358,,,,
Q30294784,,,1982,https://www.ukrimuniversity.ac.id
Q132803370,,,2010,https://gccn.ac.bd
Q5546043,,,1991,
Q5434553,2024,,1969,https://www.feu.edu.tw/
Q7903393,,,2005,https://www.uktech.ac.in
Q6868559,5547,,1919,https://www.mnstate.edu/
Q14680335,,,1978,
Q1057398,,,1968,https://aim.edu
Q5061954,,,2009,
Q10859470,,,1998,
Q30263371,,,1993,
Q3878529,,,1990,https://ndus.edu/
Q6156692,,,1981,
Q30263186,,,2004,
Q6673302,,,,
Q4072317,3900,,1980,
Q97203634,,,2020,https://univ-bd.ac.id
Q7685655,,,1981,https://www.modares.ac.ir
Q5084184,3350,,1964,
Q16682072,,,1986,
Q97041693,,,2017,https://vshim.ru/obshhaya-informaciya
Q30293876,,,,
Q8083954,,,,https://atenisi.edu.to/
Q7079800,,,1969,
Q30294165,,,1976,
Q11266589,,,1935,
Q5251144,,,1772,https://www.da.mod.uk/
Q12204482,,,2008,
Q5967499,,,1988,
Q109919420,,,2015,
Q15920320,,,1984,
Q30293883,,,,
Q8778311,,,,https://www.hillsboroughschools.org/
Q2302663,,,1958,https://www.alepuniv.edu.sy/
Q30294710,,,,
Q30941061,,,,
Q109919329,,,1973,https://stiekn.ac.id
Q5471807,328,,1978,
Q4868727,,,,https://www.batchelor.edu.au/
Q7989262,,,2003,
Q1252428,16000,,1960,
Q4829673,,,1968,https://www.apsurewa.ac.in
Q2128646,,,,
Q4115735,,,1991,
Q30293941,,,,
Q7894339,,,,
Q13052798,,,1945,
Q15902369,,,1951,https://www.cqust.edu.cn
Q4745313,,,2005,
Q129571886,,,2016,https://globalcitizenshipfoundation.org
Q61931342,,,1980,
Q11402817,,,1902,
Q12235873,,,1066,
Q131877699,,,,https://shahrbabak.iau.ir
Q6978818,,,1922,
Q30294444,,,,https://unb.ac.id
Q5150026,1009,,1879,
Q25864,35833,,1971,https://www.upm.es/
Q85869397,,,2020,
Q24933786,,,1998,
Q21052011,,,1958,
Q127415578,,,1999,https://uttijuana.edu.mx
Q6365539,,,1924,
Q5839556,,,1998,https://www.ucss.edu.pe/
Q30266513,,,2009,https://www.shridharuniversity.ac.in
Q359735,,,1992,
Q11656327,,,,https://jc.kwansei.ac.jp
Q105626414,,,2002,https://www.poltekganeshamedan.ac.id
Q667748,7416,,1965,
Q30288089,,,,
Q3704937,9989,,1967,
Q1105954,,,2000,
Q7896148,2356,,1927,https://www.johnstown.pitt.edu//
Q50038052,,,,https://www.ppo-opleidingen.nl/
Q658192,23517,,1579,https://www.vu.lt/
Q2007643,,,1950,https://www.rsu.lv/
Q141194191,,,,https://www.adteckmn.gov.my
Q6088573,18000,,2007,
Q7373767,,,1998,https://www.ranzcog.edu.au/
Q1075148,26434,,1954,https://ucr.edu
Q5157510,,,2001,
Q4671433,97,,1982,
Q131428222,,,,https://cftc.ciencias.ulisboa.pt
Q16941774,,,1996,
Q7894480,,,,
Q135058,,,1972,
Q5523962,283,,1853,https://www.garrett.edu/
Q11392696,,,1988,
Q109919270,,,1995,https://www.stiktamalateamks.ac.id
Q94438686,,,2005,
Q41498791,,,2013,https://www.lyu.ac.in
Q7431152,4015,,1967,
Q20458822,,,,
Q30294672,,,,
Q5221833,,,1960,
Q7653227,,,1994,https://www.srtmun.ac.in
Q846725,,,1979,
Q6840881,,,1918,https://www.midkent.ac.uk/about-us/medway-campus
Q128123067,,,,https://www.changins.ch
Q20612942,,,1945,
Q136035498,,,2010,https://iimscollege.edu.np
Q482677,,,1993,https://www.cje.ac.kr
Q30294052,,,1994,
Q134950964,,,2014,
Q4537262,4173,,,
Q30262788,,,1430,
Q43895101,,,1987,https://www.bowelcanceruk.org.uk/
Q273458,2403,,1919,https://www.ec-nantes.fr/english-version
Q494247,31500,,1966,https://www.univ-rouen.fr
Q12523322,,,1985,https://www.unespadang.ac.id
Q2553612,533,,1981,https://www.webster.ac.at/
Q2496026,5247,,1968,https://www.psu.by
Q138655023,,,,https://tellus.geociencias.unam.mx
Q25450690,,,2015,
Q7571403,,,1976,
Q14875148,960,,1981,
Q3578342,,,1970,
Q4941203,,,,
Q6362452,,,1997,https://www.kangan.edu.au/
Q109913101,,,1996,https://www.stietribhakti.ac.id
Q30293929,,,,
Q3551752,,,1999,
Q6843354,,,1979,
Q648244,,,2004,
Q2603847,,,2008,
Q138859565,,,2021,https://novonordiskfonden.dk/en/projects/novo-nordisk-foundation-center-for-stem-cell-medicine-renew/
Q85991600,,,2020,
Q392754,,,1978,
Q10904833,,,1933,https://www.chiba-kc.ac.jp
Q14715789,294,,1924,
Q19741364,,,2023,
Q48936611,,,1950,
Q30285966,,,,
Q7073987,14511,,1964,https://oaklandcc.edu
Q100956271,,,1989,https://sirjan.iau.ir/
Q7034396,,,1994,
Q5309401,1691,,1873,
Q140045743,,,,https://www.claudiana.bz.it
Q136470986,,,,https://www.bamsibahamas.edu.bs
Q133811118,,,2023,https://www.sma.ac.ae
Q4897733,,,1881,
Q5159000,3224,,1894,
Q7461544,,,2009,
Q5061958,,,2011,
Q141194879,,,1984,https://www.ilpkt.gov.my
Q11655926,,,1976,
Q109921953,,,1987,
Q4201815,,,1935,
Q5758719,2700,,1858,
Q30263620,,,1531,
Q6499731,,,2009,
Q10387906,,,1966,
Q16986440,,,1972,
Q46996954,,,,
Q7894349,,,1966,https://www.uvg.edu.gt/
Q30294767,,,,
Q10829092,,,1997,
Q11506274,,,2012,
Q97166894,,,,
Q201325,17000,,1982,
Q7202471,96,,1879,https://www.platt.edu
Q30281383,,,1990,
Q3578378,,,1899,
Q7592175,,,1860,https://www.sxccal.edu/
Q616905,19975,,1970,
Q141194754,,,2001,https://asa.edu.my
Q141194182,,,,https://riamtec.edu.my
Q495032,,,1937,
Q6842614,,,2004,
Q30294041,,,,
Q1236345,,,1915,https://www.um.es/
Q135095609,,,1991,https://nipe.edu.mn
Q141194131,,,,https://kvtelukintan.blogspot.com
Q112751982,,,2017,https://www.buc.ac.ke
Q47526979,,,,
Q133812243,,,2002,https://graal.uab.cat
Q7496094,,,2006,
Q4897735,,,1948,https://bethanygu.edu/
Q5030206,,,1989,
Q10302507,,,2008,
Q5440481,,,2011,https://fulafia.edu.ng/
Q30265995,,,,
Q30263622,,,2013,
Q1570663,,,1991,
Q141194837,,,1990,https://raffles-college.edu.sg
Q30272248,,,2005,
Q7855292,,,1937,
Q71525598,,,1984,https://stiepasaman.ac.id
Q30265549,,,1994,
Q951305,23500,,1829,https://www.uct.ac.za/
Q18467813,,,,
Q4144551,4000,,1993,
Q16570043,,,1982,
Q17058840,,,1999,
Q1771027,1812,,2005,
Q10829046,,,,
Q17091626,,,,https://www.worthington.k12.oh.us/
Q138460553,,,,https://www.designschool.com
Q129343427,,,2022,
Q6487721,,,1919,
Q4827610,,,2003,
Q4304083,18022,,1865,https://mospolytech.ru/
Q13342,16708,,1971,
Q7401528,,,1896,
Q6080223,,,2008,https://tiu.edu.iq/
Q5613414,,,1977,
Q1782542,,,1982,
Q11121766,6898,,1997,
Q1622174,151,,1996,https://www.dguv.de/hochschule/
Q20992032,,,,
Q30259101,,,1982,
Q11440180,,,1962,
Q11472290,314,,1901,
Q1706859,522,,1965,https://www.hampshire.edu
Q141194806,,,,
Q109912019,,,2012,
Q140046093,,,1925,https://www.bs.ch/gd/irm
Q131428053,,,,https://www.metrics.com.pt
Q109919752,,,1996,https://www.khj.ac.id
Q7170401,,,1990,
Q43896067,,,1999,
Q7121809,,,2008,
Q5159779,,,1967,
Q11637637,7651,,1958,
Q660907,,,1965,https://www.ur.edu.pl/
Q7007199,,,1909,
Q4743449,,,1949,https://www.acc.org/
Q109912651,,,2003,https://akparparamitha-bkt.ac.id
Q7989175,,,2000,
Q5158982,,,1988,https://www.iuiu.ac.ug/
Q55454167,,,,https://www.kleayurworld.edu.in/
Q16345880,,,2008,
Q6316549,38601,,1972,https://www.unlz.edu.ar/
Q30288620,,,,
Q30257430,,,,
Q135095664,,,,https://www.gecad.isep.ipp.pt
Q43895987,,,1956,
Q12523352,,,1966,https://www.unis.ac.id
Q3152555,,,,
Q5028404,,,1917,https://campioncollege.ca/
Q1623314,10444,,1935,https://www.hofstra.edu
Q6443425,,,2003,
Q124613281,,,2022,https://metamedia.ac.id/
Q1727138,15565,,1929,
Q19933492,,,,
Q4997464,,,,
Q109919608,,,2002,
Q11649489,,,1962,
Q30293701,,,,
Q1144750,,,1908,https://www.qut.edu.au/
Q11494255,,,1893,
Q136663516,,,,
Q137943856,,,2002,https://efanet.gm
Q1280235,,,1907,
Q3551846,,,2008,
Q46996965,,,,
Q337358,24,,1934,
Q7081870,,,1911,
Q127604178,,,,
Q1667749,,,1993,https://tu-dresden.de/ihi-zittau
Q137943492,,,2018,https://ghrua.edu.in/
Q25541128,,,,
Q126208867,,,2021,https://kpdi.edu.ua
Q3551742,,,2011,
Q109919760,,,2010,https://www.staialazhar.ac.id
Q30284739,,,1983,
Q16252479,,,2012,https://www.bmu.ac.in
Q165980,93628,,1365,https://www.univie.ac.at/
Q5461484,,,2003,
Q448324,648,,1971,
Q16944333,,,1961,
Q113574714,,,,
Q52856585,,,1984,
Q6902141,10161,,1961,
Q4803762,1741,,1890,
Q109911894,,,2017,https://www.staimaswonogiri.ac.id
Q109919795,,,1984,https://www.waskita-dharma.ac.id
Q686772,3607,,2004,https://www.i-med.ac.at/
Q369333,,,1906,
Q21776725,,,,
Q3917904,,,1951,
Q137795948,,,,https://privrednaakademija.edu.ba
Q8026801,3709,,2010,
Q5004696,47,,1950,
Q6328148,,,1983,https://www.uowmkdu.edu.my/
Q7442050,,,1983,
Q2876992,,,,https://www.kcpublicschools.org/
Q20523431,,,,
Q30253890,,,,
Q7032755,113,,2000,https://www.ndu.edu.ng/
Q30263588,,,1928,
Q30294799,,,,
Q116455367,,,2018,https://eims.edu.mt
Q30294005,,,1994,
Q10387866,,,1985,
Q30294304,,,,
Q895796,217,,1951,https://www.hfs-berlin.de/
Q5193878,,,,
Q3064283,,,1964,
Q86502559,,,2021,https://bsmru.ac.bd/
Q30294296,,,,
Q591131,,,1914,https://www.zoo.gov.taipei
Q4476754,,,1930,
Q15075202,,,2006,https://americana.edu.co/barranquilla
Q30297171,,,2011,https://www.u-tad.com/en/
Q5065463,,,1982,https://www.cesarritzcolleges.edu/
Q139268525,,,,
Q109197205,,,2018,
Q30293730,,,,
Q12511352,,,1993,https://unidha.ac.id/
Q1391201,7821,,1969,https://www.fh-kiel.de/
Q1707564,,,1989,
Q30293761,,,,
Q6191782,,,1958,
Q427677,20000,,1934,https://farabi.university
Q48733104,,,1917,
Q7895673,3876,,1845,
Q6842964,,,1989,
Q141194579,,,2006,https://sti.edu.mm
Q65046746,,,,
Q109919259,,,2019,https://stikesrshusada.ac.id
Q18413711,,,1996,
Q2027201,15500,,1914,
Q194445,207853,,1908,
Q8043180,,,1862,
Q6973609,,,1976,
Q12511354,,,2002,https://www.sttmigas.ac.id
Q5146709,,,1998,
Q11073383,,,1921,
Q39050516,,,,
Q9380748,,,1998,
Q13417772,,,1919,https://gasbb.edupage.org/
Q10965600,,,1955,
Q33121227,,,1887,https://www.agsbs.ch/
Q23006203,,,1984,
Q5639382,,,1983,
Q10829155,,,2010,
Q18370083,,,1968,
Q28840538,,,1928,
Q11617445,970,,1878,
Q30294740,,,,
Q2223270,,,1986,https://www.tias.edu/
Q21015787,,,,https://liasinstitute.com
Q48780701,,,1930,
Q137426540,,,,
Q1442047,,,1934,
Q30287087,,,,
Q787360,,,1984,https://cityu.edu.hk
Q30293798,,,,
Q4731591,2113,,1923,
Q20262311,,,1993,
Q19613824,,,2013,
Q2822439,,,1936,
Q2986673,17900,,1940,https://en.grsu.by/index.php?lang=en
Q104902888,,,2020,
Q43895792,,,1989,
Q12523384,,,2008,
Q141195382,,,1981,https://www.tmc.edu.sg
Q7922092,2773,,1972,
Q4558480,,,1957,
Q19599824,,,2012,https://www.sainathuniversity.com
Q4497351,3002,,1874,
Q5328044,2388,,1928,
Q6156568,,,1951,
Q109912920,,,2018,https://www.binawan.ac.id
Q4251253,,,1956,
Q100452197,4000,,1992,
Q10387909,,,1997,https://www.unc.br/
Q129343506,,,2022,
Q385046,,,1890,
Q12513045,,,2002,https://www.stabn-sriwijaya.ac.id
Q109913119,,,2008,
Q3309132,,,1986,https://www.utad.pt/
Q7676398,,,1916,
Q125761903,,,,https://www.progreso.tecnm.mx
Q138655111,,,,https://www.unilibre.edu.co/barranquilla/
Q30257160,,,,
Q3538324,,,2007,
Q118314817,,,,https://sepidan.iau.ir
Q2707341,878,,1941,https://www.ensea.fr
Q137795920,,,2009,https://ebano.tecnm.mx
Q5059500,,,1985,
Q5061255,,,1961,
Q5044391,,,1889,
Q6156521,,,1992,
Q11586460,,,1989,
Q5018955,,,1914,https://www.stmkolkata.org/
Q109911807,,,2009,https://stmik-borneo.ac.id
Q7894256,,,1962,
Q133811057,,,,https://sic.edu.ph
Q61931750,,,1967,
Q17067633,,,2012,
Q114676755,,,2021,
Q11531651,,,1964,
Q5059633,,,1983,https://www.cee.org/
Q132602885,,,2019,https://cef.edu.do/
Q484622,,,1978,https://homepage.sch.ac.kr/english/
Q13580310,,,2000,
Q6445080,,,1966,
Q30288131,,,,
Q12110292,,,1992,
Q55648280,,,2013,https://www.lucg.edu.gh
Q135095514,,,1998,https://www.isu.edu.pk
Q7390511,137,,1964,
Q17066894,,,1955,
Q30265555,,,1998,
Q30294112,,,,
Q6123424,,,1962,https://jnvu.edu.in
Q130965,16986,,1841,https://fordham.edu/
Q4966922,,,2004,
Q46996964,,,1965,
Q109911733,,,2014,https://www.stmikiba.ac.id
Q141194488,,,,https://www.unitar.my
Q7586288,,,2009,https://www.srisriuniversity.edu.in
Q61365816,,,2015,https://kau.ac.bd/
Q486999,,,2012,
Q13021088,,,,
Q135398208,,,,https://www.ltb-btl.ca
Q20011838,,,2014,https://www.tnu.in
Q6156341,,,,https://atlantida.edu.ar/
Q333705,13703,,1924,https://technion.ac.il
Q6026203,,,1964,
Q4504959,,,2012,https://www.pxlmusic.be/
Q30293943,,,,
Q8061222,,,1978,
Q1509333,53619,,1913,
Q140907370,,,2014,https://uiddi.ac.id
Q9726803,,,,
Q7063485,585,,1851,
Q7335261,15692,,1963,
Q9380739,,,1996,
Q127415551,,,,https://aguascalientes.tecnm.mx
Q1091287,31739,,1885,https://www.chuo-u.ac.jp/
Q626783,,,1946,https://english.donga.ac.kr/
Q6190931,,,1949,
Q120983229,,,1994,https://www.bam.ac.ir
Q6979253,26784,,1971,https://www.unlar.edu.ar/
Q2687988,,,1959,
Q30259015,,,1997,
Q77076970,,,1965,https://www.kin.de/
Q133810852,,,2020,https://gust.edu.ye
Q43895573,,,2013,https://www.csnyc.org/
Q109912288,,,1998,
Q5623834,2737,,1948,
Q174158,22000,,1918,https://new.huji.ac.il/
Q138655049,,,,https://kaznuvhi.edu.kz/en/
Q13634029,,,1980,
Q5995838,,,1952,
Q141195567,,,,https://kkpasirsalak.mypolycc.edu.my
Q30293670,,,,
Q5322496,,,1958,
Q56753731,,,,
Q168515,33081,,1850,https://www.utah.edu
Q7895110,9000,,2011,
Q30265548,,,,
Q14688450,4078,,1930,https://www.indianatech.edu/
Q7896103,,,1996,
Q1331614,27000,,2005,https://www.mandela.ac.za/
Q2128647,,,1973,
Q7347821,4134,,1921,https://www.rmu.edu/
Q120913676,,,2021,https://www.msu.edu.in
Q11174308,,,1958,
Q7537896,8747,,1960,
Q17013236,,,2008,https://university.kiss.ac.in/
Q109913358,,,2013,
Q3578152,,,1941,https://geodata-paris.fr
Q5488991,,,2011,
Q5920482,,,1986,https://zaums.ac.ir
Q135095513,,,1998,https://www.mgmmckishanganj.in
Q29045292,,,,
Q56840432,,,1954,https://fames.es.gov.br
Q11474757,601,,1879,
Q109913563,,,2014,https://www.sttbere.ac.id
Q3128597,,,,
Q115536556,,,2009,https://pau-au.africa/institues/paulesi
Q65654935,,,2019,https://muoc.ac.in
Q6673390,,,2000,https://www.mwit.ac.th
Q12523364,,,1982,https://www.unwira.ac.id
Q6444353,,,1992,
Q694219,35000,,1946,https://sute.edu.ua/
Q17030469,,,1951,
Q12511345,,,1994,https://www.stmikpontianak.ac.id
Q6087663,,,2008,
Q8006551,5472,,1906,
Q96373046,,,2017,
Q29642072,,,,
Q12523421,,,1980,https://www.unpak.ac.id
Q5580945,,,2008,
Q109919235,,,2021,
Q135095302,,,2017,https://www.conicet.gov.ar/new_scp/detalle.php?id=27014&info_general=yes&inst=yes
Q729296,,,1920,
Q30273182,,,2009,https://extension.umd.edu/
Q131428227,,,,https://www.uc.pt/fmuc/cimago/
Q734764,63864,,1949,https://www.unsw.edu.au/
Q19646412,,,2009,
Q30257574,,,,
Q1728111,,,1954,https://www.kfr.ch
Q2022998,,,1912,
Q19738117,,,2013,
Q137796024,,,2007,https://www.moderninstitutes.in
Q10387831,,,2013,https://www.ufob.edu.br
Q7498312,,,2005,
Q5147362,,,1978,
Q6901065,,,1853,https://www.monmouthcollege.edu/
Q5278773,1369,,1968,https://dinecollege.edu
Q6810079,,,2001,
Q16947,,,1907,https://de.tongji.edu.cn/
Q33121430,,,,https://www.kantiolten.ch/cms/index.php?id=5
Q1141959,,,1961,https://iu.edu.sa/
Q6395480,2030,,,
Q3551432,9602,,1960,https://laurentian.ca/
Q4763618,,,1965,
Q4667533,,,1992,https://abiastatepolytechnic.edu.ng
Q20053268,,,,
Q5000560,,,2010,
Q135739117,,,2001,https://ciraig.org
Q3151824,,,2009,https://www.zaytuna.edu/
Q22110634,,,,
Q19964930,,,2013,
Q130882880,,,1985,
Q24886613,,,,
Q85847309,,,2016,https://www.stvinceyendi.edu.gh/
Q30294719,,,,
Q1668416,,,1952,
Q3351574,,,1880,https://www.aliah.ac.in
Q2713385,,,1999,
Q109913878,,,,
Q7670026,,,1998,
Q141193778,,,,https://www.bcnsurin.ac.th
Q461551,,,2004,https://www.bruckneruni.at/
Q2740389,3029,,1927,
Q3551461,,,2002,
Q20458852,,,,
Q1399078,6726,,1867,https://www.uncfsu.edu/
Q6156740,,,1989,
Q691097,13000,,2002,https://guc.edu.eg/
Q43896028,,,2008,
Q141195203,,,1988,https://www.tafeseremban.edu.my
Q16965846,,,,
Q15036648,,,2013,
Q30260530,,,1991,
Q30293844,,,,
Q16910628,,,1980,
Q464443,12246,,2009,https://www.hwr-berlin.de/
Q7985394,,,1932,
Q30268733,,,1997,
Q6207837,,,2008,https://www.jodhpurnationaluniversity.org/
Q6040438,,,2004,
Q29054535,,,,
Q391028,71201,,1908,https://www.ubc.ca/
Q17010110,,,1949,
Q140045728,,,2021,
Q114857288,1615,,2020,https://www.institut-agro-montpellier.fr/
Q116959501,,,2018,https://khimu.edu.ua
Q30293742,,,,
Q534643,,,1896,https://www.wits.ac.za/
Q11044009,,,1952,
Q7365489,,,,
Q9143099,,,1969,
Q712849,14857,,1927,https://www.nccu.edu.tw/index.php?Lang=en
Q4196668,,,1974,https://ivanovo.ac.ru/
Q30265305,3071,,2013,
Q5372520,,,1984,
Q129342770,,,2022,
Q4793919,,,1935,https://www.georgiasouthern.edu/
Q11285095,455,,2001,
Q7487928,,,1985,
Q3446150,,,1993,
Q137204399,,,2008,https://www.em-normandie.com/le-corps-professoral/la-recherche-lem-normandie/le-laboratoire-metis
Q30293863,,,,
Q4688832,8500,,2009,
Q2407703,,,2007,https://www.4tu.nl
Q141195714,,,,https://www.omega.edu.my
Q1537299,,,1957,
Q4041,27712,,1969,https://www.univ-lyon2.fr/
Q135410023,,,,https://www.iv.hr/
Q129343178,,,2022,
Q109913031,,,2019,https://upprl.ac.id/
Q141194495,,,2017,https://buc.edu.mm
Q2878449,321,,1880,
Q30263511,,,2006,
Q108598691,,,,https://www.esmae.ipp.pt
Q77077520,,,2009,https://www.uniwind.org/ueber-uns
Q109912334,,,2019,
Q931865,4025,,1896,https://clarkson.edu/
Q24450314,,,1985,https://www.ukim.ac.id
Q7373982,,,1996,
Q7365438,,,,
Q2852691,543,,1994,https://www.ens-rennes.fr/
Q5649147,739,,1858,https://www.hlg.edu/
Q5513788,,,1997,https://gmrit.edu.in/
Q128123033,,,2001,https://itshuatusco.edu.mx
Q12513098,,,2019,https://dinamika.ac.id
Q2485020,,,1919,
Q56147,,,1939,
Q5431147,504,,1921,
Q6156367,,,1953,
Q18484578,,,,
Q15697030,,,2004,https://atins.pl/
Q30263413,,,1867,
Q1877281,,,1998,https://www.northern.ac.th
Q47517336,,,,
Q141195756,,,2011,https://www.adtecjerantut.gov.my
Q17212679,,,1989,
Q494096,,,1965,https://www.ucv.ro/
Q1474656,,,1920,
Q1663974,,,1894,
Q6379836,,,1991,https://w.kawasaki-m.ac.jp
Q30257165,,,,
Q7289009,6042,,1969,https://www.ramapo.edu/
Q4466157,,,2009,
Q109912417,,,2014,
Q179146,,,2005,
Q109921108,,,2001,https://www.kampuswiduri.ac.id/
Q5570075,,,2001,
Q5935959,,,1992,
Q51882893,,,2018,
Q11683330,,,1968,
Q7295022,,,1962,https://www.slbsrsv.ac.in
Q107724043,,,2021,https://www.topfaith.edu.ng/
Q890901,,,2007,
Q5053147,180,,1983,https://www.cdu.edu
Q11426695,351,,1978,
Q5211353,,,1884,https://www.dallasisd.org/
Q9351525,,,1982,https://bip.apoz.edu.pl/
Q9380764,,,1997,
Q4146737,7000,,1959,
Q595684,,,2005,
Q135398327,,,1886,
Q30262919,,,2009,https://iihs.co.in/
Q141195389,,,1997,https://tmc.edu.my
Q1047293,19494,,1965,https://ucsc.edu
Q5610607,,,1961,
Q133811864,,,2023,https://ouk.ac.ke
Q10387813,,,2005,
Q154804,31088,,1409,https://www.uni-leipzig.de/
Q3013175,,,2006,
Q30297300,,,1923,
Q52849923,,,1933,
Q6148696,,,1958,
Q117405728,,,1995,
Q1524992,29501,,1983,
Q39049927,,,1959,
Q5411489,,,2012,
Q141194244,,,2015,https://www.icoop.edu.my
Q7698685,,,1982,https://www.tuj.ac.jp/
Q25450428,,,2014,https://www.stu.edu.iq/
Q10945865,,,,https://www.nxnu.edu.cn/
Q96233707,,,2008,https://kktanjungpiai.mypolycc.edu.my/
Q6025027,,,1956,
Q482724,,,1982,
Q6840781,,,1908,
Q10387849,,,2006,
Q3179505,,,1841,https://www.ues.edu.sv/
Q11219959,,,1997,
Q1479582,,,1957,https://www.arts.bg.ac.rs/
Q61931256,,,2000,https://acihl.org/
Q7607098,2300,,1988,
Q10906760,,,1902,
Q10947284,,,1983,
Q29467429,,,2013,
Q30285797,,,,
Q29054169,,,1962,
Q7272581,,,1976,
Q5126317,300,,2011,https://www.claremontlincoln.edu/
Q138460711,,,2017,https://rob.zju.edu.cn
Q30267024,,,1966,
Q4201594,,,1994,
Q4118237,,,1975,
Q861948,,,1920,https://www.swu.ac.jp/
Q484154,,,1938,https://www.gjue.ac.kr/gjue/eng.do
Q10876513,2562,,1968,
Q92387237,,,2008,
Q1777988,,,1943,https://www.susu.ru/
Q2408259,,,2009,https://www.helha.be/
Q6419629,1492,,1996,https://www.klamathcc.edu
Q103018959,,,,
Q17122136,400,,2009,
Q1114851,,,1992,
Q6973723,,,1960,
Q5374138,10724,,1971,
Q7371773,,,1989,
Q7876458,,,1960,
Q4315127,27517,,1884,https://nuft.edu.ua/
Q135738520,,,2024,https://gsuniversity.ac.in
Q948420,469,,1889,https://www.enscm.fr/
Q6840937,,,,
Q140908397,,,2016,https://www.oc.edu.sa
Q4207815,,,1890,
Q11494175,,,1919,
Q141195025,,,,https://kktambunan.mypolycc.edu.my
Q18353115,,,1993,
Q30258663,,,1992,
Q10140,643,,1980,
Q30271754,,,2007,
Q7969745,652,,1937,
Q140499546,,,1955,https://www.gtchooghly.ac.in
Q141194375,,,,https://lsbf.edu.my
Q134005760,,,,
Q1141717,,,1914,
Q29052455,,,1999,https://uney.com.ve/
Q4267921,3500,,1956,https://lgmu.ru/
Q107518676,,,1922,
Q139771387,,,,https://www.tmslab.cn
Q30294291,,,,
Q12082008,7826,,1932,https://www.bdpu.org.ua/
Q5572036,6369,,1966,https://www.rcsj.edu/
Q8067559,,,1998,
Q4407693,,,1930,
Q112085335,,,,
Q30294294,,,1999,
Q6515867,,,2009,
Q5588805,,,1920,https://eum.edu.pk/
Q1140013,,,1865,https://www.esa-paris.fr/
Q11478765,,,1924,
Q132803487,,,2008,https://www.htii.edu.kz
Q138611376,,,2009,https://aljazeeraibb.edu.ye
Q11628405,,,1957,
Q7895476,,,2002,
Q135983373,,,1986,https://britanicomonteria.edu.co
Q2749558,,,1954,https://www.ufc.br/
Q7199405,209,,1959,https://www.pts.edu/
Q335924,,,1949,https://www.kagoshima-u.ac.jp/
Q1131966,1028,,1887,https://nscad.ca/
Q11375266,,,1963,
Q7895847,2016,,1961,
Q16678105,,,2002,https://мосу.мвд.рф/
Q31367765,,,1974,
Q344405,2100,,1992,
Q30266885,,,1979,
Q8021215,,,1888,https://www.williamson.edu/
Q129342920,,,2023,
Q6156474,,,1964,
Q3699436,,,2010,https://damanhour.edu.eg/
Q1780458,,,1979,
Q65291964,,,1963,
Q6973730,,,2006,https://www.nita.ac.in
Q7686865,318,,2000,https://pallasart.ee/
Q7003622,,,1968,
Q25483419,,,1993,https://www.picoms.edu.my/
Q9380716,,,1998,
Q30296154,,,,
Q11076189,,,2007,https://www.yzpc.edu.cn/
Q129344184,,,2024,
Q5137991,,,1989,
Q2914269,,,1973,https://www.eac.edu.ph/
Q6753974,,,2007,
Q6974032,,,2008,https://www.nludelhi.ac.in
Q129343612,,,2022,
Q6733333,,,1989,
Q7082021,,,2004,
Q30253620,,,1913,
Q61128190,,,2014,https://gust.edu.vn/
Q107723875,47,,,https://dominionuniversity.edu.ng
Q30293926,,,,
Q30263355,,,1988,
Q30266502,,,1962,
Q11525566,863,,1940,https://shakujii-h.sakura.ne.jp/
Q109912503,,,2019,https://kallainstitute.ac.id/
Q137204482,,,2014,https://ies.education
Q109919348,,,2012,
Q18431485,,,1995,
Q11432857,,,1902,
Q1141452,37426,,1989,https://www.westernsydney.edu.au/
Q2496060,9567,,1977,https://ju.se
Q6659715,845,,1879,
Q24880628,,,1994,https://misantla.tecnm.mx/
Q41567369,,,1904,
Q12609255,,,2009,
Q8051985,57,,1974,https://montanacc.edu/
Q115220,15505,,1949,https://www.hiroshima-u.ac.jp/
Q131428202,,,1983,https://www2.fab.mil.br/unifa/
Q1391252,5671,,1978,
Q27973252,1440,,2016,
Q48733023,,,2016,
Q30257402,,,1972,
Q12584162,,,2001,
Q140868935,,,2025,https://iainusantara.ac.id
Q48815184,,,1987,
Q52843125,,,1959,
Q109911164,,,1984,https://stiebalikpapan.ac.id
Q139408174,,,2021,https://www.bxu.uz
Q10902048,,,1956,
Q10387810,,,1999,
Q5750261,,,2005,
Q11426643,1146,,1927,https://ohmiya-h.spec.ed.jp/
Q5917826,,,1958,https://celaya.tecnm.mx/
Q12244296,,,1961,https://www.ipa.edu.sa
Q3152597,,,1961,
Q5053266,,,1964,
Q7060212,825,,1965,
Q4614,48500,,1880,https://usc.cn
Q30257365,,,1996,
Q17229531,,,,
Q16974813,,,1947,
Q3176886,27340,,1949,https://upd.edu.ph/
Q1084383,6631,,1982,
Q12486659,,,1963,https://www.itm.ac.id
Q109911618,,,,
Q314307,,,1958,https://www.bundeswehr.de/de/organisation/fuehrungsakademie-der-bundeswehr
Q30288871,,,,
Q45136614,,,,
Q549697,13000,,1962,
Q6089196,,,2009,
Q30264937,,,1950,
Q140351669,,,,https://fceilawe.edu.ng
Q24932388,,,2005,
Q6148011,,,1958,
Q93967434,,,,
Q116233214,,,,https://www.eiilm.co.in
Q7102864,,,1962,https://ouat.ac.in
Q30274338,,,2008,
Q3247377,11171,,1975,
Q1111261,2222,,1874,
Q114618608,,,2004,https://www.ciera.ulaval.ca
Q941534,,,1992,
Q1192597,16214,,1949,https://www.kobe-u.ac.jp/
Q55525681,,,2018,https://nafu.ac.jp/
Q6931864,,,1991,https://www.mica.ac.in/
Q638434,,,2003,
Q7293395,,,1960,
Q1247135,,,1989,https://www.uc3m.es
Q7988285,826,,1927,
Q6810046,,,1988,
Q1538540,768,,1894,
Q7617251,728,,1876,
Q5146839,,,1958,https://www.csmd.edu/
Q7988127,,,1926,
Q5624076,,,2007,
Q107518841,,,2011,https://kahs.edu.np/
Q133811855,,,2023,https://www.gmu.ac.in
Q22058805,,,,https://www.hartfordschools.org/
Q7979838,,,1951,https://www.sdsmu.edu.cn/
Q6749262,,,1873,
Q129343721,,,2021,
Q1042722,,,1976,https://www.bu.edu.eg
Q16890096,,,1965,
Q1165608,,,1866,
Q8048674,,,1902,
Q30259184,,,1996,
Q30294772,,,1964,
Q12010517,4389,,1904,https://wit.edu/
Q6965482,,,2006,
Q7082019,,,1957,
Q109919148,,,2008,https://www.stiehidayatullah.ac.id
Q4647425,,,1956,
Q7995090,649,,1966,
Q134251076,,,,https://www.eanap.com.pt
Q109919272,,,2018,
Q282645,2200,,2006,
Q6939686,,,2012,
Q18605567,,,2009,https://www.yongmoon.ac.kr/
Q2364321,,,1951,
Q6904341,2339,,1900,https://www.mtech.edu/
Q30257235,,,,
Q65214087,,,2012,
Q2945613,,,1962,https://www.cept.ac.in
Q1778471,,,1985,
Q30263304,,,1932,
Q6477941,2332,,1975,
Q135983376,,,,https://cv.physiol.med.uni-muenchen.de/index.html
Q12338078,,,,
Q92740441,,,2016,
Q11648276,,,1965,
Q7026557,1518,,1815,
Q3395841,,,2005,https://polytech.univ-cotedazur.fr
Q5172644,,,,
Q7402041,,,1910,
Q30293698,,,,
Q217439,48373,,1907,https://www.hawaii.edu/
Q491082,,,1973,
Q3551375,,,1995,https://www.nebrija.com
Q7895379,,,1993,
Q940031,,,1989,https://www.uandes.cl/
Q858662,10000,,1959,
Q6392309,87,,1931,
Q9380849,,,2004,https://www.vizja.net
Q3898136,468,,1872,
Q7503753,,,1986,
Q56394061,,,2014,https://www.unukaltim.ac.id
Q13021900,,,2007,
Q30293829,,,,
Q6053548,,,1991,
Q51985,34842,,1946,https://www.tu.berlin/
Q906437,,,1904,
Q5936995,,,1988,
Q30298867,,,2003,
Q317296,,,1992,https://www.cp.edu.pl/
Q1789101,,,1964,https://ub.edu.ar/
Q30257341,,,1995,
Q141194988,,,,
Q49112,14429,,1701,https://yale.edu
Q7247886,,,1960,https://www.klyuniv.ac.in
Q625965,,,1991,
Q30263484,,,1945,
Q7700604,,,1967,
Q48773691,,,2013,https://uok.ac.rw/
Q1760438,19746,,1937,https://www.qc.cuny.edu/
Q5146744,11854,,1967,https://www.clcillinois.edu/espanol
Q4655135,,,2001,https://www.awhengg.org
Q109913845,,,2019,
Q65340932,,,1978,https://hu.edu.mm
Q2496192,,,1959,https://www.unizulu.ac.za/
Q11441085,,,2003,
Q128067180,,,1999,
Q30946111,,,1978,
Q138460618,,,,https://groupe-espi.fr/campus/espi-nantes/
Q118594121,,,,https://uct.ac.za
Q1469723,,,1851,https://univet.hu/
Q1144951,300,,2003,
Q30262924,,,1998,
Q125199977,,,,https://unad.us
Q141195209,,,2010,https://kch.cyberjaya.edu.my
Q112676845,,,,
Q141193902,,,1965,https://ppiedu.com
Q32822,,,1926,
Q6553710,6829,,1964,
Q6946749,,,2002,
Q30592824,,,2004,
Q30263397,,,1972,
Q4702441,,,1994,
Q11638611,,,1999,https://www.med.kindai.ac.jp/nara/
Q3578186,,,2001,
Q7708205,2197,,1890,https://www.txwes.edu
Q131428092,,,,https://www.cetrad.utad.pt
Q19744816,,,1957,https://www.umsu.ac.id
Q110413188,,,,
Q1665208,400,,1792,
Q7877433,,,2008,
Q18626097,,,,
Q13371,24555,,1636,https://www.harvard.edu
Q6889228,16365,,1921,
Q131756794,,,2003,https://www.uajs.edu.co/
Q50379244,,,2002,
Q17056472,,,2008,https://www.iiitd.ac.in
Q5899317,1201,,1928,
Q7894314,,,1995,https://usil.edu.pe
Q141195804,,,2008,https://kliacollege.edu.my
Q4803389,813,,1968,https://www.asahikawa-u.ac.jp/
Q30293715,,,,
Q2001151,,,2003,https://www.northrise.edu.zm
Q6747336,4448,,1963,
Q4848536,,,2002,
Q89090635,,,2020,https://www.npicr.cz/
Q5838876,,,1958,
Q5623305,,,1962,
Q52855622,,,,
Q117307183,,,2001,https://web.iscjournal.com/
Q6827452,,,1907,
Q97041885,,,1993,https://www.univ-iug.com/
Q30281519,,,2004,
Q5127634,,,1888,
Q1939221,4911,,1915,https://missouriwestern.edu
Q11452378,,,2000,
Q130314574,,,2003,https://www.utna.edu.mx
Q4120429,,,2004,
Q14713865,,,1912,
Q4907286,,,2002,https://www.bput.ac.in
Q4743445,,,2005,
Q17225170,,,1956,https://www.pen-kanagawa.ed.jp/edu-ctr/
Q30632331,,,2011,https://www.iujaipur.edu.in
Q1443900,,,1988,
Q30263780,,,,
Q593710,,,1986,
Q61931734,,,,https://www.nmdc.edu.mm/en/
Q141195342,,,1977,https://colleges.segi.edu.my/kualalumpur/
Q2005647,26386,,1887,
Q30266440,,,1989,
Q131428077,,,,https://www.ipleiria.pt/esslei/investigacao/citechcare/
Q105626440,,,1999,https://stiebangkinang.ac.id
Q141193886,,,1994,https://www.kopeda.com.my
Q1964941,,,1953,
Q55594333,,,,
Q7075448,,,2010,
Q1141697,,,1993,
Q16965964,,,,https://hgut.no/
Q10829040,,,,
Q137047476,,,,https://ekfz.uni-goettingen.de/
Q42116192,,,2003,https://www.aros.ac.za
Q5056666,1097,,1867,https://www.cedarcrest.edu/
Q5707189,126,,1937,
Q11263400,,,1876,https://www.fz.ocha.ac.jp/fy/
Q6216477,,,1862,
Q127415555,,,2021,https://www.univ-grenoble-alpes.fr/recherche/laboratoires-de-recherche/le-pole-chimie-biologie-sante-cbs-/le-pole-chimie-biologie-sante-cbs--580962.kjsp
Q133812137,,,2009,https://swedishryk.edu.pk
Q1380172,2000,,1971,
Q8071387,,,1995,
Q7241089,,,2003,
Q109912852,,,1989,
Q1526908,,,1974,
Q5440063,,,1969,
Q11417430,,,1904,
Q109919336,,,,https://www.stit-syekhburhanuddin.ac.id
Q3551745,,,1953,
Q4794177,,,,https://www.pakistanarmy.gov.pk/AWPReview/TextContent.aspx?pId=276
Q5403549,,,1960,
Q4792974,,,1958,
Q1798494,,,1914,https://www.jwu.edu/
Q114388486,,,2022,https://unv-ebolowa.cm/
Q3696003,,,1991,
Q138860649,,,1967,https://mggacmahe.ac.in
Q2470271,,,1920,https://www.casadevelazquez.org/
Q880440,944,,1918,
Q109912134,,,2009,https://www.stikestulungagung.ac.id
Q6838941,,,1835,https://www.themico.edu.jm
Q1403504,,,1975,
Q4686466,1802,,1992,
Q1661243,,,1951,https://www.iitkgp.ac.in
Q5330227,,,,
Q7692257,,,1868,
Q7227039,,,1980,
Q7034381,,,1995,
Q5146892,1489,,1906,
Q10302498,,,2008,
Q21574124,,,,
Q6156575,,,1977,
Q7307542,,,1954,
Q116455346,,,,https://iefelixhenaobotero.edu.co
Q61930720,,,2014,https://sb-sciencemanagement.com
Q30254151,,,1978,https://www.yibinu.edu.cn
Q4984185,,,1996,
Q30295463,,,1992,
Q48936487,,,1984,
Q7355439,5735,,1959,
Q141195200,,,1995,https://stradfordcollege.edu.my
Q8027214,,,1997,https://www.concordia.edu.ua
Q4982688,,,1979,
Q4805237,2400,,1938,
Q30293803,,,,
Q5123119,,,1953,https://www.ccn.ac.uk/
Q3307047,3370,,1909,https://www.messiah.edu/
Q1391248,648,,1992,https://www.fhsv.sachsen.de/
Q16873549,,,,
Q6156594,,,1984,
Q7899237,,,1893,
Q30288654,,,,
Q7571358,7371,,2000,https://www.southwest.tn.edu/
Q7397744,18984,,1968,
Q246887,1104,,1963,https://www.angelicum.it/
Q135738494,,,,https://sharps.ac.cn
Q109912349,,,2020,https://www.staidarussalam.ac.id
Q18119361,,,1978,
Q136663894,,,,https://clsbe.lisboa.ucp.pt/research/about-cube
Q11330584,,,2005,
Q19739115,,,1984,https://www.stiakdmerauke.ac.id
Q52848736,,,1983,
Q138859818,,,2024,
Q3875219,,,1989,
Q6805332,5237,,1970,https://www.mec.cuny.edu/
Q7830621,,,1884,
Q29641617,,,1959,
Q5941668,,,1977,
Q109910765,,,1998,https://www.universitaslia.ac.id/
Q1133013,3203,,1991,https://ukma.edu.ua
Q5312891,,,1998,https://www.dukehealth.org/
Q7122532,,,1978,
Q124835913,,,2022,https://www.univ-bertoua.cm/
Q5103452,,,1890,https://choate.edu/
Q110554819,,,2015,https://al-shamal.edu.sy
Q52848372,,,1963,
Q30293944,,,,
Q3122625,,,1587,
Q15935810,,,1948,https://www.lnist.edu.cn/
Q6156457,,,1989,
Q30293783,,,,
Q54414370,,,,https://www.kake.ac.jp/
Q5142859,,,1943,
Q23638994,,,1972,
Q9091606,,,1988,https://www.univalle.edu/
Q5025905,,,2007,
Q11371195,,,2012,https://www.mpd.ac.jp/
Q6156329,,,,
Q11581363,,,1981,
Q4858597,,,1968,
Q3551763,,,2004,
Q4770537,,,2006,
Q2904541,,,1978,https://www.colman.ac.il
Q6914831,3618,,1924,
Q4867557,,,1957,
Q7708639,,,1916,
Q993267,,,1928,
Q8024795,2299,,1972,
Q2465519,3891,,1964,
Q5588733,,,1854,
Q7185903,,,1971,
Q5597140,,,1993,
Q16900607,,,,
Q7494374,,,2002,
Q3551601,,,2004,https://unikal.ac.cd
Q6368619,,,1996,
Q30294194,,,,
Q7931409,,,1981,https://vmrfdu.edu.in/
Q30264873,,,1958,
Q30263682,,,2007,
Q1795424,,,1828,https://www.gmpu.ac.at/
Q137943949,,,2024,https://uee-akamkpa.edu.ng
Q74435363,,,,
Q667821,,,1963,
Q52637674,,,2011,https://www.stkipsingkawang.ac.id
Q30293930,,,,
Q109919162,,,2005,https://politeknikalislam.ac.id
Q2103139,,,1978,
Q1169487,15125,,1962,https://www.ui.edu.ng/
Q14679289,,,1896,
Q23807973,,,,https://ksu.ac.ke/
Q285382,,,1877,https://or-zse.hu/
Q6930336,28393,,1946,
Q12523424,,,1996,https://unpand.ac.id
Q2035065,,,1995,https://www.huizingainstituut.nl/
Q119465131,,,2022,
Q112085450,,,,
Q5660026,,,,https://www.uane.edu.mx
Q5311141,,,2008,
Q19726444,,,2013,https://hhtp://iain-ternate.ac.id
Q5301348,,,1970,https://www.douglascollege.ca/
Q141195670,,,,https://www.mutiara.edu.my
Q136542440,,,2000,https://www.geomatika.edu.my/
Q138257290,,,2009,https://www.unigran.edu.py/
Q5439587,1821,,1968,
Q4836610,,,1987,
Q141195506,,,,https://ans.edu.my
Q6051112,,,1977,
Q17219811,,,1948,
Q3444427,4277,,1905,https://www.stkate.edu/
Q30271777,,,,
Q1397589,,,1903,https://www.ccnu.edu.cn/
Q11419401,,,1903,
Q16353012,,,,
Q2983725,,,1970,
Q1470769,14096,,1994,
Q12583575,,,1994,
Q4325461,,,1935,
Q7847992,,,2001,https://www.trunojoyo.ac.id/
Q7934641,245,,1886,
Q5360020,7882,,1949,
Q4213691,12000,,1953,
Q495258,,,1990,
Q65153823,16216,,2020,https://www.univ-gustave-eiffel.fr/
Q114895956,,,1972,https://www.crad.ulaval.ca/
Q109911887,,,1994,
Q4806742,,,1962,
Q30294082,,,,
Q55624802,,,2002,https://nspp.gov.pk
Q141195466,,,,https://www.ichs.edu.my
Q30294142,,,,
Q14683818,20080,,1916,
Q30294354,,,1989,https://upac.info
Q501977,,,1972,
Q2374234,,,1975,
Q7635933,2345,,1917,https://www.sulross.edu/
Q23102,,,1953,
Q141195415,,,2002,https://hce.edu.vn
Q17029997,,,1999,
Q205061,,,1953,
Q10829119,,,2007,
Q3578509,,,1934,https://www.esb-campus.fr
Q6470215,,,1916,
Q2695574,,,1989,https://sochi.university/
Q4281580,4200,,1991,https://mu.edu.ua/
Q6510895,,,2008,
Q12185345,,,2007,https://aust.edu.sy
Q138460718,,,,https://www.univ-toulouse.fr
Q6380511,,,1954,
Q1804771,,,1920,
Q12742865,,,,
Q3246557,8500,,1925,
Q4764372,,,1926,
Q7587566,3315,,1923,
Q6082336,,,1987,https://shiraz.iau.ir/
Q134524048,,,2001,
Q29178015,,,,
Q4897794,,,1919,
Q4162544,,,2005,
Q109911543,,,1982,
Q61931430,,,2017,https://www.um6p.ma/
Q30259331,,,1999,
Q138860564,,,1957,https://arecibo.inter.edu
Q6682943,8521,,1974,
Q4955549,,,1956,
Q135739332,,,2007,https://konyabeyhekimeah.saglik.gov.tr
Q5331048,419,,1980,
Q126463,,,2000,
Q5123485,,,1994,
Q6958969,,,1948,
Q7903280,,,1967,
Q5648624,,,1995,
Q6707236,,,1969,
Q1149393,,,1886,https://www.kansai-u.ac.jp/
Q5178987,911,,1955,
Q1622216,6431,,1992,https://www.htwk-leipzig.de/en/htwk-leipzig/
Q4845538,,,1990,
Q7129320,,,2011,
Q5061855,4021,,1887,https://www.centralstate.edu/
Q134972749,,,,https://univsm.ac.id/
Q30279569,,,1870,
Q7980543,389,,1942,
Q54806692,,,1999,
Q17165575,,,1989,
Q30262940,,,1952,
Q7060100,,,1964,
Q85970161,,,,
Q109409389,48722,,2019,https://www.universite-paris-saclay.fr
Q52851995,,,1999,
Q141193743,,,1995,https://www.uow.edu.my/campuses/about-the-campus/uow-malaysia-college/
Q136663698,,,,https://lisbonpubliclaw.pt
Q77075856,,,1983,https://www.ibs-bremen.de/
Q10943911,,,1999,https://rgpvinstitute.org.in
Q7895089,,,1982,
Q10875117,,,1936,
Q9380840,,,2000,
Q12506032,,,2008,https://polimedia.ac.id
Q7145115,,,2021,
Q109919774,,,2019,
Q6984798,1924,,1887,
Q17991978,,,1973,https://www.jahromu.ac.ir/
Q39048034,,,2014,https://www.hnbumu.ac.in
Q23044799,,,2012,https://flores.unu.edu/
Q30254074,,,2008,
Q6132246,,,1948,https://www.lnu.edu.cn/
Q5230631,,,1992,https://sdasu.edu.ge/en
Q30266884,,,1978,
Q7894412,,,1953,
Q7703070,2057,,1968,
Q492318,59226,,1831,https://www.ua.edu/
Q24945041,,,2005,
Q109912977,,,2018,
Q3152527,,,1968,https://isara.fr/
Q16480294,,,,
Q139771341,,,2023,https://sites.google.com/ceylonspacescience.com/ciss-space-science/home
Q12430577,,,1987,
Q31351290,,,,
Q30257168,,,,
Q4890927,,,1986,
Q30286150,,,,https://www.tstboces.org/
Q113554894,,,,https://saada-uni.edu.ye
Q11152789,,,1997,
Q5714356,,,2004,
Q6040895,,,1992,
Q2339842,,,,
Q4146986,,,1944,
Q2418970,81,,1877,
Q6747500,,,1996,
Q30294222,,,,
Q7059526,2700,,1972,
Q7894330,,,1958,https://udo.education/
Q141195875,,,1996,https://www.msucollege.edu.my
Q4614832,,,1924,https://www.u-bunkyo.ac.jp/en/
Q3616162,,,1847,https://unah.edu.hn
Q5600279,,,,
Q30294221,,,1981,https://www.ensc.dz
Q5357188,,,1912,
Q5001831,,,1998,
Q30271716,,,2013,
Q1975276,,,1921,
Q12204476,,,2008,https://iutt.edu.ye
Q317855,797,,2007,https://www.hfm-detmold.de
Q30264130,,,,
Q30257796,,,,
Q15651478,1660,,2014,https://www.insa-centrevaldeloire.fr/
Q465523,,,1955,
Q138182,1531,,1928,
Q1532301,,,,
Q5598396,4066,,1965,
Q6074403,12199,,1985,
Q6427226,,,2009,https://www.kolhanuniversity.ac.in
Q876640,,,1938,https://muk.ac.at
Q7082388,4949,,1961,
Q12523366,,,1952,https://www.unkris.ac.id
Q14957068,,,1972,
Q33121579,,,1551,
Q15279421,7500,,2013,
Q30294265,,,2002,
Q19944215,,,2012,https://www.assunnah.ac.id
Q3128587,2500,,1996,
Q18537218,,,1992,
Q55075257,,,2001,
Q7489128,,,1902,
Q30263426,,,1980,
Q3997314,,,1960,https://www.eafit.edu.co
Q29055465,,,,
Q30293871,,,,
Q129343366,,,2022,
Q1075625,,,2004,
Q15914728,,,1956,
Q60749640,,,2017,https://bbmku.ac.in
Q30294290,,,,
Q606815,,,1949,
Q7069999,,,1982,
Q2495989,,,1997,
Q1251039,,,1991,
Q679974,5601,,1965,https://www.cute.edu.tw/
Q11559500,,,,
Q1115878,4361,,1830,
Q97572626,,,,https://www.stiebi.ac.id/
Q432475,18783,,1873,https://www.canterbury.ac.nz/
Q17013367,,,1950,
Q135451195,,,1958,
Q7640999,,,1979,
Q2919325,,,1986,
Q5340177,,,1990,
Q50040244,,,1902,
Q50037894,,,2003,
Q52843155,,,2002,
Q1814816,,,2008,https://iitj.ac.in/
Q14956980,,,2008,
Q61934184,,,2006,
Q1117434,,,1983,
Q77084312,,,1919,
Q115681308,,,2022,https://univ-garoua.cm/
Q7501438,5382,,1963,
Q12523445,,,2001,https://www.unras.ac.id
Q7981425,,,1904,
Q4947474,,,1994,https://www.bosqueschool.org/
Q5055311,,,1961,
Q4845459,,,1953,
Q10814056,,,1848,https://www.wisconsin.edu/
Q30294195,,,,
Q5330580,1430,,1948,
Q117447602,,,2021,https://www.federalpolyayede.edu.ng/
Q10387726,,,1971,
Q111423517,,,,https://unat.edu.pe/
Q52575621,,,2007,
Q7895390,4829,,1882,https://www.findlay.edu/
Q2738646,19710,,1996,
Q4116241,7500,,1963,
Q7272216,1161,,1971,
Q4698242,,,2002,https://au.edu.pk
Q10902061,,,1958,
Q1414861,,,1955,https://www.exeter.ac.uk/
Q3075124,,,1964,https://trentu.ca
Q7270228,,,1996,https://qau.edu.ye
Q11496411,,,1950,
Q5959259,,,1974,
Q30264939,,,1914,https://www.zjbti.net.cn/
Q13021124,,,,
Q3549829,,,1912,https://www.adzu.edu.ph/
Q139408197,,,2013,https://buffettinstitute.nebraska.edu
Q29566102,,,,
Q1782652,7000,,1971,https://www.shu.bg/
Q6721043,,,2009,
Q1357517,,,1958,https://oulu.fi
Q3578118,,,1995,https://encgt.uae.ac.ma/
Q1067471,33000,,1966,https://www.ucalgary.ca/
Q1733921,636,,2004,
Q42955492,,,2017,
Q6749226,,,1965,
Q2744209,,,1869,https://port.ac.uk
Q109913888,,,2011,
Q130377117,,,,
Q30286474,,,1988,
Q16733703,,,2007,https://kaafuni.edu.gh/
Q20063259,,,1999,
Q141193688,,,2010,https://soascis.ubd.edu.bn
Q30294111,,,,
Q11468565,586,,1920,
Q285153,,,1991,
Q278044,,,1898,https://www.wu.ac.at/
Q1133142,5796,,2000,
Q7496457,9644,,1956,
Q5072117,,,1956,
Q992830,8616,,1851,
Q3772943,,,1942,https://www.ort.edu.uy/
Q7051013,,,1917,
Q17190678,,,,
Q2166335,,,1998,https://www.sdu.dk/
Q7813890,,,1872,
Q4366456,12500,,1932,https://www.volgatech.net/
Q5772639,,,1883,https://www.hislopcollege.ac.in/
Q482756,,,1977,
Q18484073,,,1965,
Q4802140,,,1977,
Q109582450,,,2021,https://www.euneiz.com/
Q25450423,,,2014,https://ntu.edu.iq/
Q5061966,,,2009,
Q61364281,,,2001,https://rafflesinternationalcollege.ac.th
Q16902658,,,2002,
Q30263353,,,1985,
Q93962404,,,1994,https://www.iimtindia.net
Q6471515,,,1855,
Q30263551,,,1922,
Q109913043,,,1983,
Q7569667,4337,,1859,https://www.sbts.edu/
Q10279537,,,,
Q7651053,,,1907,https://www.szai.edu.cn/
Q18392548,,,2012,
Q1229996,,,1505,https://www.us.es/
Q414041,348,,1662,https://adbk-nuernberg.de
Q714962,,,1949,
Q5596645,6465,,1951,
Q6973731,,,1961,
Q17056738,,,1989,
Q52634070,,,,
Q133812245,,,2008,https://www.mallareddyecw.com
Q39050009,,,1995,
Q8047656,,,1967,
Q6948708,,,1924,
Q24960119,,,1997,
Q11798134,,,1997,
Q108597299,,,1992,
Q30293952,,,,
Q30293696,,,,
Q17071776,,,2000,
Q30266457,,,2011,
Q12486122,,,1973,
Q1767912,,,1832,
Q3695910,19290,,1930,
Q141194397,,,2012,https://kverts.moe.edu.my
Q141194400,,,2017,https://sae.uet.vnu.edu.vn
Q4897766,769,,1927,
Q1146587,,,1963,
Q6851607,,,2002,https://www.milestonecollege.edu.bd/
Q6841327,,,2002,
Q5615997,,,1956,
Q5575794,,,1879,
Q1476364,,,2003,
Q30268193,,,,
Q61976150,,,,https://maaorus.ru/
Q108737597,,,2000,https://www.saolucas.edu.br/sites/institucional
Q5019318,2527,,2022,https://www.calebuniversity.edu.ng/about-us/
Q131428178,,,,https://www.uc.pt/cemmpre/
Q5395416,,,1992,
Q1973138,,,1932,
Q5714562,,,2001,
Q11596261,,,1964,https://www.nta.go.jp/about/organization/ntc/index.htm
Q15900615,7496,,2014,
Q64143385,,,1989,https://www.ageons.jp/
Q571293,17836,,1971,https://www.sorbonne-nouvelle.fr/
Q30293878,,,,https://ucla-mexico.org
Q1391282,600,,1996,
Q204181,13000,,1632,https://ut.ee
Q141195144,,,2001,https://kkkuantan.mypolycc.edu.my
Q139771299,,,2014,https://www.arachti.org
Q114817413,,,2022,https://www.mansnu.edu.eg/
Q30263617,,,1960,
Q4823749,7115,,1955,
Q4398068,,,1991,
Q7928523,,,,
Q896267,3998,,1863,https://bogazici.edu.tr/
Q7894370,,,2009,
Q135095551,,,,https://iutdijon.u-bourgogne.fr
Q1219886,,,2000,https://www.nye.hu/
Q134524060,,,2004,https://www.rvscollege.ac.in
Q24960478,,,,
Q12513107,,,2023,https://www.stptrisakti.ac.id
Q7054585,,,1980,
Q5047231,1347,,1963,
Q16733836,,,2012,
Q11670484,,,1969,https://www.takamatsu-u.ac.jp
Q7489125,,,1958,
Q159895,12996,,1419,https://www.uni-rostock.de/
Q43895355,,,,https://www.ewsd.org/
Q1537303,7637,,1887,https://www.gonzaga.edu/
Q141195367,,,,https://www.kkss.edu.my
Q821305,,,2006,
Q11469735,,,1904,
Q12523389,,,1987,https://www.umlampung.ac.id.
Q56840699,,,,
Q5116467,,,1904,
Q9380757,,,2001,
Q6156459,,,2023,https://uf3ceu.es/
Q204457,16900,,1946,https://uib.no
Q4997902,,,1974,
Q50562362,,,1966,https://www.iavalley.edu/
Q1622133,4584,,1964,https://www.hs-offenburg.de/
Q1398915,,,1949,
Q1977379,10000,,1922,https://aspu.am
Q97162637,,,,
Q7569707,738,,1904,
Q5942010,,,1951,
Q2250766,,,1956,
Q1157046,,,1949,
Q30257606,,,1940,
Q4111610,,,1912,
Q4320476,,,2002,
Q1277357,17000,,1965,https://www.napier.ac.uk/
Q7937632,,,1964,
Q12824058,,,,
Q2324493,,,1939,
Q17028130,,,2013,https://universidadtifariti.org/
Q30294342,,,,
Q17010136,,,1953,
Q7894345,,,1975,https://www.tepeyac.edu.mx
Q4746008,,,,
Q138460564,,,,https://groupe-espi.fr/campus/espi-marseille/
Q3267815,,,1996,https://www.binus.ac.id
Q7353990,,,,https://www.rit.edu/dubai/
Q5646483,,,1984,
Q745391,,,1969,https://www.au.edu/
Q135095155,,,2021,https://itsa.edu.ec
Q13562485,,,2006,
Q11148222,,,,https://www.jnmc.edu.cn/
Q80270674,,,1961,https://acvr.org/
Q4005887,1994,,2006,
Q5761885,,,1979,
Q11474700,275,,1911,
Q2822399,,,2000,
Q4466149,,,2012,
Q83515573,,,,https://instituciones.sld.cu/feumed/
Q18818681,,,2014,
Q10829126,,,,
Q140908295,,,1983,https://amrutpoly.co.in
Q105226539,,,2020,https://www.aiimsjammu.edu.in
Q141194983,,,,https://kkbtenggara.edu.my
Q11663145,597,,1963,
Q4696564,,,1998,
Q6175409,,,2005,
Q2399361,,,1962,
Q12603264,,,1977,
Q2495825,2668,,1873,
Q109919468,,,2002,https://staibanisaleh.ac.id/
Q16827955,,,2013,
Q593556,,,1984,https://www.aegean.edu/
Q7291901,1554,,1830,
Q109912708,,,2003,https://stikesbhaktihusada.ac.id
Q5654449,,,1952,
Q3604031,,,1970,
Q120648323,,,2015,https://ibiomar.conicet.gov.ar/
Q4855389,,,2001,
Q30293598,,,1967,https://uabjb.edu.bo/
Q13137095,34900,,,https://www.powayusd.com/
Q3551702,,,1965,
Q50038623,,,,https://www.hgwr.de/
Q7894421,1045665,,1984,https://www.ut.ac.id
Q7743760,,,,
Q10771877,,,,
Q273638,300,,1882,https://www.espci.psl.eu/
Q1192619,,,1949,https://www.ynu.ac.jp/
Q11589189,,,1922,
Q3242620,5122,,1997,https://www.khas.edu.tr/
Q2485002,,,1948,
Q25587684,,,2015,
Q3551662,,,1884,
Q4855390,,,2003,
Q3047150,20000,,1882,https://beds.ac.uk/
Q17224708,,,,
Q5598352,,,1930,https://www.ghc.edu/
Q30294166,,,,
Q5159003,,,1921,https://concordia.ab.ca/
Q124048046,,,2017,https://rahs.edu.np
Q12298062,,,1953,https://uctm.edu/
Q7105610,,,1959,
Q10387776,,,1989,
Q109912493,,,,https://www.pipmakassar.ac.id
Q4703529,,,2006,https://bu.edu.sa/
Q2988296,,,2010,
Q4744942,,,1962,
Q727675,,,1959,
Q7158147,5065,,1909,
Q3523248,,,2010,
Q5071310,,,1975,https://www.csauk.ac.in
Q5507725,,,1941,
Q4823399,4000,,1978,https://www.austral.edu.ar/
Q12822800,,,,
Q22929373,,,2014,
Q7692471,,,1983,
Q10829138,,,,
Q1109023,,,1899,https://www.collegeboard.org
Q140907604,,,,https://staiibnurusyd.ac.id
Q1423756,32327,,1923,https://www.ttu.edu/
Q1669453,3003,,1882,
Q2302311,31142,,1957,https://unlv.edu
Q6156715,,,1997,https://www.utp.edu.pe
Q3551459,,,2008,
Q7970913,16545,,1996,https://www.swps.pl/
Q24907822,,,2013,
Q30621544,,,1983,
Q495504,,,1812,https://www.unan.edu.ni/
Q4668762,3927,,1908,
Q133811746,,,2020,https://portal.bouesti.edu.ng
Q2128656,,,,
Q631317,,,1968,
Q5814528,,,1922,
Q141194554,,,,
Q25450401,,,2012,https://uoalfarahidi.edu.iq/
Q7895227,,,1827,https://www.unicartagena.edu.co/
Q815268,28000,,1920,
Q12193485,,,1969,
Q4229159,,,1933,
Q7401991,,,1898,https://www.stpsu.edu/
Q28695,31312,,1640,https://www.helsinki.fi/en
Q6156569,,,1968,
Q273454,1165,,1891,https://www.centrale-mediterranee.fr
Q10926999,7735,,1971,
Q487841,,,1946,
Q8044031,,,1951,https://www.xsyu.edu.cn/
Q6048890,,,2008,
Q662355,644,,1773,
Q6954351,,,2007,
Q6427183,,,1998,
Q1391288,466,,1991,
Q19745632,,,2011,
Q109913407,,,2003,https://budimulia.ac.id
Q137204444,,,1977,https://coastlafia.edu.ng
Q90919671,,,,https://www.itsnupasuruan.ac.id/
Q2036624,,,1951,https://amit.tj/
Q16119681,,,1996,
Q1391271,18,,2012,
Q30262855,,,1998,
Q7674992,,,1987,
Q6020695,,,1954,
Q6649089,211,,1980,
Q3847972,,,1951,
Q11593226,,,1902,
Q126726,,,1858,
Q5115970,,,2002,
Q9091590,,,1979,
Q134251106,,,,https://www.etic.pt
Q1001137,,,2000,https://www.hepvs.ch/
Q6156772,,,2011,
Q130882836,,,2022,https://www.afyanahaki.org
Q17071873,,,2011,https://www.jaipur.manipal.edu
Q137943526,,,2001,https://www.sairamayur.edu.in
Q6156570,,,1970,
Q2590772,,,1817,https://www.forsvaret.no/en/research/research-at-the-nduc/royal-norwegian-naval-academy
Q3551395,,,1995,
Q3010002,,,,
Q4946345,22496,,1963,
Q7894264,,,1996,
Q11441682,,,1951,
Q7412178,2050,,1909,
Q15229463,,,2003,https://www.juet.ac.in
Q19903217,,,1995,
Q13096706,,,2022,https://www.stain-pekalongan.ac.id/
Q3297997,1528,,1950,https://www.upstate.edu/
Q890428,,,2012,
Q6156358,,,2000,https://uader.edu.ar/
Q30293857,,,,
Q6424315,,,1955,https://www.kaisei.ac.jp/
Q13098269,,,1995,https://www.unsa.ac.id
Q5146708,,,2021,https://coeruniversity.ac.in
Q135095274,,,,https://gilt.isep.ipp.pt
Q1466307,,,2002,
Q11459850,,,1965,
Q25104613,,,2017,https://www.alueducation.com
Q12523357,,,1980,https://www.unik-kediri.ac.id
Q30295539,,,1990,
Q5295490,,,1870,
Q3128582,,,1996,
Q368271,,,2001,
Q15845947,,,2004,
Q30257194,,,1993,
Q140963656,,,2018,https://www.ucpt.edu.pk/
Q15229727,,,,
Q4778676,,,1962,
Q8310981,,,2001,https://vsers.cz/
Q5094823,,,1966,
Q7895206,,,1967,https://www.reduc.edu.cu/
Q126839654,,,2003,https://evidenceinmotion.com
Q16644582,,,,
Q48501886,,,1984,
Q11589156,,,1911,
Q9380859,,,1995,
Q4734031,,,,
Q1347773,,,1968,
Q1973888,11172,,1991,https://www.zcu.cz/
Q119465861,,,2022,
Q16644499,,,,
Q7895317,,,1969,
Q5900701,,,,https://www.hopkinsschools.org/
Q6923797,2745,,1925,https://www.msmu.edu/
Q1142275,,,1994,
Q10279326,,,1998,
Q5315811,1281,,1914,
Q109912724,,,2014,https://stidsirnarasa.ac.id/
Q569446,55959,,1977,
Q7073702,,,,
Q1068615,1530,,1987,https://uarts.edu
Q16211981,,,1963,
Q4267928,,,1921,https://lgpu.org/
Q4859925,215,,1917,
Q836805,10773,,1829,
Q7692489,,,2007,
Q426364,,,2003,https://buc.edu.om
Q97278062,,,2019,https://rcastellanos.cdmx.gob.mx/
Q107484532,,,2020,https://fuhso.edu.ng/
Q10829109,,,2009,
Q12815487,,,2012,https://www.uni-nke.hu/
Q5642145,,,1967,
Q10302483,,,1909,
Q30270955,,,1973,
Q141194731,,,,
Q5901972,,,1887,https://www.horacemann.org
Q6752337,,,2000,
Q5401562,900,,2000,
Q7826705,,,2009,https://toros.edu.tr/
Q131428040,,,,https://sites.google.com/site/centrodeformacaocrista
Q109911457,,,1998,https://www.stmikbinapatria.ac.id
Q5604737,,,1962,
Q5071217,13395,,1985,
Q31173984,,,2023,https://www.stmik.banisaleh.ac.id
Q1550686,67250,,1992,
Q1095773,3405,,1887,
Q135095366,,,,https://www.ua.pt/pt/uacoopera
Q702303,41000,,1899,https://www.dvfu.ru/
Q5322728,14353,,1966,
Q74480977,,,2019,
Q13018833,,,,
Q5945521,,,1960,
Q109913702,,,2006,https://www.stkippersada.ac.id
Q7414560,,,1978,
Q137943740,,,,https://hillsideteachers.ac.zw
Q11280062,,,2001,
Q100956175,,,1898,https://www.icam.fr/les-campus/icam-toulouse/
Q7494261,,,1994,https://www.shengda.edu.cn/en/
Q1460141,19930,,1952,
Q11616820,1074,,1964,https://www.tomakomai-ct.ac.jp/
Q2069397,,,2003,
Q141193767,,,2017,https://iada.ubd.edu.bn
Q11287623,3227,,1945,
Q2094960,,,1979,https://uklo.edu.mk
Q7707585,,,1990,
Q61931283,,,,https://www.benuff.com/
Q16828079,,,2010,
Q5146808,,,1787,
Q6081316,,,2006,
Q16250079,,,2006,
Q140045795,,,,https://www.dal.ca/sites/cssd.html
Q7330615,,,1972,
Q4164446,,,1863,
Q8189311,,,1922,https://www.setsunan.ac.jp/
Q10877504,,,2004,
Q4095958,5763,,1957,https://brstu.ru
Q100955851,,,2014,https://abrar.edu.so/
Q67180072,,,1995,https://www.sttkd.ac.id
Q6105983,,,1956,
Q90571381,,,2017,
Q3431706,,,1946,
Q109913346,,,,https://www.sttkadesi-yogyakarta.ac.id
Q7896303,266,,1987,
Q1851075,37738,,1960,https://ufsc.br/
Q51077272,,,,https://www.cpbd.ac/
Q3566957,,,1924,https://hafa.haf.gr/
Q30257648,,,1994,
Q17051611,,,1993,
Q6365534,,,1884,https://www.kanto-gakuin.ac.jp/
Q126839582,,,2002,https://alte.edu.ge
Q12086829,,,1929,https://btsau.edu.ua/en/
Q7692499,,,2007,
Q106411959,,,2014,https://www.ugent.be/globalcampus/en
Q453821,9735,,1974,
Q6191643,,,1978,
Q5519422,2060,,1967,
Q30297321,,,1989,
Q30296037,,,2022,https://www.cna-qatar.com/Pages/default.aspx
Q30291924,,,,
Q28866905,,,2009,https://www.rgu.ac
Q43896065,,,1963,
Q6689785,,,1958,
Q15941738,,,1979,
Q137302554,,,2025,https://monarchuniversity.edu.ng/
Q30294228,,,2002,https://udm.ac.mz/
Q5142752,,,,
Q140907854,,,,https://uninnova.mx
Q30257629,,,1992,https://агасу.рф/
Q16975691,,,2010,
Q6981119,5083,,1962,
Q4366451,,,1981,
Q10279298,,,,
Q20024699,,,,
Q7895654,4202,,1965,
Q57979445,,,,https://yasuj.iau.ir/
Q484477,,,1993,
Q138655067,,,2016,https://www.crsic.dz
Q873230,,,1950,
Q108737257,,,1980,
Q7414571,5240,,1956,
Q887649,,,1595,
Q7907349,,,1995,
Q6788138,,,1972,
Q3671573,25655,,1982,
Q652308,,,1992,https://www.ubuea.cm
Q189022,17565,,1907,https://www.imperial.ac.uk/
Q6851351,567,,1939,
Q7244998,,,1898,https://www.princetonk12.org/
Q9380732,,,2002,
Q135739036,,,2007,
Q152171,38043,,1818,https://www.uni-bonn.de
Q15265894,,,1927,https://berks.psu.edu/
Q109913539,,,1994,
Q1074117,,,1937,https://www.ruc.edu.cn/
Q3551714,,,1964,https://www.univali.br/
Q140876881,,,2006,https://fateczonasul.edu.br
Q109922099,,,,
Q3274786,,,1953,
Q4852460,,,1987,
Q4398008,,,1994,
Q4303888,1500,,1919,
Q7273419,,,1963,https://rvce.edu.in//
Q138460474,,,2004,https://unisya.ac.id
Q67212715,2170,,2019,https://www.insa-hautsdefrance.fr/
Q5991557,,,1999,https://www.iuokada.edu.ng/
Q4764381,,,1977,
Q125450764,,,2013,https://dec.pm.df.gov.br
Q1780716,,,1968,
Q4122969,,,1930,
Q7989280,4369,,1970,https://wccc.edu
Q55453820,,,1925,
Q15261581,,,2010,
Q105626474,,,2017,https://ipts.ac.id
Q97204373,,,2020,https://www.ankarabilim.edu.tr/
Q119463745,,,2022,
Q53546459,,,2017,https://www.ue-germany.com/de/
Q30262852,,,1991,https://www.srgcds.ac.in/
Q1728108,1200,,1961,https://www.kanti-baden.ch
Q30294020,,,,
Q15693660,,,1961,
Q24590553,,,2013,https://srmus.ac.in
Q654784,368,,1894,
Q766447,,,1895,
Q25040854,,,1886,
Q30265542,,,1993,
Q15941682,,,1949,
Q955609,22800,,1391,
Q837320,60000,,1728,https://www.uh.cu
Q109911860,,,2020,https://www.mahadewa.ac.id
Q12523429,,,2014,
Q270272,200,,1901,https://rockefeller.edu
Q7060299,1228,,1965,
Q7991679,2719,,1967,
Q48885733,,,1929,
Q326342,,,1974,https://www.concordia.ca/
Q4071696,,,1969,
Q2431406,,,1958,
Q7989150,609,,1851,https://www.wcmo.edu/
Q129343294,,,2023,
Q83870793,,,2014,
Q805777,16000,,1947,
Q141194258,,,2019,https://sites.google.com/view/kolejvokasionalsandakan2
Q973767,,,1958,
Q2495744,,,1974,
Q14707988,1202,,1960,
Q131428203,,,,https://2c2t.uminho.pt
Q273535,5453,,1881,https://www.hec.edu/fr
Q5707141,,,2004,
Q3551709,,,2005,https://ok.ubc.ca
Q4439029,,,1930,
Q134523991,,,2024,https://www.cosmicai.org
Q129343429,,,2022,
Q5192620,10093,,1963,
Q18537216,,,,
Q97227930,,,1978,https://apuri.hr
Q30289344,,,1920,
Q109920527,,,1980,https://www.stieprasetiyamandiri.ac.id
Q141194370,,,,
Q30293708,,,,https://www.utags.edu.mx/
Q65165405,,,2007,https://uveg.edu.mx/
Q1461089,,,1976,
Q6733303,,,1968,
Q12204400,,,2003,
Q109919249,,,2010,https://staikap-pekalongan.ac.id
Q30263437,,,1974,
Q15649090,,,2002,https://dsvv.ac.in
Q402829,79,,1938,https://www.svots.edu/
Q4700994,,,1979,https://www.akikusa.ac.jp/akitan/
Q55075099,,,2018,https://www.biumed.com/
Q3128622,,,2015,
Q22929364,,,2009,
Q5150021,,,1845,https://www.ccsoh.us/
Q127269217,,,,https://fgz-risc.de/
Q12523388,,,1987,https://www.unmuhkupang.ac.id
Q158158,31517,,1828,https://tu-dresden.de/
Q1123198,9883,,1949,https://www.nanzan-u.ac.jp/chinese/
Q7288813,,,1930,
Q1798499,20888,,1964,https://www.nova.edu/index.html
Q17026946,495,,1965,
Q109919597,,,1994,https://www.likmi.ac.id
Q4998321,,,1969,
Q12708631,,,,
Q140869690,,,1999,https://www.chiropracticaustralia.org.au
Q137843040,,,1983,https://pecit.edu.ph
Q7367940,,,1970,
Q30263399,,,1976,
Q7571404,17621,,1961,
Q956780,2130,,1888,https://www.pugetsound.edu/
Q4288591,,,2009,
Q12808547,,,2008,
Q29167076,,,,
Q7895130,,,1979,
Q4918312,3716,,1939,
Q3551703,,,1919,
Q7570604,,,1926,
Q30294431,,,,
Q7895929,,,1998,
Q30262823,,,1984,
Q5704726,,,1995,https://www.medilam.ac.ir/
Q134523996,,,1996,https://hti-o.edu.eg/site/home
Q109913824,,,1999,https://www.stai-tbh.ac.id
Q109913148,,,2020,
Q4383014,,,1932,
Q6054158,,,2002,
Q482692,,,1940,
Q133811561,,,2009,https://sritw.edu.in
Q7894361,,,1961,
Q17040171,,,1999,https://www.yctu.edu.cn/
Q2371481,,,1967,https://www.ebs-paris.fr
Q3700546,3014,,1784,https://lvet.edu.ua/
Q30293937,,,,
Q109919807,,,1987,https://www.staimuttaqien.ac.id
Q4855005,,,1965,https://bmu.ac.bd/
Q4304100,5600,,1930,
Q49108,11836,,1861,https://mit.edu
Q6426902,,,1933,
Q7018113,,,1985,
Q1073814,,,1955,
Q2983741,,,1967,https://www.bdeb.qc.ca/
Q61931572,,,2006,https://www.micollege.edu.mv/
Q220688,1210,,1996,https://kmf.uz.ua/
Q16675496,,,1997,https://www.miu-sochi.ru/
Q16523431,,,1841,
Q17068871,,,1984,https://nium.in
Q4475838,,,1992,
Q4562501,,,1993,
Q28494780,,,1878,https://imt-nord-europe.fr
Q16852238,,,2000,
Q30263745,,,1932,
Q30255498,,,1968,
Q100523645,,,1999,https://insp.bi/
Q141195697,,,2019,https://www.sjtu-apgi.edu.sg
Q114494446,,,,
Q1536258,12373,,1911,https://www.smu.edu/
Q48759778,,,2019,https://www.ip-paris.fr/
Q14689086,704,,1842,https://www.iw.edu
Q114893595,,,2012,https://pau-au.africa/institutes/pausti
Q137999510,,,2010,https://devshomoeopathy.com
Q16201643,285,,1913,https://www.seminary.edu/
Q3497259,,,1921,
Q5189653,,,2019,
Q5617918,,,2001,
Q7894613,,,1957,
Q4239247,,,1990,
Q30253856,,,1991,
Q30294754,,,,
Q39061140,,,2017,https://www.nsbm.ac.lk/
Q41497702,,,2017,https://www.karnavatiuniversity.edu.in
Q7430538,,,,
Q106411924,,,2017,https://sbsselangor.my/
Q30253865,,,,
Q16121271,,,1994,
Q3626715,,,1931,
Q30293885,,,,
Q7894307,,,2006,
Q138518851,,,1993,https://toshniwalcollege.ac.in/
Q136560010,,,,https://iepa.ucc.edu.gh
Q25529328,,,2009,https://polito.uz/index.php?lang=en
Q1622125,4287,,1965,https://www.hwg-lu.de/
Q6051094,,,1988,
Q9380805,,,2005,
Q30260336,,,1979,
Q12061548,2200,,1828,https://www.mckendree.edu/
Q7686281,,,1883,
Q55522020,,,1986,
Q11400830,,,1981,
Q4914065,,,1996,https://www.buse.ac.zw/
Q939607,,,1975,
Q5508130,24627,,1979,https://www.fullsail.edu/
Q7033028,,,1966,https://www.linkedin.com/redir/redirect?url=http%3A%2F%2Fwww%2Enuga%2Ecom%2Eng&urlhash=Tty9&trk=about_website
Q30257508,,,,
Q15265897,,,1963,
Q6979244,,,1822,
Q135983403,,,,https://www.lmu-klinikum.de/experimental-pneumology
Q5713703,,,,https://www.henhudschools.org
Q7692478,,,1997,
Q4697462,,,2004,
Q3009985,,,1969,
Q1939211,23086,,1878,
Q30274489,,,2006,
Q30262807,,,1976,https://dmsf.in
Q2983603,,,1928,
Q3551480,,,1961,
Q30294049,,,,
Q13059486,,,1926,
Q109919572,,,2008,
Q1333607,,,1928,
Q113633597,,,2023,https://www.uni-koblenz.de/de
Q372040,,,1895,
Q482730,,,1996,
Q7134381,6575,,1985,
Q9008759,,,1964,
Q59050231,,,2018,https://nvu.edu.eg/
Q140868555,,,1963,https://jkppgcollege.com
Q28954262,,,1963,https://untagsmg.ac.id
Q109919358,,,2012,https://polihasnur.ac.id
Q18290975,,,2007,https://isfi.no/
Q54321655,,,2000,https://iti.edu.sg/
Q30258252,,,,
Q67179842,,,,
Q30271812,,,1955,
Q6046045,285,,1958,
Q1795492,,,1863,
Q138860668,,,2018,https://www.ochs.edu.om
Q7489192,,,1996,https://www.usx.edu.cn/
Q134251187,,,,https://www.esadidea.pt
Q25679946,,,1998,https://www.ume.edu.kh
Q26258517,,,,
Q109434802,,,2017,https://unaja.ac.id/
Q29018324,,,,
Q1610471,,,1965,https://hsgerlenbach.de/
Q4152027,,,1990,
Q107518931,,,1963,https://gafcscmil.edu.gh/
Q1279835,3692,,1947,
Q6156559,,,1975,
Q1235561,,,1998,https://www.uniupo.it
Q30257674,,,,
Q4819300,,,,
Q129571885,,,,https://utvt.edomex.gob.mx
Q31728821,,,2000,
Q1470431,7500,,1875,https://www.icp.fr/
Q649299,6310,,1877,https://www.regis.edu/
Q28172705,,,1992,
Q22078147,,,,
Q7589898,,,1971,
Q109912660,,,2009,https://stpsantopetruska.ac.id
Q6479236,,,1894,
Q6963688,,,1942,
Q5337885,2007,,1927,
Q7272195,1273,,1860,https://www.quincy.edu/
Q3551706,,,1992,
Q7507438,,,1946,
Q16733405,,,1981,
Q18484191,,,,
Q30287208,,,,
Q5440477,,,1966,
Q5625923,9045,,1977,
Q5591503,1191,,1830,
Q7424451,,,1956,
Q5019146,,,,
Q136663946,,,2024,https://fuahse.edu.ng
Q11458500,,,1987,https://tec.ttc.ac.jp/
Q7896809,,,1921,
Q30293903,,,,
Q7374950,,,2005,
Q74452784,26477,,2020,https://www.cyu.fr
Q6469794,25894,,1990,https://www.lautech.edu.ng/
Q30287192,,,,https://www.denverschoolofnursing.edu/
Q2368551,,,1982,
Q132803554,,,,https://www.iust.ac.in
Q482952,,,1935,
Q5211292,246,,1950,
Q6039999,,,1909,
Q413829,5000,,1929,
Q132803410,,,2005,https://www.upgop.edu.mx
Q122443422,,,,https://www.sa.infn.it/
Q4356777,,,1957,https://www.irf.se/en/
Q6475863,395,,1946,
Q1353679,43014,,1869,
Q6781349,1986,,1826,
Q1061104,3180,,1873,https://ucsf.edu
Q30289249,,,,
Q6117327,,,2009,
Q140873472,,,2005,https://www.isptundavala.ao
Q111431926,,,1998,https://gerens.pe/
Q141194964,,,,https://www.msucollege.edu.my/branches/msu-college-penang.php
Q4113303,5000,,1996,
Q10302492,,,2008,
Q135398351,,,2006,https://new.gaposa.edu.ng
Q383568,58390,,1499,https://www.uv.es/
Q136433554,,,2008,https://uds.edu.py
Q136663772,,,1992,https://www.uasb.edu.ec
Q1422903,,,1911,
Q5498829,,,1994,
Q16561696,,,2012,
Q3578264,,,1571,https://www.supmaritime.fr/
Q4331411,,,1913,https://odma.edu.ua/
Q123512488,,,2006,https://www.globalhealth.emory.edu/
Q423303,,,1906,
Q141195455,,,2012,https://www.genovasi.edu.my
Q30258157,,,2001,
Q141195473,,,1996,https://mcs.edu.my
Q5182920,1025,,2005,
Q7120648,,,1947,
Q7663251,,,2002,
Q7894397,,,,
Q30266213,,,,
Q30285962,,,,
Q3578052,,,1942,
Q97041680,,,2001,https://vsiem.ru
Q141195810,,,2003,
Q164028,324340,,1792,https://www.udg.mx/en
Q30265543,,,,
Q6939474,,,1908,
Q4947745,60,,1976,
Q25831351,399,,,
Q941731,2281,,1967,https://www.evergreen.edu/
Q7975840,,,1999,
Q13634567,3706,,1961,https://www.lsua.edu/
Q16733761,,,2005,
Q141194202,,,,
Q12523332,,,1982,https://www.unindra.ac.id
Q1267633,,,1993,
Q7270472,,,1947,https://dmmh.no
Q10854043,,,1985,
Q136663773,,,,https://www.ese.uminho.pt/pt/Investigar/Paginas/cienf.aspx
Q141194492,,,,https://www.unitar.my
Q3044628,18753,,1862,https://ul.edu.lr/
Q97041698,,,1995,
Q5520696,,,1980,
Q85845369,,,2009,
Q109922578,,,2013,
Q4315124,,,1898,
Q7597417,,,1994,https://www.stamforduniversity.edu.bd/
Q8190769,,,1933,
Q11489819,911,,1962,
Q12513061,,,1969,https://www.driyarkara.ac.id
Q30294341,,,,
Q136384237,,,2020,https://www.unitedmedicity.com/
Q17230045,,,1949,
Q7329259,9893,,1969,
Q5086625,,,2000,https://www.charusat.ac.in
Q10906664,,,1999,https://kdc.njmu.edu.cn/mainm.htm
Q52843152,,,1944,
Q1434847,,,1988,
Q2899933,,,1983,
Q30257781,,,1992,
Q604487,14151,,1918,https://taltech.ee/
Q129343486,,,,
Q133811657,,,1960,https://www.sionayurved.org
Q2822379,,,1949,
Q109919812,,,1979,https://www.amnus-bjm.ac.id/
Q109913201,,,1986,https://stkippgritrenggalek.ac.id
Q135738626,,,,https://www.unb.ca/fredericton/cs/research/casatlantic/index.html
Q137408904,,,2005,https://nietpharmacy.co.in
Q30262851,,,1956,
Q7800185,,,1906,
Q5637078,,,1981,
Q85850872,,,2020,
Q1147924,9208,,1949,https://www.u-toyama.ac.jp/
Q131294860,,,2016,https://www.gmdcbadaun.com
Q1513891,,,1985,https://www.gess.edu.sg/
Q132858669,,,,https://terdpi.uz/
Q1622191,38,,1948,
Q11453675,,,1934,https://furukk-h.myswan.ed.jp/
Q1474105,17517,,1906,https://www.wku.edu/
Q4804103,,,,
Q7082284,1337,,1909,
Q7896670,,,1993,
Q10829021,,,,
Q7107440,,,2011,
Q1071052,,,1884,
Q285836,,,,
Q938324,,,2003,
Q50321093,,,2001,
Q10302640,,,1994,
Q5284145,69,,1964,
Q4120426,,,2002,
Q30281657,,,,
Q3306469,9248,,1876,
Q141194672,,,1950,https://stamford.edu.my
Q4810736,28000,,1939,https://osuimf.com/
Q109913903,,,2000,https://stkip-andi-matappa.ac.id/
Q1813761,7917,,1881,https://www.uiw.edu/
Q11654314,,,,https://www.pit-nagano.ac.jp
Q109912678,,,,https://www.torsina.ac.id
Q5874998,159,,1960,
Q30293826,,,,
Q3213529,,,1954,https://www.upi.edu
Q134251032,,,2010,https://www.thebibleseminary.edu
Q30257258,,,2004,
Q7814016,2186,,1988,
Q30294227,,,,
Q2010483,23000,,1876,https://bsuedu.ru/en/
Q21284627,,,2015,
Q10829125,,,,
Q5658944,,,,https://www.harlow-college.ac.uk
Q135095257,,,,
Q30298979,,,2001,
Q7435613,,,2012,
Q121599473,,,2006,https://www.eqbal.ac.ir
Q85805400,,,2010,
Q30293918,,,,
Q3578196,,,1975,https://www.ensapc.fr
Q7078366,1309,,2009,
Q30253939,,,,
Q131428262,,,2021,https://summit.sorbonne-universite.fr
Q97978929,,,2006,
Q1036616,,,1914,https://ctk.de/
Q109919466,,,,https://htp://staim-probolinggo.ac.id
Q129342944,,,2023,https://alfithrah.ac.id/
Q1430954,11000,,1875,https://usj.edu.lb/
Q9727195,,,1990,https://www.ceuma.br
Q3135913,,,1949,https://www.unipune.ac.in
Q9397809,,,1919,
Q4385796,,,1939,
Q641609,,,1971,https://web.archive.org/web/20180827222647/http://heythrop.ac.uk/
Q7490673,,,1993,
Q4519367,,,1939,
Q138654923,,,2002,https://bcp.edu.ph
Q16121188,,,2012,
Q1689439,9235,,1967,https://www.uleth.ca/
Q114123649,,,,
Q6156425,,,,
Q6082304,,,,
Q30257578,,,1994,
Q10302632,,,1979,
Q1641504,50818,,1806,https://www.unipa.it/
Q16972745,,,2013,https://www.igu.ac.in
Q61931849,,,,https://www.santamarcelina.org.br/educacao/unidade_colegio.asp?id=37
Q5613717,,,1953,
Q1551183,19227,,1875,https://www.chnu.edu.ua/
Q5154687,13217,,1966,
Q19752736,,,,https://ptdisttd.ac.id/
Q12486652,,,1989,https://www.ista.ac.id
Q10832763,,,,
Q97161581,,,2020,https://opu.ac.jp
Q2523033,294,,2004,https://www.unisg.it
Q14917447,,,2021,
Q18148642,,,1998,https://www.gsanetwork.org/
Q30293612,,,2000,https://www.fjsmu.edu.cn/
Q138460719,,,2019,https://hmu.gr/en/research/university-research-and-innovation-center/
Q5547746,2950,,1906,https://gsw.edu/
Q4678070,,,2008,https://awmc.addinmedical.org/
Q890541,,,1965,
Q63091828,,,,
Q20467252,,,,
Q7110141,1704,,1886,https://obu.edu/
Q5649327,,,2001,https://huph.edu.vn/english/
Q30263997,,,,
Q5555360,,,1961,
Q7400087,,,1997,
Q10926283,,,1964,
Q12307244,,,2008,
Q414052,777,,1808,https://www.adbk.de/
Q507690,,,,
Q958886,7000,,1970,
Q84081738,,,2004,
Q7895361,,,1991,
Q138100821,,,,https://www.uni-goettingen.de/en/690135.html
Q12104644,,,1922,https://polissiauniver.edu.ua/
Q6890371,,,1989,
Q12523360,,,1992,https://www.unka.ac.id
Q7145255,,,1981,https://dev.orthodoxinstitute.org
Q27928975,,,2016,https://www.ahuuk.ac.in
Q5373859,228,,1983,
Q3629946,39896,,1973,
Q10829166,,,1976,
Q22686991,,,2009,https://www.asu.edu.om/
Q1150231,,,1949,
Q6765309,,,1842,
Q6972456,,,1984,
Q77075384,,,1985,
Q1474129,18921,,1866,https://www.towson.edu/
Q30288618,,,,
Q4824012,,,1997,
Q3547535,,,1926,https://www.mc.edu.ph/
Q107973753,36,,,https://www.spiritanuniversity.edu.ng
Q28679490,,,,
Q65080544,,,2010,
Q7163689,242,,1982,
Q12583329,,,1989,
Q114139298,,,,
Q30293864,,,,
Q5942002,,,2004,https://www.hnist.edu.cn/
Q15936618,,,1997,
Q136663851,,,,
Q1769401,1446,,1870,
Q108377241,,,1976,
Q6911609,1934,,1970,
Q4153294,5237,,1938,
Q11414644,,,1875,
Q2170997,,,1681,https://www.rcpe.ac.uk
Q1507218,9110,,1925,https://www.coloradomesa.edu/
Q2358317,,,1963,
Q12966641,,,,
Q15795762,,,2007,
Q10906639,,,1954,
Q30288703,,,2002,
Q1805085,9761,,1861,https://www.chapman.edu/
Q102047436,,,1965,
Q30288138,,,,
Q766248,,,1994,https://inter.msu.ac.th/
Q7073984,1241,,1885,
Q33121461,,,,
Q7896167,,,1903,
Q3011796,,,2012,
Q133812274,,,1991,https://www.politeknikyakpermas.ac.id
Q30294117,,,,
Q487170,,,1981,
Q5567925,950,,1965,
Q18126307,,,2011,https://www.jklu.edu.in
Q21015848,,,2015,
Q141194435,,,,https://kkpayabesar.mypolycc.edu.my
Q2053266,,,1991,
Q7895291,,,1995,
Q6963694,,,1952,
Q7587404,,,1931,
Q7896014,,,1971,https://ouhsc.edu/
Q1563580,13366,,1997,https://www.hfh-fernstudium.de
Q138655112,,,1956,https://payro.institutos.filo.uba.ar
Q6444886,,,1952,
Q117405699,,,,https://www.unini.edu.mx
Q3152280,,,1962,
Q58310020,20418,,2022,https://www.atu.ie/
Q12506042,,,2002,https://www.polteksmi.ac.id
Q3687221,,,1964,https://www.conservatoriocilea.it/
Q109911494,,,2020,
Q30287861,,,,
Q20570807,,,,
Q5613646,,,1983,https://www.gdufe.edu.cn
Q3604029,,,1972,
Q16988497,,,1978,https://www.jibc.ca/
Q5150517,,,2002,
Q140352027,,,1994,https://istm-nyankunde.org
Q109913484,,,1970,https://stfsp.ac.id
Q109913896,,,1989,https://www.stai-mifda.ac.id
Q10387872,9622,,1976,
Q5928620,7039,,1974,
Q19600089,,,,
Q5588794,,,1953,
Q1144673,730,,1822,https://ram.ac.uk
Q109913760,,,1998,https://www.ekuitas.ac.id
Q2495800,,,1851,
Q97223044,,,1971,https://www.ptiq.ac.id
Q650473,,,1931,
Q19741362,,,2021,
Q1254897,,,1928,
Q20628553,,,,
Q1520129,2600,,1832,
Q61931338,395,,1981,
Q7178629,,,1961,https://www.petra.ac.id
Q18484200,,,2003,
Q5035867,754,,1927,
Q30293594,,,,
Q136663590,,,,https://novaresearch.unl.pt/en/organisations/comprehensive-health-research-centre-chrc-p%C3%B3lo-ensp
Q109912126,,,2020,https://htpps://rajawali.ac.id
Q141194422,,,2000,https://www.imh.my
Q137795938,,,1923,https://iflh.institutos.filo.uba.ar
Q1622237,1323,,1767,
Q109912192,,,2007,https://www.stitsifabogor.ac.id
Q56390099,,,2002,https://politeknikraflesia.ac.id
Q11947366,,,2009,https://www.vsoh.cz/
Q7232604,,,1978,
Q1627814,9817,,1975,
Q12160868,,,1960,https://tntu.edu.ua/
Q6472815,,,1930,
Q140907990,,,2011,https://www.knp.edu.ph
Q7401849,1099,,1840,https://www.smwc.edu/
Q109919319,,,1993,https://www.stmik-bandung.ac.id
Q2406422,,,2006,
Q5996287,,,1977,
Q30293840,,,,
Q5272296,,,1965,https://dibru.ac.in
Q110045750,,,,https://www.imsi.bg.ac.rs/
Q129342939,,,2022,
Q77075407,,,1991,https://brost.ifj.tu-dortmund.de/
Q30293994,,,,
Q109912401,,,,https://www.poltekkes-manado.ac.id
Q6380876,,,1969,
Q3291919,,,1995,
Q7571399,84,,1948,
Q10387637,,,1968,https://www.uniceub.br
Q7960875,,,1951,
Q12185355,,,2008,
Q4465695,,,1992,
Q7896055,18872,,1963,https://upr.ac.id
Q2496176,,,1990,https://www.ubu.ac.th/
Q10302494,,,2008,
Q2017355,,,,
Q4855355,2097182,,1992,
Q19749151,,,1956,https://www.utnd.ac.id
Q137204510,,,1986,https://www.iraqiboard.edu.iq
Q30294779,,,2002,
Q4452999,,,1991,
Q30266534,,,,
Q625952,,,1994,
Q5147001,2000,,1997,https://civitas.edu.pl/
Q4887262,1731,,1870,https://benedict.edu/
Q109911419,,,2015,https://www.abkpmi.ac.id
Q5268842,,,2003,
Q30294316,,,1993,
Q15045868,,,1972,
Q120983180,,,2014,https://gip-cei.com
Q11652868,,,1966,
Q3551353,,,1894,https://ulip.london.ac.uk/
Q7983028,,,1880,
Q9380879,,,2003,
Q7813632,,,1999,https://www.osaka-tokiwakai.ac.jp/
Q17076282,,,2012,
Q40387612,230,,2017,https://code.berlin
Q4962796,,,2001,
Q5102412,,,2006,
Q12523385,,,2000,https://www.umc.ac.id
Q1378292,,,1991,https://www.sab.ac.lk/
Q15938204,,,1970,https://www.ndu.edu.pk/
Q30289287,,,,
Q50575547,,,1987,
Q963530,14000,,1967,
Q30257368,,,1992,
Q5208190,,,1981,
Q3551385,,,1991,https://www.liuc.it/
Q6802425,1094,,1923,https://mcm.edu/
Q109919317,,,2000,https://www.stimata.ac.id
Q1048851,5524,,1886,https://www.yu.edu/
Q104855369,,,2020,https://www.birtikendrajituniversity.ac.in
Q135738533,,,2002,https://www.rajendrainstitutes.com
Q52619206,,,,
Q1710482,,,1941,
Q2496174,5350,,1830,
Q16252166,,,1923,
Q137408977,,,1959,https://bkmc.tu.edu.np
Q3578092,,,,
Q4801446,,,1945,https://www.naramed-u.ac.jp/
Q5698562,,,2000,
Q6203921,,,1883,
Q7082390,,,1999,https://www.osu-tulsa.okstate.edu/
Q2822420,,,2000,https://aiac.ma/
Q22060819,694,,1968,
Q7895848,,,1978,
Q7896603,229,,1966,
Q6481593,,,1969,https://www.lambtoncollege.ca/
Q4702185,,,1983,
Q10387833,,,1970,
Q29054551,,,,
Q4262242,,,1966,
Q199948,,,1919,
Q5917848,,,1973,
Q109912600,,,2020,
Q482663,,,1946,
Q30257570,,,,
Q30299338,,,1907,
Q7896291,,,2009,
Q2212056,18000,,1956,
Q7895653,,,1962,
Q4986990,,,1912,https://www.bukkyo-u.ac.jp/
Q109911622,,,2014,https://www.uscnd.ac.id
Q5613641,,,1997,https://www.gdou.edu.cn
Q3551460,,,1996,
Q24944369,,,2006,
Q56394052,,,2014,https://unulampung.ac.id
Q7998125,,,,
Q1520668,,,2006,
Q6942807,2231,,1837,https://www.muskingum.edu/
Q55886289,,,1987,
Q632465,10695,,1910,
Q15916735,,,1979,
Q6410887,,,1946,
Q7895715,1292,,1962,
Q129342949,,,2022,
Q6465112,,,1959,
Q12523376,,,1983,https://www.uma.ac.id
Q129255622,,,2022,
Q7432386,,,1998,
Q110486799,,,2021,https://www.darshan.ac.in
Q7566901,,,1950,
Q11592568,,,1896,
Q109919281,,,2009,
Q6475778,4336,,1992,
Q135095696,,,,https://www.novasbe.unl.pt/pt/docentes-e-investigacao/unidade-de-investigacao/apresentacao
Q7692507,,,2007,
Q7291805,2548,,1962,
Q30080932,,,1996,https://www.dji.gov.ae
Q40006,,,1939,https://hanyang.ac.kr
Q264974,,,,
Q97206657,,,1988,https://stabnalanda.ac.id
Q138460659,,,1931,https://kokandsu.uz
Q5134090,1060,,1966,
Q4276748,17000,,2006,
Q137943339,,,1965,https://ihao2.institutos.filo.uba.ar/
Q7127324,,,1992,
Q129343148,,,2023,
Q7370051,,,1918,
Q7105574,,,2002,
Q18484215,,,1974,
Q25465836,,,2012,https://www.poltera.ac.id
Q153006,37908,,1948,https://www.fu-berlin.de/
Q5617079,,,,
Q2399276,7000,,1949,
Q6665223,,,1870,https://www.commonwealthu.edu/campus-life/lock-haven
Q273631,1120,,1868,https://www.ephe.psl.eu/
Q133812056,,,2002,https://utar.edu.my/Sungai-Long-Campus.php
Q5588975,,,1864,
Q4809171,,,,
Q4783001,,,2011,
Q506436,5333,,1994,https://www.uni-flensburg.de/
Q130314591,,,1986,https://www.delicias.tecnm.mx
Q30294184,,,2008,
Q6392203,,,1997,
Q141195268,,,2005,https://www.csmacademy.edu.sg
Q109912066,,,2010,https://www.staiha.ac.id
Q129342850,,,2022,https://uiidalwa.ac.id/
Q5507489,,,1964,
Q11148845,,,1979,
Q766962,,,1972,https://www.unican.es
Q8044029,,,1958,
Q178017,,,1949,
Q28410027,,,2006,https://www.wxc.edu.cn/
Q52662516,,,1986,
Q14685970,,,1993,
Q1558323,1042,,1813,
Q137655176,,,2015,
Q5138254,4105,,1965,
Q13021902,,,2012,
Q77077991,,,2007,https://www.inep-international.de
Q7413428,,,1926,
Q109919164,,,2001,
Q74500993,,,,
Q11489607,,,1974,
Q30258261,,,1915,
Q1728126,,,1959,
Q30294318,,,,
Q56399408,,,2016,https://stainmajene.ac.id
Q109913409,,,2018,
Q109913163,,,1962,https://www.stiepar.ac.id
Q15586004,,,,
Q4857336,,,1944,
Q5946839,,,2008,
Q1034602,,,1968,https://www.capilanou.ca/
Q50035338,,,2009,https://www.reumatologija.org.rs/
Q7894286,,,1970,https://www.unimet.edu.ve/
Q1391254,2102,,1993,https://www.fhdw.de/
Q84081797,,,2007,https://sahyadri.edu.in/
Q1370342,,,1918,https://eamt.ee/
Q3152284,,,1986,https://www.ifmparis.fr
Q112085389,,,,
Q128996350,,,,https://ssctu.ac.in/
Q109911838,,,2000,
Q7896783,,,2005,https://www.vpa.ac.lk/
Q72083411,,,,https://live.kokanduni.uz/uz
Q61376250,,,2007,
Q5030319,,,1998,https://cmu.ca
Q5243051,,,1979,https://www.dsce.edu.in
Q109912250,,,,https://www.sttkn.ac.id
Q5613743,,,,https://www.gzsport.edu.cn/
Q174710,46000,,1919,https://ucla.edu
Q30265690,,,1994,
Q13119288,,,2004,
Q7688746,,,,
Q17069523,,,2007,
Q126208809,,,1974,https://normalzumpango.edomex.gob.mx
Q9380725,8156,,1995,https://wsb.edu.pl/en
Q138844585,,,1991,https://shu.edu.mn
Q7843865,,,2006,
Q8042268,,,1949,
Q5917962,,,,
Q5304402,,,2002,https://www.smcsimch.ac.in/
Q52843127,,,1958,
Q141195182,,,2016,https://www.ntu.edu.sg/arise/home
Q5491423,,,,
Q5463783,2966,,2000,
Q7646283,,,1998,https://snsu.edu.ph/
Q5588754,,,1919,
Q3504848,,,,
Q3577690,,,1973,https://ept.sn/
Q6020659,,,1965,
Q12523331,,,1956,https://www.uic.ac.id
Q18648581,,,2010,
Q9380721,,,1996,
Q6843477,2980,,1900,https://www.midwestern.edu/
Q6083049,,,1998,
Q6023582,,,1971,https://www.iue.edu/
Q4617521,,,1961,
Q10279676,,,,
Q3551796,,,1991,
Q48732096,,,2011,https://www.mgu.edu.in
Q43895366,,,2010,https://cims.edu/
Q109912010,,,2008,https://www.stipram.ac.id
Q572430,38930,,1993,
Q7162922,,,1961,
Q30260381,,,2010,https://fukashere.edu.ng
Q140876132,,,1999,https://itstb.edu.mx
Q7244004,130814,,1899,https://www.pgcps.org/
Q22100490,,,1913,https://www.cdtu.edu.cn/
Q5556466,,,1981,
Q30257534,,,,https://mgafk.ru/
Q1047745,,,1949,
Q108336800,,,1978,https://fcekg.edu.ng/
Q25586181,,,2012,
Q7490591,41,,1970,
Q1517021,25000,,1911,https://www.uwa.edu.au/
Q8065731,,,1905,https://zppsu.edu.ph
Q7969667,,,1973,
Q30266460,,,,
Q18378066,,,1974,
Q779549,,,1925,https://www.unistrapg.it
Q11558937,,,1961,https://www.jmets.ac.jp/kaidai/
Q6054169,,,1993,
Q30294325,,,,
Q317156,586,,2003,
Q2631070,18084,,1991,https://www.rsuh.ru/
Q136663848,,,2011,https://cmcu.edu.vn
Q30294548,,,2003,
Q132803375,,,1946,https://www.nmc.normi.edu.ph
Q30293922,,,,
Q457281,83119,,1867,https://illinois.edu
Q4841885,,,1993,
Q1517401,4000,,1918,
Q30293604,,,,
Q6465150,,,1964,https://www.lasalle.edu.co
Q30266514,,,,
Q6958616,,,1998,
Q4298331,,,1931,
Q1097810,17000,,1946,
Q11646631,5037,,1889,https://www.kinjo-u.ac.jp/eng/
Q30266581,,,,
Q141195514,,,1994,https://www.kaplan.com.sg
Q5929941,,,1891,
Q6355335,,,1943,
Q129343699,,,2020,https://pmb.umbanten.ac.id/
Q60847633,,,,https://unitaldili.wordpress.com/
Q2322256,,,1946,https://www.ufpe.br/
Q133812107,,,,https://www.phsg.ch/de/institute/institut-sprachliche-und-literarische-bildung
Q4456097,13959,,1966,https://wunu.edu.ua
Q557597,20000,,1970,https://www.udsm.ac.tz
Q3551693,,,1993,
Q48936609,,,2017,https://www.shpc.edu.cn
Q7894284,,,1966,
Q42430222,,,1957,
Q61376233,,,1994,
Q141194114,,,1993,https://bmelaka.kpm.edu.my
Q7885779,809,,1964,https://myunion.edu
Q1041978,,,1941,
Q6984498,,,1997,https://www.nptcgroup.ac.uk/en/
Q1810947,,,1973,
Q5028213,12771,,1906,https://www.campbellsville.edu/
Q2518381,,,1987,https://hz.nl/en
Q7162392,,,,
Q30293854,,,1997,
Q77077175,,,1983,https://permakultur.de
Q7622156,,,2002,https://strathmore.edu/
Q39997,24351,,1905,
Q1631204,,,1991,
Q3578071,,,,
Q30294364,,,,
Q4999226,7316,,1966,https://rcbc.edu/
Q3010010,,,1967,https://www.cegep-ste-foy.qc.ca
Q30267711,,,,
Q128123118,,,,https://jsb.jaipuria.edu.in
Q135095705,,,2020,
Q5171563,,,1925,
Q3046576,699,,1900,
Q4810943,3390,,1978,
Q232141,,,1842,https://uchile.cl/
Q71525039,,,1972,https://akademiakuntansi.unespadang.ac.id/
Q3874711,,,1951,https://www.msue.edu.mn/
Q15637496,,,2014,
Q1203121,3421,,2002,https://www.dhfpg.de/
Q15942821,,,1994,https://www.jhc.edu.cn/
Q25455357,,,2000,https://www.stiewijayamulya.ac.id
Q6837785,,,1998,
Q7373726,,,1938,https://www.racp.edu.au/
Q29055074,,,,
Q100956257,,,,
Q30293910,,,,
Q65047697,,,2012,https://chsu.edu/
Q97705035,,,2020,
Q292489,9872,,1991,
Q93965662,,,1996,
Q6383789,,,1990,
Q29788112,,,,
Q7895474,,,1867,
Q20746231,,,2007,https://www.tasuba.ac.tz/
Q16697367,,,1975,
Q109912089,,,,https://www.stmikdharmapalariau.ac.id
Q3551597,,,1992,
Q4696586,,,1947,https://www.aichi-pu.ac.jp/
Q10274563,,,,
Q11815229,,,2005,
Q556098,12835,,1906,
Q109912127,,,2007,https://www.isif.ac.id
Q137435511,,,,
Q129343756,,,2022,
Q28405158,288,,2013,
Q7695633,,,2006,
Q30293868,,,,
Q7541224,,,2003,
Q108737426,,,,https://www.universalacademy.com/
Q332498,36461,,1875,https://www.byu.edu/
Q90108805,,,1904,https://www.buenosaires.gob.ar/hospitaltornu
Q600107,1368,,2000,https://www.sgu.ac.id
Q134251194,,,,https://restart.pt
Q503415,41271,,1856,https://umd.edu
Q10279543,,,1969,
Q6041601,,,1972,https://www.intec.edu.do
Q109911700,,,2017,
Q5615798,,,1939,
Q28402932,,,1891,
Q11815231,,,2001,
Q7129540,,,1989,
Q30266541,,,1994,
Q2740474,,,1959,
Q2393562,,,1999,
Q7413580,,,1677,
Q7755797,,,1992,
Q3551765,,,1998,
Q71524767,,,1984,https://stiaadabiah.ac.id
Q3578390,,,2003,
Q3918518,,,1980,
Q284992,16136,,1971,
Q4981651,3848,,1865,
Q17005792,,,1992,
Q8191728,,,1918,
Q849950,,,1830,
Q3521821,,,1964,https://www.nitt.edu
Q43398922,,,2017,https://unuja.ac.id
Q5202363,,,1994,https://www.upc.edu.pe/
Q29052660,,,,
Q5623660,,,1976,
Q124917493,,,,https://citystgeorges.ac.uk
Q179036,6700,,1887,https://www.catholic.edu/
Q5068125,,,1979,https://www.cbit.ac.in/
Q39046336,,,2014,https://www.skltshu.ac.in
Q2652597,1500,,1876,
Q3578391,,,,https://www.esa-n.info
Q7896691,,,1963,
Q4304076,25000,,1960,
Q30265551,,,1955,https://upach-eca.edu.mx/
Q141194413,,,,https://www.kolejtravex.edu.my
Q97041896,,,2013,https://maaun.edu.ne/
Q30294345,,,1972,https://iiayaounde.com
Q7499503,,,1887,
Q360548,,,,https://www.abi.med.uni-muenchen.de
Q13027236,,,1975,
Q7130666,,,1964,
Q2139672,,,1988,https://www.rotterdamuas.com/
Q6156698,,,1998,
Q12204426,,,2007,https://www.deltauniv.edu.eg
Q30294306,,,2002,https://www.ucaobenin.org/
Q1521340,,,2006,
Q123207573,,,2023,https://www.purdue.edu/campuses/indianapolis
Q11377872,,,2009,
Q16320336,82,,2014,
Q19521631,,,1994,
Q3271898,,,1991,
Q6674566,,,1958,
Q109912231,,,,https://sttbaptisbandung.ac.id
Q2306371,,,,
Q131294854,,,2022,https://toplicka.edu.rs
Q7058061,1465,,1967,
Q140046103,,,,https://www.dal.ca/faculty/management/crssca.html
Q38251930,,,2012,https://www.pqi.org/
Q1349150,10000,,1942,https://www.num.edu.mn
Q3551371,,,2007,
Q1531782,,,1865,
Q7850363,,,1963,https://www.tsuyama-ct.ac.jp/
Q6052724,,,1987,
Q10870432,,,1903,
Q30294408,,,,
Q54409652,,,,
Q7494379,,,,
Q97040066,,,1988,https://www.hial.edu.in/
Q136663631,,,,https://ciencia.ucp.pt/pt/organisations/centro-de-estudos-de-gest%C3%A3o-e-economia-aplicada
Q30263635,,,2006,
Q22031848,,,1999,
Q115922968,,,1969,https://e-supptic.cm/
Q108673567,,,2020,https://www.dseu.ac.in
Q6478951,,,1916,
Q6429262,,,1994,
Q7895471,,,1976,https://www.udg.co.cu
Q10882234,,,1985,https://www.wyu.edu.cn
Q109912808,,,2014,https://www.alkhoziny.ac.id
Q3182956,14945,,2005,https://www.canterbury.ac.uk
Q15402042,,,1976,
Q11525642,958,,1905,
Q185246,,,1477,https://www.uu.se
Q30294209,,,1990,
Q7498066,6130,,1871,https://www.ship.edu/
Q7365465,,,,
Q6407000,,,2007,
Q7413736,,,1959,https://imperialvalley.sdsu.edu/
Q30294510,,,1983,https://www.uniska-kediri.ac.id
Q6973651,,,2012,
Q3551504,,,1992,https://www.tyg.jp/
Q12523378,,,2008,https://www.mercubuana-yogya.ac.id
Q141194478,,,,https://peninsulacollege.edu.my
Q17089570,,,,
Q677993,420000,,1873,https://www.unisa.ac.za/
Q12523471,,,1987,https://www.unitaspalembang.ac.id
Q4153929,,,1991,https://dgunh.ru/
Q6389707,1878,,1935,
Q9380846,,,2002,
Q1470544,4857,,1898,https://www.frostburg.edu/
Q7896280,,,1992,
Q5116093,,,2005,https://www.cgi.ac.th/
Q61931778,,,1997,
Q12523293,,,1980,https://www.uajm.ac.id
Q6411128,,,1979,
Q30262773,,,1902,
Q2096395,,,1997,
Q6821077,,,1946,
Q1391225,775,,1953,
Q9366787,,,1984,https://utea.edu.pe/
Q6156693,,,2000,
Q4571902,2605,,1742,https://www.moravian.edu/
Q3443159,2375,,1998,
Q100956202,,,,https://www.izehiau.ac.ir/
Q2120191,,,1996,https://hepfr.ch/
Q109913391,,,2007,https://www.akafarmaponorogo.ac.id
Q4899792,,,1907,
Q171249,11000,,1930,https://khai.edu/
Q7504607,,,2008,
Q4481691,,,2004,https://fstec.ru/en
Q3400501,,,2008,
Q4571885,2961,,1942,
Q30930115,,,,
Q85093638,,,2016,
Q20647462,,,2015,
Q482765,,,1972,
Q61113783,,,,
Q96019121,,,2019,https://www.bhaikakauniv.edu.in
Q4513533,,,1960,https://stu.cn.ua/
Q2006936,,,2004,https://www.sdau.edu.in
Q2945074,,,1949,
Q6156723,,,,
Q11447553,,,1893,
Q2601879,12100,,1997,https://www.maynoothuniversity.ie
Q5687437,,,1965,
Q1187433,,,2003,https://www.kaiyodai.ac.jp/
Q138860541,,,1967,https://ceve.org.ar
Q5854907,,,,
Q46996976,,,1947,
Q5624011,,,2000,https://www.gyanvihar.org
Q30285746,,,,
Q30295968,,,2001,
Q4811978,,,2012,
Q138655091,,,1963,https://www.ticd.ac.tz
Q7047596,,,2001,
Q30257680,,,1991,
Q12061082,2420,,1967,
Q109919139,,,2019,https://www.uimedan.ac.id
Q133812283,,,,https://www.phsg.ch/de/institut-digitale-und-informatische-bildung
Q99747384,,,1999,https://www.esepleberger.edu.bj/
Q9360262,,,2003,https://kj.edu.pl/
Q5030666,,,2000,
Q12506037,,,1984,https://www.politanikoe.ac.id
Q1472358,47090,,1927,https://www.uh.edu/
Q12101145,,,1995,
Q16093043,,,1954,
Q499911,,,1404,https://www.unito.it
Q16644465,,,2013,https://www.uneatlantico.es/
Q83582486,,,2018,
Q6801562,7814,,1967,
Q109911161,,,2005,
Q23043421,,,,
Q6374846,,,,
Q6039976,,,1995,
Q4709336,566,,1851,https://www.albanylaw.edu/
Q6862317,,,1997,
Q109921404,,,2008,https://www.stahds.ac.id
Q33122098,,,1936,
Q7826275,,,1927,
Q129343303,,,2022,
Q134250880,,,,https://alm-madeira.com
Q4802088,,,1993,
Q141195390,,,2004,https://balikpulau.kktm.edu.my
Q5248521,,,2006,
Q9091538,,,1972,
Q39058892,,,2015,
Q1622105,3269,,1991,https://www.hs-harz.de/
Q30257703,,,1994,
Q129582274,,,2002,https://ogharapoly.edu.ng/
Q30268074,,,2005,
Q1017700,,,1959,https://www.andrew.ac.jp
Q1064071,4300,,2003,
Q17027315,,,2013,
Q6156591,13853,,2007,https://www.unrn.edu.ar/
Q6973715,,,1963,
Q7421098,,,1969,
Q10660877,,,1938,https://www.samernas.se/
Q21481190,,,1945,
Q108737620,,,2019,https://www.paediatricvirology.org/
Q11474774,,,,
Q109913488,,,2009,https://stmikprofesional.ac.id
Q6468735,,,,
Q138655131,,,2005,https://www.senacrs.com.br/unisenac/
Q3523254,,,1972,
Q483317,,,1946,
Q138460421,,,2024,https://politeknikassalaam.ac.id
Q746079,,,1962,https://ucc.edu.gh/
Q97228827,,,1937,https://www.ftidi.hr/
Q6048168,,,2006,
Q109919135,,,2008,https://stai-br.ac.id
Q6860022,712,,1890,
Q99403081,,,1989,https://mhmc.org.in/
Q138937105,,,,
Q5613699,,,1952,https://www.gxmzu.edu.cn/
Q4689062,,,,
Q1057707,859,,1984,
Q17066372,18224,,1935,
Q30294233,,,,
Q7373981,,,1916,
Q11815251,,,1998,
Q1149176,10915,,1580,
Q3577671,,,,
Q5947836,,,1981,
Q10894785,,,1952,
Q49204,2496,,1871,https://www.smith.edu/
Q30262922,,,,https://www.giansagar.org/dental/
Q30271512,,,2013,
Q30285864,,,,
Q2299327,43,,1968,
Q4348556,,,1985,
Q109912572,,,2009,
Q30294139,,,,
Q30287079,,,,
Q841775,,,1969,
Q1528177,,,1833,https://www.ken.ch/
Q5621715,,,1994,
Q137408895,,,2018,https://iu-babil.edu.iq
Q139771243,,,2004,https://www.cemastea.ac.ke
Q22099191,,,1991,
Q7087996,1023,,1844,https://www.uolivet.edu/
Q98080878,,,2017,
Q48725672,,,1970,
Q14957112,,,1950,
Q24254508,,,2016,
Q101374257,,,,
Q2001231,11447,,1884,
Q7395882,6000,,1999,
Q135739005,,,2017,https://zs.rzepin.org
Q1486475,,,1860,
Q64143337,,,1901,
Q681372,,,1995,https://www.kalaidos-fh.ch
Q12204547,,,1978,https://nauss.edu.sa/
Q1054064,11174,,1891,https://www.cwu.edu/
Q109911827,,,2014,https://www.stmi.ac.id
Q141194565,,,,https://kvmuar.moe.edu.my
Q12235867,,,,
Q7677292,,,1906,
Q1510657,,,1994,https://www.ubu.es
Q136663479,,,,https://cejeia.ulusiada.pt
Q30257695,,,1997,
Q2503794,,,1992,
Q1781394,28669,,1961,https://www.utdallas.edu/
Q677503,,,1951,
Q4672430,,,1981,
Q18042581,,,2004,https://www.newton.university/
Q6819301,3003,,1937,
Q13098258,,,1964,https://unej.ac.id
Q7814020,,,2000,
Q67180013,,,,https://www.sttni.ac.id
Q106411921,,,1982,
Q39089768,,,1989,
Q7896272,7419,,1955,https://www.ustjogja.ac.id
Q52843669,,,,
Q30263637,,,1995,
Q3009996,,,1968,
Q7082373,,,1941,https://www.okhighered.org/
Q3551772,11989,,1868,https://www.uww.edu/
Q30286711,,,,
Q141195352,,,2003,
Q30294420,,,,
Q170288,,,1969,
Q5248851,,,1821,https://www.dcpune.ac.in/
Q19731022,,,2004,https://www.poltekkesdepkes-sby.ac.id
Q1472347,11366,,1869,https://siu.edu/
Q3107095,,,1918,
Q7895150,,,1943,
Q96379759,,,,
Q24906362,,,2015,https://www.jisuniversity.ac.in
Q30257607,,,1996,
Q107518452,,,1973,https://www.giu-edu.us/
Q124115637,,,,https://bbsutsd.edu.pk
Q54817808,,,2020,https://kmms.ac.uk/
Q39046591,,,1972,
Q6024960,,,1983,
Q1473615,35000,,1910,https://www.kent.edu
Q29167101,,,,
Q3511498,29255,,1962,
Q12523401,,,2008,https://www.umri.ac.id
Q6156664,,,1989,
Q7569503,1792,,2009,
Q12962895,,,,https://dll.edu.ph
Q6960267,,,1967,
Q7894367,,,2001,
Q49116,6761,,1769,https://home.dartmouth.edu
Q6979932,,,1968,
Q87991217,,,2009,https://www.gcsmc.org
Q6972112,,,,
Q5682829,,,1968,
Q6973819,715,,1962,https://ni-u.edu/
Q3521052,,,1926,https://www.andhrauniversity.edu.in
Q5711227,,,1986,https://www.ngu.ac.in/
Q30294170,,,,
Q3551652,,,1993,
Q30293779,,,,
Q1194650,,,1961,
Q7568723,,,2009,https://sustech.edu.cn
Q175777,,,1954,
Q1799872,19678,,1923,https://www.rowan.edu/
Q136663745,,,1946,https://insbakta.org.ua
Q105626460,,,2003,https://www.plm.ac.id
Q124412825,2792,,2024,https://uttop.fr
Q30263359,,,1996,
Q3443493,1283,,1865,https://www.shawu.edu/
Q7856648,10249,,,
Q141195665,,,1989,https://www.pckpb.ac.th
Q1321046,2012,,1848,https://www.rhodes.edu/
Q30312588,,,2017,https://www.ostimteknik.edu.tr/
Q6884194,,,1881,
Q8026034,5169,,1867,https://www.wssu.edu/
Q7286433,,,1964,https://www.ruet.ac.bd/
Q15088248,,,1994,
Q57517262,,,2017,https://www.gurugramuniversity.ac.in
Q68170994,,,1978,https://khawarizmi.edu.jo/language/ar/%d8%a7%d9%84%d8%b1%d8%a6%d9%8a%d8%b3%d9%8a%d8%a9/
Q1916598,,,1974,
Q16655653,,,1987,
Q17997528,,,1983,https://www.upatma.ac.id
Q548694,,,1967,https://www.fgs.org.tw/
Q4059263,,,1992,
Q140868355,,,2009,https://umb.edomex.gob.mx
Q1202897,,,1975,https://www.dcu.ie/
Q1725075,6345,,1859,
Q30260814,,,1983,
Q338481,,,1870,https://abaroma.it/
Q141193697,,,2004,
Q2281564,,,1995,
Q135095433,,,,
Q8028571,1884,,1845,
Q13018828,,,,
Q109911596,,,2018,https://www.stmikkomputama.ac.id
Q30293655,,,,
Q43895307,,,,
Q3578123,,,1972,https://www.enim.ac.ma/
Q52857449,,,1985,https://www.kset.or.kr/
Q65291211,,,2019,https://sutoku-u.ac.jp/
Q12506041,,,2001,https://www.polsa.ac.id
Q12555808,,,,
Q4315123,,,1928,https://nuczu.edu.ua
Q28458460,,,,https://abdocollege.org.uk
Q4506012,,,1993,
Q14716404,40036,,1968,https://egcc.edu/
Q968559,13615,,1883,
Q5019139,3845,,1964,
Q7813915,,,1925,
Q18484163,,,,
Q51531563,,,1904,
Q4897734,576,,1840,https://www.bethanywv.edu/
Q12972272,,,1981,
Q3775604,,,1789,https://acad-ciencias.pt
Q1191166,3500,,1974,https://uohyd.ac.in
Q52162244,,,2018,https://tinaztepe.edu.tr
Q4579140,618,,1945,https://aho.no/
Q5518527,,,1999,https://galgotiacollege.edu/
Q860147,,,1940,
Q30294533,,,2007,https://www.utsmakassar.ac.id
Q109913242,,,2014,https://www.ukmc.ac.id
Q109434040,,,2014,
Q19612419,,,2013,
Q4115998,,,2006,
Q109919364,,,2000,https://www.stie-ibek.ac.id
Q1950740,780,,1963,https://www.icahn.mssm.edu
Q16924579,,,1952,https://www.hbfu.edu.cn
Q64143326,,,1987,
Q5771279,,,1898,
Q109176,3162,,1874,
Q6776789,220,,1977,https://www.martin.edu/
Q1528530,,,1991,
Q30294029,,,,https://www.uwiener.edu.pe
Q10387846,,,1972,
Q30288955,,,,
Q5522202,1868,,1919,https://www.gcccks.edu/
Q9268733,,,2005,
Q30288105,,,,
Q67897548,,,2006,
Q30294349,,,,
Q4689946,,,2002,https://www.aucc.edu.gh/
Q18124487,,,2013,https://www.davuniversity.org
Q13183198,,,1954,
Q5641515,,,1999,https://www.halesowen.ac.uk/
Q136225104,,,1982,https://imst.edu.ly/
Q7895397,,,1919,
Q6964469,,,1992,
Q135095241,,,,https://ipca.pt/ipca/unidades/g3e
Q7973360,,,,
Q29177887,,,,
Q2262236,,,1834,
Q109912075,,,2000,
Q11815246,,,2001,
Q624959,26054,,1906,
Q4408456,,,1913,https://www.vavilovsar.ru
Q4651463,,,1994,
Q6452155,,,1989,
Q11065261,9210,,1965,https://www.ctu.edu.tw/index.php?Lang=en
Q724027,,,2000,
Q20629650,,,1996,
Q125497838,,,2021,
Q3083225,,,1954,
Q12204401,,,1993,
Q30261803,,,1964,
Q141195401,,,2011,https://assas-international.com
Q6652842,,,1949,
Q30299388,,,,
Q102317098,,,1991,https://ut.sd/
Q30266693,,,,
Q30253873,,,,
Q7398940,,,1992,
Q105626563,,,2019,
Q30293748,,,,
Q2044489,,,1955,https://www.unima.ac.id
Q30257634,,,,
Q141194445,,,2007,https://ibf.iuh.edu.vn
Q109912827,,,2017,https://stit-alhikmahwk.ac.id
Q30268150,,,,
Q17211347,,,1948,https://myg-shikaku.myswan.ed.jp/
Q7983892,917,,1873,
Q6744514,1463,,1892,https://www.malone.edu/
Q5738742,110,,1971,https://www.hcu.edu/
Q30294356,,,,
Q462723,,,2004,https://unob.cz
Q27832147,2740,,2014,https://www.unraf.edu.ar/
Q6786072,,,,https://www.matsuk12.us/
Q343987,1153,,1975,
Q829449,21677,,1423,https://umlp.fr/
Q47462473,,,1904,
Q15963289,,,1933,
Q109912490,,,2015,https://iaiibrahimy.ac.id
Q21574122,,,2012,
Q6784362,805,,1974,
Q30263728,,,2009,
Q125761896,,,2019,https://www.ttvc.ac.ke
Q5422087,,,2010,
Q16989127,,,2006,https://www.duchy.ac.uk/
Q3152650,6775,,1958,https://www.fit.edu/
Q1937387,14761,,1868,https://www.mnsu.edu/
Q10829047,,,2007,
Q4304107,4500,,1900,
Q4696597,,,2001,
Q136663861,,,,https://www.umr-beep.fr
Q49166,2198,,1793,https://www.williams.edu/
Q131294868,,,1998,https://www.uth.edu.mx
Q30257569,,,,
Q6028455,,,2010,https://www.ytb.gov.tr/
Q2495665,,,2001,
Q20014248,,,2024,https://cun.edu.co/
Q30263799,,,1947,
Q91092042,,,1998,
Q7681277,,,2012,https://www.tnjfu.ac.in
Q5071741,,,,https://www.jlufe.edu.cn/
Q29183581,,,,
Q716822,,,1958,https://www.gdut.edu.cn
Q7548203,,,1888,
Q5019886,,,1957,
Q83513418,,,,
Q7707344,,,1927,
Q140907764,,,2011,https://www.logos-centar.com
Q7178025,,,1946,
Q2983593,12199,,1965,
Q6884705,,,2001,
Q11501942,,,1962,
Q87989446,,,,https://stkipdamsel.ac.id
Q130314515,,,1998,https://www.ute.edu.mx
Q756890,,,1907,https://www.iec.cat/
Q6496489,,,1991,
Q484230,,,1960,
Q16188595,,,2014,https://iain-manado.ac.id
Q30253468,,,,
Q6374573,2785,,1940,
Q2646956,4353,,1971,https://www.ash-berlin.eu/
Q6898852,,,1956,
Q30294774,,,2008,https://www.uniera.ac.id
Q6974034,,,2009,https://www.nluassam.ac.in
Q133811202,,,1983,https://ite.svpm.org.in
Q30293717,,,,
Q11367288,,,1938,
Q127950085,,,2024,https://universidadeuropea.com/conocenos/andalucia/
Q11503082,,,2004,
Q7283820,,,1986,
Q130537736,,,2019,https://enberuniversity.com
Q844581,,,1992,
Q30293759,,,,
Q7054763,2729,,1961,
Q141195045,,,,
Q1537759,17007,,1870,https://www.luc.edu/
Q123207557,,,2018,https://bilawalmedicalcollege.edu.pk
Q141195167,,,1977,https://wit.edu.my
Q12166925,,,1930,https://khdafk.kh.ua/
Q83837104,,,2020,https://shmu.ac.bd/
Q3551848,,,1996,
Q61931548,,,1999,
Q4750556,107,,1894,https://ambs.edu
Q595668,13000,,1927,https://www.tilburguniversity.edu/
Q109911594,,,2021,
Q134251264,,,,https://faust.pt
Q50038458,,,1992,https://www.doepfer-regensburg.de/
Q5941610,,,1989,
Q30293836,,,,
Q1558147,,,1834,https://www.gymkirchenfeld.ch
Q17510024,,,2009,
Q982435,10586,,1971,
Q7493371,,,,
Q5937268,,,1949,
Q4370820,,,1968,
Q12018676,,,2005,
Q2410844,,,1987,
Q33121448,,,,
Q109912346,,,2014,
Q6940182,,,1924,
Q1528756,22329,,1947,
Q18374505,,,2011,https://www.europeia.pt/
Q30287078,,,,
Q5304343,,,2006,
Q7306031,1917,,1938,
Q6476553,3862,,1966,
Q603034,23589,,1891,https://drexel.edu/
Q7659771,,,1913,
Q7649419,2190,,1981,https://sussex.edu/
Q16959531,,,2005,
Q136696705,,,2006,https://www.essec.edu/asia
Q29049248,,,,
Q5208233,,,1992,
Q7429134,785,,1971,
Q3306049,,,1970,
Q2120213,,,2003,https://www.phtg.ch/
Q12613460,,,1995,https://www.iccu.ac.kr/default.php
Q138655129,,,1943,https://ihe.institutos.filo.uba.ar
Q30299346,,,,
Q5041723,2413,,1966,
Q12204415,,,,
Q9380711,,,1996,https://mans.edu.pl/
Q4304082,,,1922,
Q16644532,,,,
Q141195083,,,,
Q1057447,4468,,1905,
Q129342960,,,2023,
Q5146785,,,1891,
Q6753029,,,1975,
Q130314531,,,1995,https://www.lerdo.tecnm.mx
Q140907837,,,,https://kskcollegebeed.com
Q1798612,9006,,1833,
Q7587975,,,1999,https://www.sfit.ac.in/
Q15036625,,,2013,https://karu.ac.ke/
Q10829127,,,,
Q1622158,,,1940,
Q30286785,,,,https://collegetrack.org/
Q17098364,,,2003,
Q74433810,,,1958,https://www.sthb.ac.id
Q30257315,,,,
Q7105572,,,1997,
Q30253870,,,,
Q6825309,,,1993,
Q4802788,,,1999,
Q4397991,20000,,1970,
Q6810561,,,1991,
Q7727027,607,,2008,
Q4972337,,,1977,
Q3514601,,,2002,
Q7894365,,,1970,
Q3298337,2389,,1860,
Q10279594,,,2004,
Q109919576,,,2020,
Q30265565,,,2001,
Q18009992,10200,,1994,
Q109912296,,,2019,
Q1060,7223,,1978,https://www.tuhh.de/
Q20646619,,,1958,
Q30294477,,,,
Q109346613,,,,
Q7585817,,,,
Q4894781,2272,,1902,
Q6464919,,,1963,https://www.laroche.edu/
Q30289112,,,,
Q4712802,,,1955,
Q129343392,,,2023,
Q30299431,,,,
Q30288254,,,,
Q2983614,,,1967,
Q11044319,,,1949,
Q4178633,,,,
Q7058332,4715,,1961,
Q30268461,,,,
Q7498336,,,2004,
Q45135502,,,,
Q56415701,,,2014,https://www.polindra.ac.id
Q12701157,,,,
Q10279623,,,,https://fatecsaocaetano.edu.br
Q43337,,,1933,
Q12523486,,,1990,https://www.unwim.ac.id
Q7492906,,,1994,
Q859258,,,1967,
Q140351514,,,1991,https://universidadstratford.edu.mx
Q7847197,10249,,1971,
Q11119894,,,2001,
Q28221720,,,2016,
Q30264930,,,1999,
Q6175439,,,1950,https://jeffcopublicschools.org
Q1187626,,,2003,
Q6382897,3210,,1909,
Q50040035,,,2006,
Q109919808,,,2006,https://www.stikstellamarismks.ac.id
Q48728810,,,2016,
Q85812283,,,2019,https://uol.ac.in
Q5207513,1075,,1962,
Q135095312,,,2022,https://abmu.edu.ge
Q2500242,,,1948,
Q837969,,,1951,
Q1275933,,,2000,
Q11947204,,,1999,
Q10279633,,,2000,
Q55716179,,,,
Q5126855,1334,,1898,
Q1074103,,,1958,https://ustc.edu.cn
Q55456518,,,2018,https://www.pfw.edu
Q6391348,68,,1818,
Q11691326,,,1984,
Q135738923,,,1974,https://ufpso.edu.co
Q12711778,,,,
Q136663421,,,2024,https://www.uni.lu/lcses-en/
Q83513309,,,1994,
Q30293787,,,,
Q25403354,,,1934,https://irsau.ru/
Q7365460,,,,https://www.mara.gov.my/kolej-profesional-mara
Q3459863,,,,
Q5146894,,,1997,
Q3276104,,,1966,https://mkuniversity.ac.in
Q1002806,,,1947,
Q1106363,,,2010,
Q30271402,,,1996,
Q28035081,,,2015,
Q16306342,,,,
Q658984,,,1913,
Q5147280,,,,
Q5608974,,,1909,
Q97228165,,,2019,https://amikompurwokerto.ac.id
Q7893602,412,,1871,https://united.edu
Q4855356,,,1976,
Q5975425,,,2009,
Q4617571,,,1966,
Q29126487,,,,
Q5591004,1052,,1945,
Q3152162,,,1988,https://hem.lcieducation.com/fr
Q109919159,,,2022,https://www.darunnajah.ac.id/
Q130537842,,,1995,https://www.itleoniano.it
Q107477952,,,1974,https://www.fceokene.edu.ng
Q5641271,,,1988,
Q4497356,7586,,1917,https://www.kspu.edu/
Q12690292,,,,
Q6973739,,,2010,
Q30259046,,,1976,
Q5208224,,,1977,
Q4752135,,,1886,https://anatolia.edu.gr/
Q116052700,,,1984,https://nitt.gov.ng/about-us/
Q99285002,,,,
Q140908292,,,1995,https://stit-alquraniyah.ac.id
Q12511268,,,2016,https://www.metrouniv.ac.id
Q1156637,5402,,1876,https://www.iwate-u.ac.jp/
Q806116,,,1916,
Q96381705,,,2010,https://ictuniversity.org/
Q16353838,,,,
Q16330086,,,,
Q30260376,,,1996,
Q30263589,,,1889,
Q6483113,2038,,1933,https://www.lbc.edu
Q30266312,,,1949,
Q4297700,,,1820,
Q5279909,,,1934,
Q30263401,,,,
Q30287057,,,,
Q10274589,,,1905,
Q8002458,2435,,1964,
Q6975176,,,1994,https://www.mta.ac.il
Q109911740,,,1998,https://www.akfarbhumihusada.ac.id
Q108270312,,,,https://www.tplondon.com/
Q7180855,,,2006,https://www.pua.edu.eg/
Q1853678,,,1991,
Q87194060,,,2011,
Q4959748,,,1884,https://www.brearley.org/
Q4704691,,,2005,
Q3578396,,,,
Q159106,,,1934,
Q4064197,,,1932,https://gi.org/
Q1191132,15959,,1939,https://cn.nagoya-u.ac.jp
Q4780841,180,,2003,
Q6979284,83007,,1914,https://www.unt.edu.ar/
Q30294205,,,,
Q192537,,,1977,
Q100523631,,,2017,
Q11608853,3659,,1966,
Q140907851,,,2022,https://ciroh.ua.edu
Q9380857,,,1997,
Q52856560,,,2004,
Q17032384,,,2000,https://www.ntit.edu.cn/
Q30280818,,,2006,
Q1797768,1871,,1824,https://www.kenyon.edu/
Q7851176,47000,,1867,https://central.tusd1.org/
Q90096209,,,1968,
Q2495711,,,1955,
Q30293703,,,,
Q30266511,,,2012,
Q2065666,,,1986,https://www.arts.ac.uk/
Q30257919,,,,
Q3551453,,,1989,
Q141194826,,,2009,https://adtectaiping.gov.my
Q65090067,,,2015,https://bcu.ac.in
Q7058747,,,1912,https://www.melbournepolytechnic.edu.au/
Q3551817,,,1997,
Q136663934,,,2024,https://www.uni.lu/lcel-en/
Q519349,12860,,1957,https://www.siue.edu/
Q11468511,591,,1921,
Q2856101,,,2005,
Q141195338,,,1974,https://rbac.edu.la
Q1341318,,,1919,
Q6940159,,,1922,https://www.musashi.ed.jp/
Q6733485,,,1997,
Q5447173,1071,,1974,
Q3551770,,,1902,https://www.seu.edu.cn/
Q3625669,,,2008,
Q1494353,35985,,1954,https://unair.ac.id
Q2495679,,,1854,https://chapingo.mx/
Q12601245,,,,
Q136663533,,,2023,https://mvu.edu.in
Q4671449,,,1996,https://www.wse.edu.pl/
Q50662,43461,,1914,https://www.goethe-university-frankfurt.de/
Q170027,45500,,1836,https://www.london.ac.uk/
Q110057126,,,,
Q22101558,,,,
Q20992045,,,,
Q4738072,5737,,1948,
Q124634919,,,2021,https://itesa.ac.id
Q7005276,,,1963,
Q7114740,7536,,1965,https://www.owens.edu
Q30267468,,,,
Q7929226,,,1942,
Q781371,,,1991,
Q6100817,,,1901,
Q30294007,,,,
Q30293820,,,,
Q131293676,,,2023,
Q5532333,,,1946,
Q24952329,,,1962,
Q1665239,,,1950,
Q4453142,,,1885,
Q7060264,,,1950,
Q5066795,18192,,1883,
Q7988066,,,,
Q30257366,,,,
Q23016649,,,2011,
Q30263384,,,1971,
Q95980828,,,2020,https://www.thers.ac.jp/
Q22343096,,,,
Q4671448,16000,,1991,
Q28715338,,,2016,https://albayan.edu.iq/
Q61931634,,,1982,https://www.labyrinthmusic.gr/
Q5878108,514,,1967,
Q7813983,,,1880,
Q30262814,,,1995,
Q12523488,,,1980,https://www.unwiku.ac.id
Q7020082,,,,
Q10771903,,,1976,
Q4702561,,,1991,https://www.iu.edu.jo
Q3551766,,,2002,https://www.uop.gr/
Q14957049,,,2010,
Q5317953,,,1994,
Q7125592,,,1967,
Q5332879,1822,,1958,https://www.eckerd.edu/
Q540341,,,1986,https://www.uss.rnu.tn/
Q12712164,,,1992,
Q6504630,2812,,1932,https://www.ltu.edu/
Q7195812,,,1861,https://www.pingry.org
Q12625178,,,1981,
Q106411958,,,1991,
Q6886673,4878,,1927,
Q7895890,6225,,1905,
Q5092856,,,1965,
Q2093110,24879,,1914,https://www.utep.edu
Q1201727,,,1957,https://www.dai-saarland.de/
Q137204487,,,1958,https://pgdavecollege.in
Q17055784,,,1993,
Q30293683,,,,
Q131553814,,,,https://pvpkottayam.in/
Q2592553,11707,,1986,
Q689400,29341,,1815,https://www.tuwien.at/
Q16994039,6168,,1970,
Q73866008,,,,
Q4924325,,,1951,
Q304192,,,1982,https://www.rcpsg.ac.uk/
Q27681613,195,,,https://skk.lv/
Q15919938,,,1952,
Q8043261,,,,
Q17123735,,,,
Q18465556,,,,
Q1024668,,,2002,
Q12513100,,,2003,https://www.stmik-banjarbaru.ac.id
Q11643531,,,1964,
Q16839639,,,2015,
Q140046037,,,1983,
Q2509370,,,1979,
Q50040005,,,,
Q588929,,,1901,https://bsr.ac.uk/
Q1783178,30448,,1946,https://charlotte.edu
Q27830758,,,,
Q30257490,,,,
Q5322769,2614,,2005,
Q9726859,,,1961,
Q7285789,,,1995,
Q641087,,,1987,https://www.ahk.nl/
Q4528225,,,1906,
Q109913277,,,2007,
Q280361,,,1955,https://www.unand.ac.id
Q948720,4695,,1909,https://www.iisc.ac.in/
Q4398064,,,1930,https://www.rshu.ru/
Q106412010,,,2014,https://iea.gov.ua/en/
Q57987734,,,2010,
Q1424614,,,1960,
Q4005942,,,2004,
Q12523412,,,1991,https://unwmataram.ac.id
Q134250908,,,,https://catolicalaw.fd.lisboa.ucp.pt
Q20063777,,,1953,
Q30263784,,,1989,
Q7432601,3132,,1866,https://www.saic.edu
Q6041566,,,1977,
Q6686727,,,1999,
Q3578200,,,,
Q7894627,,,2008,
Q383939,,,1992,
Q5299037,,,1999,https://www.ufuk.edu.tr/
Q107456840,,,2019,https://tuwaiq.edu.sa/
Q30293728,,,,
Q87472346,,,1964,
Q19364994,,,2015,https://bauet.ac.bd/
Q6156709,,,1998,
Q135095635,,,1974,https://www.icj.jursoc.unlp.edu.ar
Q214341,41000,,1632,https://www.uva.nl/
Q30261312,,,1930,
Q64143464,,,2001,
Q11613368,883,,2015,
Q1649504,,,1954,
Q2165036,,,1915,
Q38779,8977,,1947,
Q467164,440,,1991,https://aua.am
Q109911976,,,2018,
Q5060545,629,,1884,
Q136663947,,,,https://cecomp.letras.ulisboa.pt
Q113634591,,,,
Q2988778,,,1961,
Q20025751,,,,https://utt.edu.vn/
Q8061321,,,1938,https://www.ynau.edu.cn/
Q12060891,1039,,1893,
Q124525880,,,2002,https://schoolsofmission.com
Q109912442,,,2020,
Q30286410,,,,
Q7713752,,,1998,
Q12607865,,,1978,
Q7895680,,,1925,
Q50379246,,,2002,
Q17017438,,,2009,
Q30294206,,,2004,
Q137409150,,,,https://www.rathinamcollege.edu.in
Q1572352,,,1897,https://www.tgm.ac.at
Q6973712,,,1960,https://nitdgp.ac.in/
Q10279255,,,1969,
Q30287151,,,,
Q20061213,,,1942,https://www.sp.senai.br/
Q7010769,,,,https://nolapublicschools.com/
Q129344111,,,2023,
Q4026988,2323,,1854,
Q7813855,7543,,1929,https://www.tcu.ac.jp/
Q15228719,,,1970,https://ifmrlead.org/
Q25587094,,,2006,
Q124634960,,,2021,https://ageu.edu.kz
Q7894321,,,1971,https://www.utpl.edu.ec/
Q11347596,123,,1970,
Q549311,,,1978,
Q16183302,,,,
Q3578176,,,1970,https://www.clermont-fd.archi.fr/
Q5038907,,,1994,
Q5146883,10932,,1958,
Q7423994,,,2001,
Q1231724,6500,,1911,https://utahtech.edu/
Q6807573,,,1953,
Q84081754,,,2006,https://www.rrce.org
Q7001981,,,2003,
Q104878513,,,2020,https://www.ssju.ac.in
Q10682383,,,1948,
Q30263356,,,1961,https://www.bsmcon.edu/
Q97240112,,,1993,https://www.widyamanggala.ac.id
Q4702454,,,,
Q140351470,,,2022,https://www.sfu.ca/pipps.html
Q135095348,,,2002,https://aras.iau.ir
Q3468361,16433,,1901,https://twu.edu/
Q29127628,,,,
Q28221581,,,1995,
Q30288603,,,,https://www.ncforum.org
Q31811346,,,2019,https://www.dssc.edu.ph
Q8029049,1764,,1854,
Q5158958,,,1922,
Q52796237,,,,https://istitutovolta.edu.it/
Q3298457,2845,,1904,https://www.cookman.edu/
Q5211272,4247,,1898,https://www.dbu.edu/
Q138473321,,,1972,https://iae.institutos.filo.uba.ar/
Q30257649,,,1992,
Q315238,982,,1972,https://www.rsh-duesseldorf.de/
Q30296259,,,2010,
Q4681526,19354,,1999,https://aaua.edu.ng/b/
Q7895091,,,1991,
Q1622215,936,,1950,https://www.hfp.tum.de/hfp/
Q11815243,,,1998,https://www.ans-ns.edu.pl/
Q141195647,,,1968,https://luangnamtha-ttc.edu.la
Q6480130,,,1966,
Q5149848,5931,,1966,
Q140908081,,,2001,https://universal.ac.id
Q30266215,,,1949,
Q5061387,3115,,1963,
Q779992,,,1933,https://www.altspu.ru
Q30262871,,,2001,
Q30257336,,,1945,https://www.au-plovdiv.bg/en/
Q141193785,,,1991,https://www.pilley.edu.my
Q16901375,,,2007,
Q4309890,1072,,1819,
Q3741208,,,1988,https://www.ebs.ee
Q5897438,1200,,1893,https://www.hood.edu/
Q1339396,5828,,1863,
Q110103186,,,,https://upbi.ac.id/
Q5654457,,,1950,
Q3578488,,,1947,https://www.esgt.cnam.fr
Q18350858,,,2007,
Q1736343,40,,1949,
Q12204421,,,2008,
Q97252928,,,2011,
Q2201807,,,,
Q56841516,,,,
Q61932029,,,1997,https://www.schauspielschule.at
Q530991,2587,,1972,https://www.hsu-hh.de/
Q30294002,,,1990,https://umch.edu.pe/
Q48733090,,,2015,https://www.svvv.edu.in
Q1936057,2237,,1882,
Q30293835,,,,
Q1363371,,,,
Q30299373,,,1998,
Q101377460,,,,
Q16981182,4683,,1970,
Q15949940,,,1949,
Q18407175,,,1925,
Q30294278,,,,
Q30294800,,,,
Q13018808,,,,
Q109912162,,,2001,https://www.stfi.ac.id
Q4705575,,,1985,https://alagappauniversity.ac.in
Q30289183,,,,
Q12033664,,,2000,
Q130537844,,,2012,https://www.cu-aflou.dz
Q1125958,9477,,1995,https://www.univ-ubs.fr/
Q2000943,12227,,1867,
Q5446836,,,1980,
Q4919274,,,2003,
Q7894282,27934,,1958,
Q30294054,,,,
Q4374296,13844,,1890,https://post.edu/
Q7692311,,,2007,
Q2418934,36,,1805,
Q7934330,,,1940,
Q141194115,,,2002,https://kksungaipetani.mypolycc.edu.my
Q6818290,,,,
Q6156350,,,1974,
Q3152347,,,1944,
Q3551490,,,1975,
Q30260056,,,1994,
Q106646552,,,2021,https://tus.ie
Q850927,,,1991,https://www.uni-med.net/
Q3578175,,,,https://www.rennes.archi.fr/
Q52848354,,,2012,
Q30294217,,,,
Q30289155,,,,
Q12532257,,,1997,https://zkmu.edu.kz/
Q4261591,309787,,,https://www.ccsd.net/
Q2478211,,,1991,
Q108737438,,,,https://www.hagyard.com/
Q28939520,,,1927,
Q14709779,,,1941,
Q895634,5938,,1971,
Q125450753,,,2023,https://www.auas.edu.krd
Q9351629,,,1993,
Q84014735,,,1958,
Q135095606,,,,
Q97041579,,,1954,
Q52637421,,,2014,https://www.umaha.ac.id
Q18393060,,,2009,
Q5095660,,,,
Q30293886,,,,https://www.unikino.mx
Q30265561,,,1995,
Q6579566,,,1932,
Q16644529,,,2004,
Q4122967,,,1944,
Q125964260,,,2022,
Q30286765,,,,https://www.ariecrown.org/
Q11074658,,,1955,
Q1779925,,,1959,https://www.fni.no/
Q109912586,,,2016,https://www.steirisalah.ac.id
Q263932,,,1953,https://www.zcmu.edu.cn
Q7895389,,,2002,
Q141193699,,,2003,https://sunway.edu.my/ipoh/
Q10302475,,,2008,
Q3429296,,,1913,
Q30294465,,,1987,https://univteknologiindonesia.ac.id/
Q5811553,,,2002,https://i3a.unizar.es
Q6187902,,,2007,
Q141193761,,,2005,https://www.dsic.edu.my
Q7082389,,,1946,
Q30263587,,,,
Q140908388,,,,https://staiuisu.ac.id
Q10829086,,,1976,
Q500692,17984,,1971,https://www.uni-bremen.de/
Q30294500,,,2004,https://uniyap.ac.id
Q1165865,6000,,1986,
Q2628297,,,1923,https://www.nagpuruniversity.ac.in
Q7934591,4041,,1882,https://www.vsu.edu/
Q6040253,,,2002,https://ies.ed.gov/
Q141195091,,,,https://kkselandar.edu.my
Q12060721,,,2008,
Q11589166,,,1977,
Q7446897,,,1954,https://www.akita-seirei.ac.jp/tandai/
Q13650869,,,1910,
Q71529015,,,2003,https://www.apikesiris.ac.id
Q6041544,,,1991,
Q61313291,,,,
Q30257518,,,,
Q12275345,,,1992,
Q1107944,24126,,1925,
Q141195437,,,1991,https://www.unitar.my/our-locations/johor-bahru/
Q202660,,,1530,https://www.college-de-france.fr/
Q30267997,,,,
Q6202313,,,1958,
Q1320340,,,1961,https://lausd.org
Q109919817,,,2005,https://www.stiatabalong.ac.id
Q7683446,,,1963,https://www.untan.ac.id
Q109911516,,,1993,https://www.politeknikpajajaran.ac.id
Q3463654,2016,,1889,
Q3077517,,,1981,
Q140351415,,,,https://www.anzap.com.au
Q5695499,,,1894,
Q11535237,,,1902,
Q4303894,920,,1773,https://balletacademy.ru/
Q19899075,,,2012,
Q3113694,,,1976,https://www.tut.ac.jp/english/
Q1933558,30173,,1970,
Q7456786,,,1856,https://www.shp.org/
Q790104,,,,
Q32180947,,,,https://www.gcc.edu.cn/
Q1788342,,,1750,
Q5521017,,,2015,https://www.gmuniversity.ac.in
Q22344812,,,2005,
Q30285679,,,1954,
Q30293694,,,,
Q141194135,,,1970,
Q262854,12000,,1964,https://www.lancaster.ac.uk/
Q7591785,,,1971,
Q5135988,2321,,1991,
Q15935782,,,1931,
Q2048800,,,,
Q30252844,,,1990,https://www.pin.unifi.it/
Q1195814,,,1949,
Q29168539,,,,
Q109919297,,,2001,https://www.stie-binakarya.ac.id
Q7285851,,,2006,
Q10387903,,,,
Q16143001,,,,
Q131428215,,,2008,https://itess.edu.mx
Q3347307,,,2002,
Q5242548,,,1988,https://www.udesa.edu.ar/
Q1622092,8672,,1982,
Q30294808,,,,
Q2303907,20000,,1976,
Q12621827,,,,
Q2587890,1163,,1975,
Q5194072,2316,,1974,
Q30255548,26000,,1958,https://www.cesi.fr
Q7830579,,,1997,
Q1622126,3704,,1992,https://www.hs-merseburg.de/
Q2983842,,,2006,
Q30294324,,,1977,
Q13415087,,,1992,
Q16890793,,,2010,
Q16259561,,,2005,
Q5647847,,,2010,
Q7344852,,,1910,
Q1765168,,,1954,https://en.cuc.edu.cn/
Q5413406,,,1973,https://www.euruni.edu
Q2120232,,,2006,
Q61563,,,1920,
Q7896369,,,1977,
Q5581122,11565,,2004,
Q4070609,,,1929,
Q6053801,,,,
Q6175404,,,1963,
Q1141571,2219,,1874,https://www.macalester.edu/
Q141194138,,,,https://www.uic.edu.my
Q77076107,,,,https://www.institut-holzbau.de/
Q30293824,,,,
Q7185942,,,1906,
Q109919141,,,2001,https://www.stie-wikara.ac.id
Q30294200,,,,
Q1667281,82000,,1998,https://www.iu.de/
Q30258151,,,2008,
Q17211240,,,1941,
Q5188813,,,1982,
Q8045309,,,1958,https://www.xzhmu.edu.cn/
Q3918332,,,2006,
Q7367225,2099,,1912,https://www.rosalindfranklin.edu/
Q130408985,,,,https://fajr.edu.sd/
Q5373396,194,,1941,
Q16873393,,,,
Q4652198,,,2011,https://www.aksuniversity.ac.in
Q7161582,9334,,1974,
Q15137712,,,1982,https://archaeologists.net
Q707947,,,2000,https://www.artevelde-uas.be/
Q138859666,,,2010,https://www.wadiehelmand.edu.af
Q11802874,,,1988,
Q6925339,,,1970,https://www.dallascollege.edu/about/mvc/pages/default.aspx
Q3808846,,,1995,
Q140868744,,,1991,https://www.skmg.ac.in
Q3534400,,,1983,https://b-u.ac.in/
Q2065467,,,1993,https://lennuakadeemia.ee/
Q109913574,,,,https://www.sttarrabona.ac.id
Q1509957,36417,,1992,
Q3272069,2182,,1930,
Q141194132,,,1998,https://www.scca.asia
Q921539,,,1958,
Q5132088,,,,
Q10996442,,,1984,
Q129344176,,,2024,
Q30286260,,,,
Q1916637,,,1857,https://umfcd.ro/
Q16895923,,,2012,
Q6378037,,,2005,
Q7929314,,,1950,
Q7294495,,,1983,
Q3851554,2449,,1927,https://www.masters.edu/
Q20044678,,,2011,
Q579611,1419,,1833,https://www.haverford.edu/
Q1321380,19764,,1891,
Q664881,2254,,1787,
Q4288375,,,1991,https://www.ibispb.ru/
Q5615915,1429,,1837,https://www.guilford.edu
Q8060106,,,1927,
Q7742994,,,2000,
Q1886891,,,2000,
Q4250914,,,1995,
Q7053745,785,,2007,
Q5570748,,,1992,
Q7420824,,,1963,
Q2773403,,,1965,https://www.vnsgu.ac.in
Q5644021,,,1933,https://www.hamagaku.ac.jp/hgu/
Q7094936,,,1862,https://www.uoguelph.ca/ovc
Q3522654,,,1971,https://www.tnau.ac.in
Q7707584,764,,1894,
Q109912029,,,2012,https://iai-alzaytun.ac.id/
Q10771884,,,1968,
Q4796670,235,,1869,
Q7590045,,,2000,
Q30293791,,,,
Q12077279,,,1996,
Q7708460,,,1994,
Q3648090,,,2007,
Q500154,8899,,1927,https://ualr.edu/
Q140908154,,,2022,https://iaitihamah.ac.id
Q6358707,,,1977,
Q5468990,,,1979,
Q5917861,,,1972,https://www.matamoros.tecnm.mx/
Q7387731,,,1981,
Q22906959,,,,https://www.moe.gov.ae/en/
Q569899,194,,1945,
Q131428171,,,,https://www.uc.pt/cgeo/
Q625961,,,1914,https://global.cu.ac.kr
Q130314553,,,,
Q52848753,,,1971,
Q134969239,,,2007,https://kvkpharma.ac.in
Q1742058,,,1959,
Q1137779,17533,,1827,
Q30263644,,,1991,
Q65171866,,,2009,
Q7285984,,,2020,https://www.rajendrauniversity.ac.in
Q7896057,,,1986,https://www.palermo.edu/
Q107907775,,,2017,https://pcu.edu.ng/
Q64142001,,,2014,
Q17036156,,,2007,
Q4118964,,,1907,
Q366071,18000,,2001,
Q110900351,,,2011,https://eu.edu.ge/
Q125761864,,,,https://www.itv.edu.ni
Q3695765,,,2002,
Q848272,8481,,1949,
Q30294338,,,,
Q39056078,,,,
Q104243342,,,2009,
Q17626162,,,2013,
Q3578149,,,1984,https://ensi.rnu.tn/
Q5101627,,,1947,
Q1202039,,,1879,https://royalholloway.ac.uk/
Q19732689,,,,https://iahntp.ac.id
Q141194004,,,1996,https://newinti.edu.my
Q6424349,,,1940,
Q7301469,,,1921,
Q31666747,,,1967,https://uni-gjk.org
Q16893462,,,2001,
Q681250,,,1994,https://egs.edu/
Q503246,800,,1905,
Q77082656,,,2002,https://www.bellechasseacademy.org/
Q109919561,,,2020,https://ummaspul.ac.id
Q39046563,,,,https://www.petindia.org/eiem/
Q1056886,,,1897,https://www.1spbgmu.ru/
Q25450518,,,2013,https://bnu.edu.iq
Q327693,7917,,1961,
Q118522723,,,2023,https://www.b-w.ac.jp/
Q348402,37013,,1919,
Q109912502,,,2000,https://poltekanika.ac.id
Q2887298,,,1991,https://www.uces.edu.ar/
Q7056015,,,1990,
Q12523423,,,1998,https://www.paramadina.ac.id
Q25520526,,,1943,https://fati.uz/
Q1391231,2929,,1991,https://www.hochschule-stralsund.de/
Q930291,2195,,1842,https://willamette.edu/
Q129342996,,,2021,
Q8047333,,,2011,
Q19899072,,,2014,https://www.uokajk.edu.pk/
Q30294013,,,1993,https://unicorsalud.edu.co/
Q108835620,,,2015,https://mari-university.com/
Q920505,,,1951,
Q8055404,,,1999,https://www.yorkcollege.ac.uk
Q65074155,,,2018,https://www.skduniversity.com
Q28858107,,,1998,
Q4398494,,,1943,
Q10829035,,,1997,https://hpu.edu.vn/
Q114071,,,1829,https://www.perkins.org
Q835079,,,1926,
Q5738904,,,2001,
Q1932957,15000,,1994,
Q12701146,,,,
Q124251941,,,,https://fmgarmsar.ac.ir
Q48880933,,,1952,
Q61932616,,,2012,https://ums.ae/
Q94473,,,1957,https://www.tdmu.edu.ua/
Q4118306,,,1980,https://www.agu.edu.bh
Q30263529,,,1982,
Q104847179,,,2019,
Q4928235,,,1868,https://www.bloomfield.edu/
Q10302508,,,,
Q1795487,2229,,1867,https://drew.edu
Q7009838,182,,1996,
Q6475860,,,1857,
Q5142862,,,1687,
Q141195744,,,,https://www.unitar.my/college/about-unitar-college/
Q616752,7000,,1994,
Q30257711,,,1992,
Q632573,12582,,1897,
Q14711908,,,1834,https://www.greenmtn.edu/
Q43895277,,,1966,
Q1622071,5873,,1962,
Q134250896,,,,https://labcom.ubi.pt
Q7191499,2350,,1897,https://www.piedmont.edu/
Q67180064,,,2008,https://www.stsrdvisi.ac.id
Q30289111,,,,
Q13416757,,,1957,
Q61861351,,,2017,https://www.unavarra.es/icommunitas
Q60573538,,,2020,https://ksiu.edu.eg/
Q6427195,,,1998,
Q56846729,,,,
Q33888230,,,2002,https://alsaeeduni.edu.ye/
Q6971460,8745,,1919,
Q109911611,,,,https://www.sttiibali.co.id
Q30266125,107,,,
Q16820667,,,1990,https://www.uol.ac.cy/
Q4424975,,,1918,
Q109911092,,,2017,https://www.institutpendidikan.ac.id
Q97631992,,,2015,https://www.ak-tekstilsolo.ac.id
Q1654084,,,1991,
Q547867,70461,,1837,https://www.uoa.gr
Q7986651,10036,,1910,
Q12511273,,,2014,https://iain-palangkaraya.ac.id
Q12204548,,,2004,
Q30294546,,,,
Q1143226,6572,,1901,https://www.jwu.ac.jp/unv/
Q5123484,,,1981,
Q141195035,,,,
Q3406583,,,2006,
Q5608252,,,1957,
Q30294113,,,,
Q131428064,,,,https://cineicc.uc.pt
Q30266529,,,1995,
Q5095986,,,1964,https://chichester.ac.uk/
Q30257506,,,,
Q2496158,14744,,1979,https://www.univ-smb.fr/
Q7034390,,,1988,
Q1440288,,,1991,https://www.unicampus.it
Q3077453,,,2006,
Q188370,12002,,1881,https://www.marquette.edu/
Q43896437,,,,https://atami.iuhw.ac.jp/
Q6733368,,,1998,https://www.muhs.ac.in
Q11061809,,,1950,
Q136463940,,,2025,https://www.universitasannasher.ac.id/
Q48728630,,,2014,https://www.abhilashiuniversity.ac.in
Q109911639,,,,https://poltekkes-palangkaraya.ac.id
Q6912576,,,1916,
Q139407453,,,2009,https://www.tottori-u.ac.jp/en/affiliated/jufer/cerc/
Q131428183,,,,
Q536512,,,1970,
Q140045285,,,,https://www.dal.ca/dept/ctri.html
Q7709404,,,2001,
Q7487936,,,1951,
Q30294733,,,2000,https://www.unwahas.ac.id
Q10829030,,,2001,https://ictu.edu.vn
Q14529898,,,,https://eapc.gencat.cat/ca/inici
Q30257791,,,1992,
Q5062906,,,1961,https://www.cetys.mx/
Q1826384,,,1980,
Q16733756,,,2011,https://lmu.edu.ng/
Q136351958,,,2006,https://tdu.edu.vn
Q12513047,,,2008,https://stail.ac.id
Q8044421,,,1960,
Q3151062,,,1985,
Q135738483,,,,https://iiap.org.co
Q6064720,5791,,1966,
Q1814765,,,2008,
Q137943448,,,2014,https://csmit.in
Q10906654,,,1956,https://www.nsi.edu.cn/
Q868421,36303,,1965,https://uci.edu
Q16306408,,,,
Q845087,,,1988,
Q155446,900,,1909,https://www.isae-supaero.fr/
Q123416294,,,2011,https://www.nantien.edu.au/
Q4617404,,,1999,
Q12523311,,,2005,https://www.uncp.ac.id
Q135095130,,,2018,https://tecnologicoargos.edu.ec
Q665105,,,1922,https://www.du.ac.in/
Q8048008,,,2018,
Q4746780,,,1958,
Q58355427,,,1983,
Q1156653,,,1963,
Q5137668,1612,,1924,
Q20583856,,,,
Q11472285,933,,1939,
Q109911117,,,2013,https://www.stismu.ac.id
Q43895495,,,1946,
Q5746210,,,1900,
Q12445070,,,1962,https://www.mmmut.ac.in
Q131428157,,,2019,https://salymbekov.com
Q15978233,,,1975,https://www.poynter.org/
Q4720202,,,1970,https://www.teithe.gr/
Q127868210,,,,https://apupsg.ac.in
Q85784264,,,2018,https://www.matagujriuniversity.com
Q847117,,,1926,
Q7256609,,,1963,
Q10829116,,,,
Q97446118,,,,https://idacor.conicet.gov.ar/
Q129342924,,,2023,
Q109913473,,,2017,https://www.stitalihsan.ac.id
Q621800,,,1829,
Q1333399,17825,,1921,https://le.ac.uk
Q135983396,,,1982,https://www.obeikan.com.sa
Q2495961,,,1974,https://www.ufv.ca/
Q6432320,,,1947,https://www.koriyama-kgc.ac.jp/
Q1538982,2673,,1903,https://www.msoe.edu/
Q4744587,,,1875,https://myana.org/
Q4737981,,,1887,
Q141194421,,,1996,
Q4383015,,,2010,https://www.pskgu.ru/
Q6049378,,,1996,
Q30294377,,,1985,
Q634834,,,1996,
Q30257689,,,1995,
Q11472091,,,1911,https://www.osu-h.ed.jp/
Q141194581,,,2009,https://www.isbauk.edu.my
Q10829143,,,,
Q109441756,,,2020,https://unama.ac.id/
Q52852177,,,1981,
Q39913,,,1946,https://www.snu.ac.kr
Q141194127,,,2001,
Q5061651,16668,,1963,https://www.cpcc.edu
Q15262574,,,2007,https://www.nrc.ac.uk/
Q97040932,,,,https://cdgi.edu.in/cdgi.php
Q30260838,,,,
Q18922649,,,,
Q5821478,,,1982,https://www.colson.edu.mx/
Q1895354,18913,,1925,
Q727768,,,1993,
Q6810041,,,1925,
Q140907828,,,,https://laventa.tecnm.mx
Q4208076,,,1931,
Q109913219,,,2014,https://stikes-baktara.ac.id
Q108737450,,,2007,https://www.mpi-magdeburg.mpg.de/1275751/structure
Q66383040,,,,https://www.utng.edu.mx/
Q18577852,,,2013,
Q7260276,,,1973,
Q13018762,,,,
Q30293668,,,,
Q129342738,,,2023,
Q4874113,691,,1955,
Q4115304,,,1970,
Q11676146,,,1924,
Q65074135,,,2019,https://jntugv.edu.in
Q7001462,,,1953,
Q3350895,81175,,1997,
Q7700214,,,1946,
Q141193702,,,,
Q6825298,,,2003,
Q140187541,,,1997,https://web.itslibertad.edu.ec/
Q7401329,,,1979,
Q109919392,,,1987,https://stie-lpi.ac.id
Q1736398,,,1956,
Q7571422,450,,1971,
Q7127976,3704,,1968,https://www.pba.edu/
Q669442,1407,,1837,https://www.knox.edu
Q4890689,26323,,1992,https://www.bsum.edu.ng/
Q16708972,,,1977,https://tipk.mvd.ru/
Q34791710,,,,
Q5059073,,,1867,
Q7585673,,,1993,https://ssus.ac.in
Q4166244,,,1920,
Q4826836,,,1950,https://www.uat.edu.mx/
Q101378215,,,,https://www.neuropathologie.med.uni-muenchen.de/index.html
Q14685417,1184,,1951,https://www.gbc.edu/
Q1888128,,,1864,
Q6402464,,,1992,
Q7078433,,,1998,
Q9380750,,,1999,
Q141195046,,,2002,https://www.msucollege.edu.my
Q135738912,,,2019,https://www.sbup.edu.in
Q4822444,9322,,2001,https://www.ieu.edu.tr/
Q6108045,,,2012,https://www.jecrcuniversity.edu.in
Q12523416,,,1995,https://www.nusantara.ac.id
Q12513106,,,2021,
Q126836750,,,,https://ihtm.bg.ac.rs/
Q7895719,,,1972,
Q135095615,,,2022,https://web.istcge.edu.ec
Q1474930,,,1864,
Q5492253,,,2000,
Q5310930,,,,
Q4809619,,,1932,
Q7692500,,,2007,
Q29055022,,,,
Q8247531,,,1975,
Q5963198,,,1982,
Q10387895,,,1962,
Q17213761,,,1948,https://db.ice.or.jp/nc/
Q4650294,,,2000,
Q13018781,,,,
Q5687445,,,2012,
Q141195481,,,2011,https://www.toa.edu.my
Q7708009,,,1926,
Q4709395,3022,,1961,
Q140907850,,,2002,https://official.poltektedc.ac.id
Q6389547,2297,,1969,
Q30299400,,,2008,
Q11456521,,,1909,
Q30293679,,,,
Q3036584,,,1978,https://www.univ-batna.dz
Q6023698,12230,,1920,https://www.indwes.edu/
Q11589153,,,1961,
Q5325096,,,1979,
Q6350193,,,2009,https://swehg.com/swce/
Q414188,,,1751,https://adw-goe.de/
Q30257604,,,1994,
Q7260603,,,2004,https://psu.edu.so
Q11493996,,,1950,
Q7292643,,,1958,
Q25450479,,,2014,
Q6671400,,,1984,
Q30293870,,,,
Q2097334,6907,,1903,
Q25450431,,,2014,https://chu.edu.iq
Q28950106,,,,https://surapati.ac.id
Q6792433,,,1992,https://mmhapu.ac.in
Q2157899,,,2005,
Q905937,,,1963,
Q52633512,,,,
Q104855385,,,2019,https://cuc.ac.in
Q109919708,,,2007,
Q128111,,,,https://www.uvawise.edu/
Q19600175,,,1987,https://xim.edu.in
Q3299255,,,1987,
Q135095478,,,,https://ihviseu.com.pt
Q135398179,,,2008,https://instiki.ac.id
Q310564,13000,,1977,https://www.alquds.edu/en/
Q11180290,,,1948,https://www.qlu.edu.cn/
Q10302702,,,,
Q30257811,,,1990,
Q140351282,,,,https://www.cli.cl
Q5523877,624,,1967,
Q20813059,3000,,2015,https://mdu.edu.az
Q30266520,,,2002,
Q30262792,,,1998,
Q1546191,18266,,1903,https://wmich.edu
Q12513456,,,1952,https://www.seabs.ac.id
Q129343334,,,2021,
Q7895551,,,2003,https://uits.edu.bd/
Q1622185,2700,,2007,https://www.dhgs-hochschule.de
Q3347861,,,1979,
Q6591629,,,2004,
Q28950058,,,2006,
Q1572657,,,1964,
Q1622117,9145,,1996,
Q194060,,,1812,https://www.suomenpankki.fi/
Q4381437,,,1965,
Q30293946,,,,
Q15910651,,,1979,
Q3128588,,,2002,
Q1410332,7000,,1945,https://www.nul.ls/
Q8016704,830,,1857,https://www.peace.edu
Q30294841,,,,
Q141194008,,,2013,https://kemahiran.kbs.gov.my/iktbntemerloh
Q7813984,,,1954,
Q7896773,,,2001,
Q30263385,,,2005,https://www.maufl.edu/
Q11589157,,,2005,
Q2043205,,,1910,https://vsu.by/
Q4652574,,,2009,
Q15261118,,,1956,
Q30260789,,,,
Q180514,45298,,1916,https://www.vu.edu.au/
Q4117334,,,1958,
Q7587511,6014,,1986,
Q1069400,,,1949,https://www.kagawa-u.ac.jp/
Q20446840,,,,
Q3446068,5724,,1874,https://www.worcester.edu/
Q30297318,,,1989,
Q7850294,,,1953,
Q7996977,2756,,1890,https://www.whitworth.edu/cms/
Q6429212,,,1990,https://universitekongo.cd/
Q30293731,,,,
Q119465212,,,2022,
Q28231758,,,,
Q10387817,,,1987,
Q109912591,,,2018,https://polteksahid.ac.id
Q11134930,,,1984,
Q1026916,16253,,1957,https://www.csueastbay.edu/
Q3551545,,,1907,
Q13601184,2172,,2009,https://www.gouni.edu.ng/
Q5649027,,,1951,
Q12523474,,,2002,https://uty.ac.id
Q21209209,,,1994,
Q109919539,,,2005,https://www.staialamin.ac.id
Q5969811,,,1972,
Q7088002,,,2000,https://www.olivetuniversity.edu/
Q55705045,103,,2018,https://ait.edu.az/
Q5620408,,,2003,
Q9380825,,,2004,
Q14957025,,,,
Q10302501,,,2008,
Q671363,,,1957,https://www.ucad.sn/
Q685664,26436,,1925,
Q97233292,,,2003,https://konservatoriya.tj/
Q30257573,,,1993,
Q13871735,,,1997,
Q11474747,160,,1903,
Q29047791,,,1994,https://www.mazust.ac.ir/Home/EN/Main
Q111181045,,,2015,https://www.au.ac.ke
Q7853005,,,2010,
Q12708641,,,,
Q7060267,18542,,1995,https://alamo.edu/nvc/
Q828819,,,1991,https://www.berufsbildungswerk-leipzig.de/
Q4834154,,,1960,https://brabu.net
Q60991052,,,2019,https://www.piif.ac.jp
Q19745593,,,1979,https://www.budiluhur.ac.id
Q1791958,,,1954,
Q30293954,,,,
Q7984839,,,1909,https://westcoastuniversity.edu
Q12788728,,,,
Q7521073,1139,,1860,https://www.simpson.edu/
Q662015,,,1959,
Q16320182,,,2014,
Q6156824,,,1997,
Q109912581,,,2020,
Q7896240,,,1947,
Q7017390,,,,
Q623893,,,1996,
Q1364464,,,1857,
Q15898098,,,1950,
Q4886879,,,2009,
Q131428136,,,,https://cpup.fpce.up.pt
Q3123462,,,1975,
Q117405726,,,,https://www.esimar.edu.es
Q7895484,,,1946,
Q4904147,,,1974,https://www.bckv.edu.in
Q30297442,,,,
Q29052369,,,,
Q134994017,,,2022,https://www.drpaiu.edu.in
Q6891766,,,2005,https://www.jauharuniversity.edu.in
Q3156522,5850,,1964,
Q204626,6287,,1949,https://www.hit-u.ac.jp/
Q4861814,,,1968,
Q2822225,8928,,1929,https://www.academyart.edu/
Q820887,40000,,1321,https://www.unifi.it/
Q7921393,7000,,2002,
Q5132245,3074,,1967,
Q5317317,,,,
Q7603634,,,1997,https://www.unp.ac.id
Q141195060,,,1993,https://www.imc.edu.my
Q137795879,,,2002,
Q1631474,,,1989,https://www.uss.cl/
Q104829521,,,1983,https://fedpolynas.edu.ng/
Q12110193,,,1992,https://www.kpba.edu.ua/
Q7109265,797,,1865,https://www.ottawa.edu/
Q30294230,,,1972,
Q264035,,,1943,
Q971426,,,1994,
Q12204394,,,2009,
Q7692506,,,2007,
Q19892677,,,1999,
Q54869657,,,2014,
Q123763371,,,2023,https://www.uib.no/cdn
Q30263824,,,1984,
Q2026214,3993,,1944,
Q7894701,,,1972,
Q7040661,,,1967,
Q54870505,,,2016,https://www.htu.edu.jo
Q7830586,,,2009,
Q17269143,,,2008,https://www.cjcuc.org
Q3577758,,,,
Q43895945,,,2012,
Q6431818,,,1982,
Q50040254,,,,
Q100969245,,,,
Q133811534,,,2022,https://wau.edu.ly
Q30293956,,,,
Q17216531,,,2005,
Q4120508,,,2005,https://www.ttu.edu.jo/
Q7901301,,,1874,
Q6156333,,,1984,
Q273600,,,1765,
Q5088082,,,1978,
Q4702653,,,1999,
Q15632112,,,1934,https://shsu.am
Q30263994,,,1951,
Q5001989,4264,,1994,
Q1773512,,,1952,
Q10829082,,,,
Q29182738,,,1961,
Q11135076,,,1949,
Q109919143,,,2019,https://umubuton.ac.id
Q42332086,,,2017,https://uomanara.edu.iq/
Q5743365,,,1897,
Q10299479,,,,
Q129343030,,,2021,
Q30293706,,,,
Q7081780,,,1963,https://www.okanagan.bc.ca/
Q4823619,,,2002,https://www.anzsog.edu.au/
Q16901482,,,1990,
Q7893913,,,1907,
Q10829162,,,,https://tucst.edu.vn
Q109921847,,,2020,
Q20458841,,,,
Q12204407,,,1994,
Q7226112,,,1854,
Q12523465,,,1986,https://www.usxii-tapanuli.ac.id
Q77082197,,,1982,
Q4398063,4720,,1930,https://mgri.ru/
Q11061654,,,1958,
Q3010013,,,1969,
Q4745039,,,1946,https://asq.org
Q1508696,,,1956,
Q126915070,,,2019,https://www.cvmu.edu.in
Q56846822,,,,
Q30261357,,,,
Q8071970,,,1999,
Q109913616,,,2002,
Q945776,,,1876,
Q109919173,,,2010,
Q137409170,,,2011,https://ncics.org
Q19937506,,,2006,
Q22117780,541,,1978,
Q109278414,,,1974,https://www.stieimlg.ac.id
Q6947792,,,2007,
Q7401676,,,1969,
Q2860580,,,1932,https://www.archmereacademy.com/
Q30279635,,,,
Q5159009,6167,,1881,https://www.cuw.edu/
Q135489760,,,2009,https://tabesh.edu.af
Q42238,,,1991,
Q109919360,,,2003,https://stitek.ac.id
Q280183,10555,,1975,https://www.uha.fr/fr
Q5241760,,,,
Q1066989,3429,,2001,https://www.alliant.edu/
Q30288617,,,,
Q7974040,,,1981,https://waterfordschool.org/
Q140352101,,,1988,https://imli.org
Q20427714,,,2004,https://www.unasman.ac.id
Q6674076,,,2004,https://www.longleypark.ac.uk/
Q4982044,,,1973,
Q46996978,,,1982,
Q74527860,,,2011,https://www.szgmu.ru/
Q25679953,,,2004,https://www.hsi-rcaf.edu.kh
Q109348752,,,2001,
Q30294105,,,,
Q7108520,,,1946,https://www.otemae.ac.jp/chinese/
Q7589599,,,1962,
Q5061634,963,,1881,
Q30294081,,,,
Q7272968,,,2001,
Q7446917,,,1985,
Q141194296,,,2004,https://www.almacrest.edu.my
Q20709782,9363,,2016,
Q17081583,,,2013,https://sgtuniversity.ac.in
Q30265553,,,,
Q178416,870,,1862,https://www.conservatory.ru/
Q56271941,,,,
Q140908009,,,2001,https://msumcest.edu.ph
Q88781257,,,1974,
Q30282070,,,,https://instituciones.sld.cu/ucmh/
Q30263884,,,1998,
Q109912301,,,2006,https://biges.ac.id
Q136448368,,,2019,https://www.mp-university.net
Q124634911,,,,https://aau.edu.ye
Q3551540,,,1965,
Q113245195,,,2021,
Q11548983,,,1941,https://www.fish-u.ac.jp/
Q108737507,,,1973,https://egov.unu.edu/
Q3578499,6000,,1909,
Q56661664,,,2013,
Q141194747,,,,
Q897052,5400,,1897,https://bradley.edu/
Q135095195,,,2002,https://www.gnims.edu.in
Q141195453,,,2016,https://www.raudhahcollege.com
Q17039993,,,1854,
Q7452674,,,1818,
Q37266789,,,2008,https://www.brau.edu.in
Q5291382,,,1982,
Q1743332,,,2007,https://www.kph-es.at/
Q5290700,,,2002,
Q1003261,,,2005,
Q3056813,,,1992,
Q11609560,,,1962,
Q7900213,,,1850,
Q109912433,,,2014,https://www.sttpd.ac.id
Q141195837,,,,https://kvsepang.moe.edu.my
Q124845671,,,,https://ardakan.ac.ir
Q56064397,,,2018,https://miu.edu.in
Q6651765,,,1869,https://www.lrsd.org/
Q109913738,,,1993,https://www.jayakarta.ac.id
Q15045626,,,2008,
Q50040252,,,1944,
Q15940932,,,2003,
Q140907972,,,2007,https://stikesht-tpi.ac.id
Q7673574,,,1947,
Q6467575,1188,,1892,
Q4182332,,,1938,
Q976613,,,1953,
Q124634927,,,,https://www.health-and-medical-university.de
Q141195024,,,1986,https://www.stanfort.edu.sg
Q30257389,,,1994,
Q110022454,,,2000,
Q4917580,,,1862,
Q304985,,,1882,
Q30293776,,,,
Q1567050,50000,,1967,
Q5507366,,,2000,https://english.fafu.edu.cn/
Q7076613,1835,,2011,
Q5304386,,,2008,
Q7984013,530,,1882,
Q140907351,,,2004,https://stikesnh.ac.id
Q12506030,,,1987,https://www.poliupg.ac.id
Q5304291,,,1986,
Q9380713,,,1994,https://www.merito.pl/poznan/
Q619201,1242,,2005,https://www.apollon-hochschule.de/die-hochschule/die-hochschule/
Q967165,17155,,1963,https://york.ac.uk/
Q13582663,3400,,1909,
Q110045525,,,,https://www.kpu.edu.rs/
Q127415610,,,,https://cns.easternhealth.ca
Q64142061,,,1999,https://www.midschoolmath.com/
Q11197477,,,1984,https://kokusai.ecc.ac.jp/
Q7121073,,,1999,
Q3648100,,,1984,
Q4975900,,,1915,https://www.browardschools.com/
Q10387816,,,2006,
Q7586321,,,2007,https://svce.edu.in/
Q5917900,,,1972,
Q99753700,,,2007,https://lescoursonou-university.org/
Q1622083,8000,,1995,
Q16954966,,,,
Q7431023,,,1984,
Q124845789,,,,https://www.aku.edu
Q6156648,,,2004,
Q10771905,,,2004,
Q21574130,,,2011,
Q18370088,,,1964,
Q3551847,,,1993,https://www.u-shimane.ac.jp/
Q18484155,,,2004,
Q1183724,332,,1997,https://www.dekra-hochschule.de/
Q4062936,,,1973,https://www.asu.ru/
Q19744818,,,2006,https://www.unmus.ac.id
Q2242095,,,1967,https://ivdnt.org/
Q601956,20353,,1974,https://www.aau.dk
Q30294006,,,,
Q7700208,,,1965,
Q14709668,,,1965,
Q109192620,,,2017,https://www.stisdarussalam.ac.id
Q3578493,,,1993,
Q30293788,,,,
Q15983123,,,2011,
Q11493608,,,1918,
Q5548012,2231,,1908,
Q12607308,,,,
Q12513131,,,,https://sttcipanas.ac.id/
Q30269659,,,1985,https://davitaclinicalresearch.com/
Q138828692,,,1987,https://measiim.edu.in/
Q20477093,,,,
Q517861,,,1933,
Q7587994,,,1845,
Q132681307,,,1985,
Q134524054,,,2002,
Q130537748,,,,https://ipiaget.org/iseitalmada
Q4273359,,,1940,
Q2796927,,,1827,
Q14437811,6263,,1899,https://www.simmons.edu/
Q17067534,,,,
Q6140137,,,1990,
Q18388380,,,1975,
Q6393491,,,2010,
Q3551447,111,,1994,
Q3547576,,,1962,
Q2272814,1440,,1898,
Q6680900,,,1912,
Q10883248,,,1950,
Q140907946,,,2012,https://vstim.ba
Q30265648,,,2007,
Q6452180,,,1961,
Q2623696,,,1987,https://www.buas.nl/
Q6323970,,,,
Q20427724,,,2013,https://www.unsulbar.ac.id
Q6842555,5617,,1947,
Q109913791,,,2008,https://www.stainh.ac.id
Q7860053,,,1926,https://www.tjc.edu/
Q12486645,,,2002,https://www.idia.ac.id
Q6311593,,,2004,
Q141195133,,,2003,https://www.ipk.edu.my
Q1610024,29000,,1821,https://www.hw.ac.uk/
Q21190858,,,2015,
Q30257265,,,1995,
Q30294452,,,,
Q11509188,500,,2009,https://www.rctohoku.ac.jp/
Q100955832,,,2005,https://www.isptec.co.ao/
Q319239,27173,,1956,https://www.tau.ac.il/
Q7654779,1030,,1997,
Q4475815,,,2011,https://university.sunway.edu.my/
Q137408984,,,2023,https://unrida.ac.id
Q129343488,,,2022,
Q1667496,,,1997,
Q138460620,,,2009,https://bostoncollege.edu.np
Q138859629,,,2007,https://idsc.miami.edu
Q109919471,,,,https://www.sttsangkakala.ac.id
Q5841811,,,1994,
Q111694614,,,2020,https://tiue.uz/
Q6191676,,,1902,
Q5095854,,,1946,
Q109912361,,,2020,
Q6066818,,,2010,https://www.fsm.edu.tr/
Q5071338,,,2008,
Q4475847,1890,,2011,
Q5066497,2330,,1911,https://csc.edu
Q52162277,,,2018,https://trabzon.edu.tr/
Q4744872,,,1970,
Q30294307,,,,
Q493871,,,1973,
Q7585842,,,1963,https://jssstuniv.in
Q109913781,,,2019,
Q11422831,,,1963,https://www.sonoda-u.ac.jp
Q134251383,,,,https://emp.pt
Q8026588,5576,,1886,
Q693069,,,2006,https://www.fhnw.ch/
Q7365503,,,,
Q43895556,,,,
Q14715312,,,1959,
Q7692491,,,2007,
Q140876442,,,2025,https://www.ucs.ac.id
Q4778674,836,,1900,
Q129343282,,,2022,
Q141194991,,,2001,https://www.nanyang.edu.sg
Q30262794,,,1966,https://www.dermcoll.edu.au
Q4826829,,,1954,https://uach.mx
Q30263595,,,2001,
Q884503,4880,,1897,https://www.fh-zwickau.de/
Q22680662,,,2015,
Q312578,1163,,1843,https://www.hmt-leipzig.de/
Q6156626,,,2006,
Q126839563,,,1998,https://www.utt.edu.mx
Q7094484,8545,,1961,
Q109919215,,,2007,https://antarbangsa.ac.id
Q5500137,,,1923,https://www.unilibre.edu.co
Q7896344,,,1952,
Q25450403,,,2013,
Q50357841,,,1971,https://schiller.edu/london-campus
Q1500822,8691,,1993,
Q667972,8900,,1990,https://www.imd.org/
Q109912074,,,2021,
Q28604422,,,1931,
Q1391214,316,,1997,https://fh-polizei.sachsen-anhalt.de/
Q16900557,,,2011,
Q15940681,,,1958,https://www.huznu.edu.cn/
Q30293700,,,,https://www.unidep.edu.mx
Q109467100,,,2013,https://umet.edu.ar/
Q7054453,,,1963,
Q4703336,,,2007,https://wpu.edu.sy/
Q30293620,,,,
Q10946791,,,2016,https://www.aiit.edu.cn/
Q30263392,,,1978,
Q7063479,,,1948,https://www.ndu.edu.ph/
Q109912298,,,,https://sttimmanuelsintang.ac.id
Q10927245,2638,,1961,
Q30263840,,,1982,
Q1505925,,,1888,
Q30259116,,,1995,
Q133812242,,,2000,https://atria.edu
Q16994651,,,1984,
Q141194419,,,,https://kkbera.mypolycc.edu.my
Q49208,2576,,1877,https://www.risd.edu/
Q2000065,22500,,1979,https://www.uca.es
Q39047129,,,2012,https://www.policeuniversity.ac.in
Q132803481,,,2021,https://fedpolywannune.edu.ng
Q4874272,,,1997,
Q696757,43281,,2003,https://www.uni-due.de/
Q4327703,5000,,2000,
Q30262920,,,,
Q3635521,,,1958,
Q30257462,,,1997,
Q7503109,,,1928,https://www.showa-u.ac.jp/
Q1816069,40954,,1970,https://www.uniben.edu/
Q11152120,,,2002,https://www.zbvc.edu.cn/
Q30281107,,,1991,
Q141194751,,,,https://kkbesut.mypolycc.edu.my
Q24543,15801,,1990,https://www.upf.edu
Q52842799,,,,https://energiakademiet.dk
Q6457519,,,1886,https://www.ensign.edu/
Q3578507,,,1986,https://www.esta-groupe.fr/
Q25460168,,,1999,
Q30294766,,,2002,https://www.usahidsolo.ac.id
Q6970129,,,1970,
Q5126318,1418,,1946,
Q8026991,,,1982,
Q30263310,,,1935,
Q536709,10775,,1928,
Q5532198,,,1980,
Q7986055,,,1948,
Q15961342,,,1975,
Q122763850,,,2003,https://www.istitutomarangoni.com/en/schools/london-school-of-fashion-and-design
Q7494594,,,1999,https://www.skuast.org
Q39050015,,,1962,
Q7488485,15800,,1912,
Q124251922,,,,https://www.edu-upafa.com
Q10854122,,,1993,https://arums.ac.ir
Q5146598,1512,,1906,https://ccsdetroit.edu
Q3578229,,,1982,https://www.ensp-arles.fr/
Q7885568,,,1879,
Q8095258,3000,,1996,
Q52662844,,,,
Q7566851,254,,1961,
Q6858965,,,2004,
Q30294204,,,,
Q6156819,,,1982,
Q836530,,,1981,
Q7105607,,,1917,
Q12585602,,,2005,https://www.nims.re.kr/eng/
Q109919609,,,1967,https://www.stik-sintcarolus.ac.id
Q11448512,,,1967,
Q5592028,,,1921,
Q109912122,,,2014,
Q11453763,,,1914,https://miyaro-s.myswan.ed.jp/
Q4705313,,,1971,
Q17050803,,,2002,
Q11564584,,,1990,
Q5369925,,,1990,
Q30263041,,,1999,
Q7645706,,,1884,
Q7713455,,,1927,
Q112676991,,,,https://www.gdpepe.edu.cn
Q4997906,,,1999,
Q1267725,,,2001,
Q96386197,,,1981,https://www.kscoeankpa.edu.ng/
Q1781858,3310,,1971,
Q1391209,2570,,1997,https://www.hs-nordhausen.de/
Q664028,,,1997,https://www.hslu.ch
Q125761888,,,,https://nxy.ztu.edu.cn/sypt/tmzdsys.htm
Q16838161,,,2007,https://fupre.edu.ng/
Q132431450,,,2003,https://www.icfptlmarista.org
Q131877451,,,1999,https://ncm.edu.np
Q97374942,,,2008,https://www.trigunadharma.ac.id
Q109919771,,,2000,https://stiasatyanegara.ac.id
Q133811775,,,,https://biew.ac.in
Q1276380,3529,,1920,https://stfrancis.edu/
Q17016519,,,2006,
Q4568903,10165,,1875,https://www.park.edu/
Q5396847,38465,,,
Q6107895,,,,
Q3578512,,,1968,https://www.esce.fr
Q6203210,,,1950,
Q109913573,,,2006,https://www.poliakamigasplg.ac.id
Q136663929,,,,https://www.medicina.ulisboa.pt/laboratorio-de-farmacologia-clinica-e-terapeutica
Q373642,,,1999,
Q134515438,,,1965,https://eastc.ac.tz/
Q5583351,,,1930,
Q30293802,,,,
Q1232180,88000,,1531,https://www.ugr.es
Q11672753,1230,,1989,https://www.tsust.edu.tw/app/index.php?Lang=en
Q7896322,,,1966,
Q1474019,22275,,1927,https://www.hull.ac.uk/
Q765928,187,,1947,
Q15918204,,,1943,
Q7895312,,,1962,
Q6452203,,,2001,https://www.kyoto-saga.ac.jp/en/
Q16257017,,,,
Q6510229,,,1973,https://bgut.by
Q28950077,,,,
Q16899931,,,1989,
Q30257370,,,1996,
Q1201057,,,1867,
Q109912763,,,1994,https://stienganjuk.ac.id
Q12141925,,,1940,
Q7006662,,,2011,https://guttman.cuny.edu/
Q39049847,,,1944,
Q1922090,18000,,1992,
Q7809596,70000,,1971,https://latakia-univ.edu.sy/
Q3269570,3232,,1962,https://www.lynn.edu/
Q11146224,,,,https://www.lit.edu.cn/
Q408109,,,1870,https://www.fcps.edu/
Q30293274,,,1957,https://accute.ca/
Q131389878,,,,https://maaun.edu.ng
Q24944759,,,2005,
Q2944229,,,,https://www.cmsk12.org/
Q581046,,,1934,
Q11047231,,,1951,
Q5380877,16212,,1979,
Q5604671,994,,1892,
Q135738468,,,1995,https://www.unb.ca/saintjohn/ccjs/index.html
Q2333445,,,1943,
Q136663799,,,,https://centroclassicos.letras.ulisboa.pt
Q122811289,,,2023,https://www.ubkou.edu.ci/
Q6458722,,,1939,
Q414009,,,1799,
Q60673567,,,2018,
Q109922394,,,2007,https://stpdobos.ac.id/
Q273483,3263,,1891,https://www.estp.fr/
Q367774,1763,,1910,https://www.okbu.edu/
Q55075123,,,2017,https://sageuniversity.in
Q11926706,,,2000,
Q46996979,,,,
Q3578422,,,1956,
Q504263,,,1979,
Q4295216,,,1960,
Q16656914,,,1922,
Q137942739,,,2021,https://khongnangthabauniversity.ac.in
Q7496296,,,1970,
Q30293850,,,,
Q3075696,,,1956,
Q489753,,,1876,
Q30267130,,,1961,
Q12513054,,,,https://www.stakpnsentani.ac.id
Q7535073,2684,,1903,https://www.skidmore.edu/
Q3551676,,,2010,https://udh.edu.ne/
Q114893592,,,2021,
Q123449170,,,2010,
Q30262859,,,1996,
Q28163498,,,1983,
Q123512441,,,,https://www.erell.ngo
Q4059230,,,1992,
Q12141542,3468,,1919,
Q4683035,,,2008,https://adithyatech.edu.in/
Q21190797,,,2015,https://mcbu.ac.in
Q3658386,9000,,1995,
Q30293847,,,,
Q109912667,,,,
Q929378,170,,1994,
Q567899,,,1882,https://www.puchd.ac.in
Q496351,,,2008,https://www.wum.edu.pl/
Q30262049,,,,
Q6424882,7449,,1971,
Q140351235,,,2014,https://www.hocviencanbo.hochiminhcity.gov.vn
Q123695196,,,1957,https://seismobsko.pmf.ukim.edu.mk
Q30263803,,,2008,
Q4962515,,,1934,
Q30294018,,,,
Q739627,78323,,1855,
Q100979655,,,,
Q30264966,,,,
Q7896323,,,1965,
Q1094742,,,1901,
Q30263408,,,1907,
Q141194405,,,1979,https://www.ipdas.edu.my
Q321369,5583,,1898,https://www.hs-mannheim.de/
Q137204557,,,1984,https://scst.edu.ly
Q13122809,31723,,1984,https://www.mu.ac.ke/index.php/en/
Q4438810,,,1999,https://sdamp.ru
Q2565230,8357,,1992,
Q16537075,,,1955,https://etudiant.gouv.fr/en
Q2894666,3293,,1950,
Q30294120,,,,
Q77081646,,,1946,
Q136352001,,,2012,https://www.adamahmc.edu.et
Q30279630,,,,
Q30262947,,,2006,
Q16943197,,,2008,https://niperguwahati.ac.in
Q138860320,,,2013,https://upa.edomex.gob.mx
Q2128645,,,,
Q7008837,,,2001,https://newhorizoncollegeofengineering.in
Q24576,21253,,1990,https://www.url.edu
Q28954195,,,,https://unmerponorogo.ac.id
Q11074629,,,2003,
Q6133253,,,1988,
Q15917097,,,1958,https://www.sdca.edu.cn/
Q12523312,,,1963,https://www.ucy.ac.id
Q15261132,,,2010,
Q52636504,,,,
Q109911556,,,,https://sttkao.ac.id
Q104630607,,,2011,https://staitaruna.ac.id/
Q25471026,,,2007,https://www.perbanas.id
Q9380756,,,1997,
Q2004114,16401,,1907,https://www.rea.ru/
Q12701156,,,,
Q6850968,466,,1917,
Q30263556,,,,
Q107377284,,,2020,
Q3321507,9000,,1997,
Q105626424,,,2013,https://www.stdhkbp.ac.id
Q141195194,,,1968,https://www.kcc.edu.my
Q4163228,,,1966,https://dduvs.edu.ua
Q29051048,,,,https://www.ecotec.edu.ec/
Q52851545,,,1951,
Q55625215,,,2018,https://nmu.edu.ng/
Q6689310,3142,,1964,
Q6736432,,,,
Q7368161,71,,1952,https://rosedale.edu/
Q3020567,,,,
Q30257257,,,1994,
Q6827343,934,,1965,
Q16165042,,,2001,https://www.stkipaisyiyahriau.ac.id
Q129342769,,,2022,
Q52856574,,,2002,
Q1026836,174,,2005,
Q3551584,,,1901,
Q131428270,,,,https://events.ipv.pt/cidei/
Q9380796,,,1995,https://mans.org.pl/
Q60987670,,,2019,https://pc.yamazaki.ac.jp/
Q7982289,3090,,1939,
Q105626529,,,2003,https://header.kaputama.ac.id/
Q135983365,,,1908,https://ssppibadan.edu.ng
Q6473779,,,1922,
Q344262,20000,,1996,https://www.bilgi.edu.tr/
Q109919704,,,1991,https://ibmt.ac.id
Q5999410,531,,1955,
Q135739062,,,,https://eiu.edu.kg
Q136351884,,,2019,https://www.ciom.edu.au
Q2983587,,,1969,
Q1243904,28067,,1977,https://www.uah.es
Q4418236,,,1930,
Q18785812,,,1998,
Q9727031,,,1971,
Q141194439,,,2013,https://unisiraj.edu.my
Q109913263,,,1990,https://www.jayakarta.ac.id
Q41497728,,,2017,
Q1077639,5741,,1968,https://www.iulm.it
Q11357784,985,,1922,
Q221653,,,1636,https://www.uu.nl/
Q6525547,,,1996,
Q109912318,,,2020,https://ubhi.ac.id
Q30260314,,,1960,https://www.bjou.edu.cn/
Q11884307,6769,,1948,
Q12523443,,,2001,https://sisfo.upiyptk.ac.id
Q6052301,,,1990,https://www.ipu.ac.nz/
Q30293997,,,1995,
Q812885,120,,1989,
Q7419011,,,1824,https://www.sanskritcollegeanduniversity.ac.in/
Q30294187,,,,
Q1048626,,,1878,https://www.lincoln.ac.nz/
Q30266604,,,1863,https://www.usd475.org/
Q109913059,,,2002,https://www.stifibp.ac.id
Q5955020,,,1921,
Q5560714,,,1986,
Q10274467,,,,https://esad.pt
Q7987981,5360,,,https://www.witcc.edu
Q30265423,3753,,,
Q7663848,,,1985,
Q3570196,,,1877,https://www.wycliffecollege.ca
Q7895907,717,,1985,
Q100989286,,,,
Q131428236,,,2021,https://mnu.ac.ke
Q140351109,,,2020,https://www.emuni.uz
Q7569425,2260,,1967,
Q140907669,,,2004,https://alhikmah.ac.id/
Q135398258,,,2020,https://www.esiee-it.fr
Q134250750,,,,https://ecati.ulusofona.pt
Q897742,90,,2010,
Q141194670,,,,https://newinti.edu.my
Q7569745,1225,,1911,
Q1026909,18687,,1960,https://www.csudh.edu/
Q18159232,,,1887,
Q6156770,,,1980,
Q130882817,,,,https://www.bctech.edu.vn
Q469482,7572,,1866,https://www.aub.edu.lb
Q19727081,,,2024,
Q1275285,3600,,2007,https://www.em-strasbourg.com/fr
Q4005949,,,2005,https://www.uninettunouniversity.net/en/default.aspx
Q7894243,,,2001,
Q47249304,20000,,2018,
Q4981841,,,1999,
Q109913817,,,2014,https://www.akjp2.ac.id
Q19891144,,,2014,
Q1883765,,,1990,
Q3633126,,,2003,https://www.upes.ac.in
Q30263625,,,1939,
Q15262510,,,1953,
Q140314968,,,1998,https://nasccbe.ac.in
Q5569419,1583,,1872,
Q6165980,,,1962,
Q10854054,,,1984,https://kashan.iau.ir/
Q52636114,,,1971,
Q6516572,6363,,1968,
Q12523481,,,1986,https://uwgm.ac.id
Q5243021,,,1917,
Q2119752,22000,,1506,https://www.uniurb.it
Q141194682,,,1966,https://www.darulquran.gov.my
Q116201315,,,,
Q5104749,,,1968,
Q7105629,,,1950,
Q11561246,1906,,1938,
Q30294777,,,1995,https://iuu.edu.mn/
Q1622109,3041,,1994,https://www.hof-university.de/
Q3533383,,,1935,
Q48880972,,,1952,
Q125450722,,,1984,https://www.ena.edu.pe
Q28220884,,,1991,https://unik.edu.ge/locale/en
Q2983775,,,1929,
Q41085,36136,,1953,https://www.skku.edu/
Q30266496,,,1945,
Q5166726,,,1972,
Q7658423,,,,
Q5397328,,,1952,https://www.ebape.fgv.br
Q130537756,,,,https://istec-porto.pt
Q30294373,,,,
Q25512487,,,,
Q4112965,,,1967,
Q14707985,2042,,1964,
Q5204344,,,1958,
Q1872239,11126,,1894,https://www.latech.edu/
Q7057949,1011,,1973,
Q28950092,,,2004,https://www.jagakarsa.ac.id
Q13098271,,,2014,https://www.untidar.ac.id
Q12074697,,,1946,
Q123422183,,,2019,https://uaes.edu.ng
Q135095432,,,1985,https://invihab.faud.unc.edu.ar
Q30294700,,,,
Q662976,19018,,1971,https://www.assas-universite.fr
Q447354,4963,,1775,
Q6496477,,,1888,
Q1550192,924,,1954,
Q1104589,,,1953,https://www.hakodate-jc.ac.jp/
Q4744172,,,2007,
Q31351904,,,,
Q141193695,,,2013,https://www.gstc.edu.my
Q836096,,,1997,https://www.yachts.ac.jp/
Q7983936,,,1989,
Q7986758,7513,,1963,
Q1728143,,,1856,https://www.ksbg.ch
Q17059195,,,2012,https://www.jru.edu.in
Q1326245,,,1962,https://www.musabi.ac.jp/
Q124634939,,,,https://nbuc.edu.my
Q18026629,,,,
Q4962528,,,,
Q3732873,,,1958,https://www.espol.edu.ec/
Q7314413,,,2002,
Q899470,,,1966,
Q30265094,1462,,1907,
Q3217297,,,1987,
Q2426185,,,1931,
Q7450279,,,1967,https://www.senecapolytechnic.ca/
Q11670393,,,1947,
Q30293925,,,,
Q39046360,,,2013,https://www.aujodhpur.ac.in
Q30258698,,,1944,
Q1391182,3005,,1992,
Q8044607,,,1952,
Q115038143,,,1974,https://www.geotop.ca/
Q6874487,,,2008,
Q10274475,,,2001,
Q28942624,,,,
Q15262543,,,1996,
Q2002085,10936,,1964,
Q113561011,,,,
Q10927278,8985,,1991,
Q16935354,,,1981,
Q115923779,,,,
Q15051796,,,1986,
Q30293697,,,1995,
Q136663888,,,2001,https://studia-online.pl
Q702499,13628,,1974,
Q6329957,,,,
Q141195101,,,2002,https://yahos.edu.my
Q109913829,,,2009,
Q14715713,,,1971,
Q109365538,,,2021,https://web.seto.ac.jp
Q12100332,,,1999,https://dnpb.gov.ua
Q5971900,,,1956,
Q7054810,,,1958,
Q5383283,,,1785,
Q3272997,21501,,1967,
Q3303928,440,,1839,https://www.episcopalhighschool.org/
Q7962897,4763,,1966,https://www.wallacestate.edu/
Q128123055,,,,https://iees.pt/escola-superior-de-tecnologias-de-fafe/
Q12437401,,,2008,https://wbsu.ac.in/web/
Q5171546,,,2012,https://tech.cornell.edu/
Q30266849,,,1944,
Q4186920,14000,,1930,https://www.znu.edu.ua/
Q7166895,,,,
Q860278,,,1916,
Q5957704,,,1982,https://www.shariaty.ac.ir/fa
Q7295639,,,,
Q30294066,,,,
Q1269766,,,1829,https://www.dtu.dk/
Q141195794,,,,https://kksepang.mypolycc.edu.my
Q11377921,,,1977,
Q1190682,,,1968,https://www.ibo.org
Q3101701,,,1957,
Q6085866,,,2006,
Q422208,12819,,1876,https://www.wur.nl/
Q7578863,4189,,1967,
Q109439648,,,2002,
Q11815224,,,1999,https://puas.pl/
Q491524,,,1993,
Q109913124,,,2000,https://www.stai-alazharmenganti.ac.id
Q5060306,1546,,1989,https://www.cacc.edu/
Q7305718,,,1982,
Q1637611,,,1573,
Q18484177,,,2016,https://www.uniara.com.br
Q7075970,,,1969,https://www.ocean.edu/
Q30257510,,,,
Q5461287,,,1933,
Q5738694,,,1993,
Q175529,20317,,1918,
Q138610946,,,2018,https://burauen.cc
Q498526,36208,,1857,https://www.sjsu.edu/
Q52660807,,,,https://www3.centro.edu.mx/
Q727516,38000,,2004,https://www.ukzn.ac.za/
Q17230320,,,1975,
Q7712185,,,2011,
Q11453656,,,1987,https://higasi-h.myswan.ed.jp/
Q53577825,,,2018,
Q109911535,,,1997,https://www.unanda.ac.id
Q4322512,,,1993,
Q8052865,,,,
Q7500175,,,1888,
Q6100422,,,2006,
Q11815239,,,1998,https://ans.konin.pl/
Q2598272,,,2005,
Q4849228,2279,,1858,
Q7686915,,,1959,https://www.untar.ac.id
Q6428230,,,1928,
Q5684692,,,1999,
Q5171565,,,1894,
Q31350654,,,2015,https://ssvit.ac.th
Q809106,7515,,1940,https://www.barry.edu/en
Q1388310,,,1997,
Q6191778,,,,
Q30266027,,,1952,
Q109911428,,,2018,https://www.universitasmegarezky.ac.id
Q7895315,,,1867,
Q104864900,,,2005,
Q12523340,,,1981,https://uniska-bjm.ac.id
Q13577806,5459,,1972,
Q141194128,,,1949,https://bcnb.ac.th/bcnb/www/
Q4114428,,,1972,https://www.usuhs.edu/
Q627271,6917,,1880,
Q133812253,,,,https://www.sumas.edu.ng
Q109919766,,,2009,https://www.stikespanritahusada.ac.id
Q6290079,,,1981,
Q135095379,,,,https://www.ihcoimbra-osc.com
Q305997,,,1911,
Q23905972,,,1984,https://stienas-ypb.ac.id
Q30294711,,,,
Q7060093,1666,,1966,
Q127415598,,,,https://www.capitalcollege.ca
Q6532444,,,1992,
Q7895604,,,2003,https://www.uok.ac.in
Q1702850,4500,,1984,
Q12523441,,,,
Q3412538,,,2011,
Q141195518,,,,https://kklipis.mypolycc.edu.my
Q12104641,,,1960,https://ztu.edu.ua/
Q1814435,17896,,1954,https://www.une.edu.au/
Q21427194,,,2010,
Q1142917,,,1917,
Q97374933,,,2020,https://www.atmaluhur.ac.id
Q2492836,,,1949,
Q30265904,,,,
Q23985,7170,,1962,https://khmnu.edu.ua/
Q10387883,,,1976,
Q112752048,,,2016,https://www.hfy.no
Q30294399,,,,https://www.supmanagement.ma
Q54865293,,,,
Q30297173,,,,
Q50807584,,,1947,
Q109913314,,,2014,
Q7129473,,,2011,https://www.pau-au.africa/
Q12055399,,,2005,
Q10829104,,,,https://ntt.edu.vn/
Q141195658,,,1993,https://stdc.edu.my
Q3550219,,,1908,
Q1111367,7172,,1873,https://www.mines.edu/
Q99678207,,,2002,
Q56605360,,,,
Q92176979,,,2005,
Q3335261,,,1981,https://www.kpu.ca/
Q6346666,,,1965,
Q5123115,,,2002,
Q27991343,,,,https://www.infotec.mx
Q15267784,,,2009,https://www.pcuv.es
Q4902598,,,2005,
Q23214133,,,2010,https://garmian.edu.krd/en/university-of-garmian/
Q16251004,,,2011,
Q3445966,,,1980,
Q5698693,1230,,1850,https://www.heidelberg.edu/
Q22079915,,,2015,https://www.gtiit.edu.cn/index.aspx
Q4210420,,,1948,https://tksu.ru/
Q12742860,,,1992,
Q1074015,,,1924,
Q7593281,,,,
Q141195758,,,1982,https://colleges.segi.edu.my/petalingjaya/
Q11441041,,,1936,
Q52851851,,,1997,
Q7896299,163,,2007,https://www.u-shimane.ac.jp/junior_college_department/
Q17455779,,,1940,
Q4126503,,,1962,https://вси.мвд.рф
Q50347604,,,,
Q11494037,,,1950,
Q1055243,10000,,1932,
Q137943589,,,2010,https://jaihind.edu.in/
Q482716,,,1914,https://chn.skhu.ac.kr/chn/index.do
Q30287931,,,,
Q11947381,,,2000,https://www.vso.cz/
Q5073008,,,,
Q8061339,,,1951,
Q17073853,,,,
Q2460112,,,1967,
Q10873109,,,1978,
Q135739042,,,2023,https://www.iitmz.ac.in
Q55074601,,,2018,https://ppup.ac.in
Q114163206,,,2021,https://www.sanjo-u.ac.jp/
Q137650231,,,2019,https://www.gandakiuniversity.edu.np
Q7896530,,,1918,https://www.vetuni.cz
Q124653604,,,2023,https://www.teestauniversity.ac.bd/
Q133812162,,,2004,https://iihmrbangalore.edu.in
Q7414404,,,1977,
Q30263579,,,1979,
Q141195109,,,2013,https://kkampang.mypolycc.edu.my
Q135911709,,,,
Q10883828,,,1898,
Q6475861,1666,,1857,https://www.lakeforest.edu/
Q17067952,,,1997,
Q4617100,,,1975,https://okimu.jp/
Q59536698,,,,https://www.uni-giessen.de/faculties/f06/psy/other-inst/center-for-psychobiology-and-behavioral-medicine?set_language=en
Q136663804,,,,https://www.clsbe.lisboa.ucp.pt/pt-pt/center-ethics-business-and-economics/center-ethics-business-and-economics
Q131920937,,,2010,https://dsuni.ac.in
Q4304064,6000,,1996,
Q15939867,,,1964,
Q10274508,,,,
Q16830779,,,2009,
Q20026263,,,2002,
Q4119470,7137,,1807,https://www.umaryland.edu/
Q2822373,,,1710,
Q5146837,,,1965,
Q3551358,1334,,1893,https://www.umwestern.edu/
Q22948633,,,2016,
Q20411120,,,2009,
Q687110,,,2000,
Q74530265,,,,
Q117405648,,,2018,https://www.mbahs.edu.np
Q636060,,,1852,
Q1136919,36660,,1858,https://www.iastate.edu
Q7035695,2550,,1881,
Q18110831,,,2013,https://www.cushahuniversity.ac.in
Q167733,2631,,1889,https://barnard.edu/
Q109919813,,,2002,https://stipaskak.ac.id
Q12530114,,,1972,https://api.edu.kz
Q2919406,,,2010,
Q30266461,,,2003,
Q2114730,,,1987,https://www.u-shizuoka-ken.ac.jp/
Q3577992,,,2010,
Q19747822,,,2012,https://www.nurulfikri.ac.id
Q5061331,,,1938,
Q7085725,,,1913,https://www.oldscollege.ca/
Q7307545,,,1966,
Q85846751,,,,
Q7588840,,,1939,
Q605669,,,1949,https://muroran-it.ac.jp/
Q1659385,,,1939,https://afajof.org
Q14510313,,,,
Q109911126,,,2014,https://www.aka.ac.id
Q130552808,,,2023,
Q47457486,,,,
Q109911747,,,1996,https://akperbuntetpesantren.ac.id
Q12523318,,,1981,https://www.unitomo.ac.id
Q14716399,,,1850,
Q141194725,,,,https://kkbandardarulaman.mypolycc.edu.my
Q140877931,,,1996,https://cctben.edu.ly/
Q7855557,,,1992,
Q12523399,,,1990,https://unmuhpnk.ac.id
Q60994106,,,1999,
Q1640648,,,1990,https://www.canberra.edu.au/
Q140046111,,,,https://projects.cs.dal.ca/a2i2/
Q137409035,,,2017,https://www.ptec.edu.kh
Q7408990,,,1967,https://www.suniv.ac.in
Q5548011,,,1967,
Q30294039,,,,
Q30298763,,,1985,
Q97523903,,,2002,https://www.stikeseub.ac.id
Q5152716,,,1994,https://ched.gov.ph
Q41568321,,,1981,https://www.northeastmaritime.com/
Q2333300,,,1976,
Q29128533,,,,
Q103519800,,,1981,https://srcoe.edu.ng/
Q5116276,,,1983,
Q17018054,16736,,1954,
Q3551470,,,1970,https://univuob.org/
Q11815235,,,2004,
Q13098264,,,1999,https://www.umpwr.ac.id
Q7291881,,,,
Q1458113,21209,,1903,https://www.uvic.ca/
Q4770656,,,1978,
Q4968008,,,1970,
Q2888884,,,1969,
Q5603127,,,1963,
Q4696565,,,1951,
Q6958966,,,1907,
Q11441055,855,,1963,https://www2.ct.osakafu-u.ac.jp/
Q7522140,,,1977,https://sau.edu.pk/
Q25106087,,,,https://arsiun.edu.et/
Q4118781,593,,1956,https://www.covenantseminary.edu/
Q7055219,,,1998,https://www.nemc.edu.bd/
Q6457112,,,1984,
Q9143102,,,1950,
Q5099970,,,1946,
Q2047109,,,1967,
Q30264960,,,1984,
Q5596621,,,1948,https://www.grantham.ac.uk/
Q131428243,,,,https://www.uc.pt/ceres/
Q30281377,,,1978,
Q4806551,,,1991,https://aaft.com
Q19726581,,,1986,https://intan.ac.id/home
Q4901570,,,1979,
Q1961196,,,1851,https://www.nmsbern.ch/
Q5248546,,,2005,
Q8973195,,,1981,
Q7896220,,,1947,
Q337502,,,1943,https://www.academie-kinshasa.com/
Q109912291,,,2015,https://www.stiami.ac.id
Q3303491,,,2005,
Q7914075,2963,,1969,
Q5746274,359,,1909,
Q14956983,,,2018,https://www.btu.ac.in
Q141195346,,,1966,
Q12110177,,,1961,https://circusacademy.kiev.ua/
Q4400558,,,1989,
Q5927506,,,1984,
Q4741870,,,2003,https://ambrose.edu/
Q10854129,,,1949,
Q16901491,,,2012,https://www.glocaluniversity.edu.in
Q18458592,,,,https://hvpnvn.edu.vn/
Q30265680,,,1995,
Q109911525,,,2018,
Q139408088,,,1970,https://www.escuni.es
Q8050369,6009,,1965,
Q3578408,3787,,1995,https://www.esilv.fr/
Q7353961,1231,,1959,
Q30294274,,,,
Q707140,20210,,1962,https://en.pccu.edu.tw/
Q135095558,,,,https://www.phnmsbern.ch
Q28950168,,,,
Q18588985,,,1989,
Q136663623,,,,
Q139407511,,,2020,https://www.dehukam.org
Q124691781,,,2016,https://www.cu-maghnia.dz/
Q5087595,170,,1971,
Q978124,,,1967,
Q1067935,56000,,1852,https://www.ulaval.ca/
Q5165599,,,,
Q17070996,,,2003,https://www.mgsubikaner.ac.in
Q109921368,,,2014,
Q30294275,,,,
Q941551,5880,,1865,
Q141193766,,,2000,https://www.fis.edu.sg
Q30255787,,,1977,
Q124526002,,,,https://www.bbma.com.cn
Q113551493,,,1980,https://iegb.edu.pe
Q1523703,3424,,1995,
Q7401271,2769,,1847,
Q30288414,,,,
Q7373315,,,1994,https://rrchnm.org/
Q30266688,,,1962,
Q1665159,2190,,1990,
Q2008672,28498,,1962,https://oauife.edu.ng
Q16242349,56,,2005,https://uic.edu.cn
Q4564294,1664,,1794,https://site.tusculum.edu/
Q112676174,,,,https://www.xtmc.edu.cn/index.htm
Q5316544,,,,https://www.dpsnc.net/
Q30291511,,,1936,
Q703620,,,1917,https://www.cbs.dk/
Q7976146,,,,
Q4745321,,,1994,https://www.aust.edu.lb/
Q5507683,,,1997,
Q54823899,,,1998,
Q1391751,,,2012,https://dukekunshan.edu.cn
Q7122577,569,,1909,https://pnca.willamette.edu/
Q23966,,,1930,
Q1024969,17000,,1959,https://www.cabrillo.edu/
Q709296,3038,,1994,https://www.tcu.edu.tw/
Q30285271,,,1979,
Q31726194,,,2013,
Q137408926,,,,https://www.swissuniversity.com
Q30266539,,,1986,
Q140045770,,,2022,https://www.dal.ca/faculty/jrj-chair/black-studies-research-institute-in-stemm.html
Q3551623,,,2008,
Q140907590,,,2000,https://stitmuba.ac.id
Q50040282,,,1948,
Q106548222,,,2019,https://www.ufnt.edu.br
Q29642358,,,,
Q30263632,,,2006,
Q6365773,,,1886,
Q61932825,,,2010,https://softwarica.edu.np/
Q5072158,,,1958,
Q30294745,,,,
Q30293770,,,,
Q4308101,5700,,1950,https://mauniver.ru/
Q4304300,,,2000,
Q97041711,,,2019,https://www.ssmeridionale.it/
Q30263773,,,2001,https://www.imed.edu.br/
Q1051840,1724,,1926,https://www.sarahlawrence.edu/
Q1333933,,,1991,https://www.utdt.edu/
Q14979437,,,1992,
Q30289034,,,,
Q43895592,,,1975,
Q105475483,,,2012,
Q4361026,,,2005,
Q5242645,377,,1940,
Q30293909,,,,
Q109911142,,,2018,https://poltekesos.ac.id
Q10888084,2556,,1966,https://www.hust.edu.tw/
Q30257546,,,,
Q55619051,28500,,2019,https://www.tudublin.ie
Q7571407,,,1885,https://www.sckans.edu/
Q30263958,,,1979,
Q7413443,12206,,1926,https://www.valleycollege.edu
Q6452166,,,1939,
Q5575668,335,,1900,
Q30294807,,,1986,https://www.widyakartika.ac.id
Q24590363,,,2008,https://sgbit.edu.in/
Q1637997,7131,,1959,
Q2992066,,,1948,https://bsufl.by/
Q309988,23321,,2009,https://www.kit.edu/
Q30294499,,,,
Q1364344,,,1843,https://www.archchicago.org/
Q117405733,,,2020,https://www.unic.co.ao
Q11647424,,,1962,
Q109913724,,,2005,https://www.stisalittihad.ac.com
Q3551469,,,1886,
Q7569355,2505,,1960,
Q17081221,,,2004,
Q11503114,,,2006,
Q25208128,,,1924,
Q1259168,11448,,2002,https://www.fh-swf.de/
Q140588963,,,2007,
Q37548,33197,,1898,https://www.northeastern.edu/
Q5251386,,,1946,https://www.dinfos.dma.mil/
Q30283885,,,,https://acaweb.org
Q6973689,,,2007,
Q10887647,,,1978,https://www.bsnc.cn/
Q138859802,,,2017,https://www.nce.ac.mw
Q14323224,,,1990,https://www.stieken.ac.id
Q766034,,,1987,https://isunet.edu
Q4418232,,,1933,https://sgugit.ru/
Q10302834,,,,
Q3445256,134345,,1932,
Q3232206,111833,,1953,https://www.utn.edu.ar/
Q11647443,,,1893,
Q16511227,,,2013,
Q132803403,,,2017,https://bschool.dpu.edu.in
Q11148503,,,1978,
Q100872718,,,2011,https://www.fuwukari.edu.ng/
Q11672479,,,1912,
Q92177156,,,2010,
Q8055824,,,2003,https://www.yorkvilleu.ca/
Q5189182,,,1963,
Q915400,,,2006,https://jabu.edu.ng/
Q8039077,,,1965,
Q7081869,,,1951,
Q6069457,,,2012,
Q5091892,6500,,1996,https://www.chsu.ru/
Q7443422,,,1949,
Q109912180,,,2009,https://akfarmitseda.ac.id
Q4683283,,,1967,
Q5513480,,,2002,https://www.gift.edu.pk/
Q31190877,,,1937,
Q20411399,,,2014,https://www.buc.edu.eg/
Q30266501,,,,
Q30293641,,,,
Q5560127,,,2006,
Q30294241,,,,
Q2878598,,,1964,
Q3152403,,,1969,https://inrs.ca/
Q7923697,,,2001,https://www.upvetuniv.edu.in
Q5069580,,,1889,
Q109913498,,,1997,
Q3011938,,,1979,
Q20436551,,,,https://nubl.org/
Q16902333,,,2012,
Q1513916,128,,2005,
Q1129925,,,1888,https://www.uc.cl/
Q3439770,16000,,1932,https://asu-edu.ru/
Q30253761,,,1940,
Q15295883,,,2014,https://www.uniarts.se/
Q6924935,2253,,1972,
Q5952880,21656,,1950,https://english.tku.edu.tw/
Q467174,,,2011,
Q3449522,,,1998,https://gau.edu.bd/
Q43896531,,,1990,https://www.physioschule.ch/
Q28407671,,,2011,
Q30294059,,,,
Q1890179,,,1994,https://www.che.nl/en
Q1132346,34767,,1887,https://ncsu.edu
Q140351635,,,2015,https://pami.aust.edu.ng
Q4836273,,,1992,
Q24896276,,,2015,
Q16708719,,,1995,
Q30293774,,,,
Q74434752,,,,https://inudi.edu.pe
Q7487946,,,1958,https://ufhealth.org/
Q3954913,,,2004,https://www.hsmu.ac.kr/
Q43896495,,,,
Q687017,71351,,1974,https://www.fernuni-hagen.de/
Q74547106,,,1993,https://iigg.sociales.uba.ar
Q5514719,,,1964,
Q2982991,1733,,1846,https://grinnell.edu
Q109913093,,,2014,
Q30267021,,,1999,https://www.crh.org.au/
Q138460431,,,1997,https://ipv.org.ua
Q100956312,,,1976,https://www.esp-antsiranana.mg/
Q5638804,,,1964,
Q4854741,,,1958,https://www.unisba.ac.id
Q5059460,,,,https://carta.anthropogeny.org
Q5494632,,,1902,
Q5690669,,,1974,
Q1388301,13671,,1971,https://www.fh-aachen.de/
Q4874178,1898,,1962,
Q20452269,,,,
Q11674587,,,1973,
Q1365807,1464,,1976,
Q7692498,,,2007,
Q11525578,958,,1901,
Q56832,,,1959,https://kntu.net.ua
Q30293837,,,,
Q483680,,,1969,
Q3391625,,,1996,
Q703930,5834,,1954,https://w3.nknu.edu.tw/en/
Q309948,42954,,1962,https://www.ruhr-uni-bochum.de/de
Q33121139,,,,https://www.svial.ch/
Q127428937,,,2019,https://www.nexford.edu/about
Q1057890,,,1887,https://www.rmit.edu.au/
Q1661331,25611,,1853,https://www.myips.org/
Q1718685,53124,,1970,https://www.sakarya.edu.tr/
Q33121789,,,1899,
Q99973613,,,2020,https://www.uesd.edu.gh/
Q7308066,,,1984,
Q7074079,,,1991,https://www.oaklands.ac.uk/
Q139771612,,,1996,
Q14685856,13937,,1960,
Q6145842,6553,,1972,
Q3578414,,,1993,
Q109913642,,,2008,https://maitreyawira.ac.id
Q1525831,358,,1941,https://www.mdanderson.org/
Q12376457,,,1811,https://www.nooruse.ee/
Q1342013,11100,,1900,https://itmo.ru/
Q5330550,3504,,1925,
Q13140628,,,1992,https://www.delsu.edu.ng/
Q109913465,,,2007,
Q30294218,,,2008,https://univ-relizane.dz/
Q30293905,,,,
Q107478060,,,,
Q7686664,43000,,1965,https://www.tccd.edu
Q2563821,,,1972,https://www.dstu.ru/
Q1026905,7446,,2002,
Q140645558,,,1959,https://hmmcollege.ac.in
Q19730999,,,2008,https://www.poltekom.ac.id
Q85970155,,,,
Q3551326,,,1981,https://en.ufro.cl/
Q3551829,,,2005,https://upm.ac.ma/
Q7013368,,,1984,
Q338645,5000,,1980,https://www.unic.ac.cy
Q5999827,2413,,1924,
Q140871225,,,1991,https://seaborg.llnl.gov
Q6156663,,,1982,
Q872071,942,,2007,https://www.modul.ac.at/
Q4418179,,,1895,
Q109922478,,,2010,https://hestiwirasriwijaya.ac.id/
Q132478,16900,,1865,https://www.brookes.ac.uk/
Q3674409,,,1992,https://www.kafkas.edu.tr/
Q61984428,,,,
Q7432540,,,2002,https://www.aspete.gr
Q2212976,5152,,1912,https://www.smumn.edu/
Q257655,,,1905,
Q30252846,,,1994,
Q2882628,,,1916,
Q1471684,,,1984,
Q11283766,2293,,1917,
Q7877609,,,1993,
Q41568544,,,1984,https://www.olagrimsby.com/
Q520458,3453,,1936,https://www.nhh.no/
Q4117147,,,1838,https://www.slps.org/
Q11260172,,,1987,https://www.isu.ac.jp/
Q1347162,750,,1867,
Q5061956,,,2009,
Q16481176,,,,https://nau.edu.vn/
Q16982077,,,2013,
Q11426762,964,,1920,
Q7591515,12696,,1898,
Q30293897,,,,
Q3908255,,,1980,
Q156737,27468,,1665,https://www.uni-kiel.de/de/
Q17998207,,,2008,
Q30298761,,,1921,
Q19851895,,,,
Q136663808,,,,https://oa.fc.up.pt
Q140907452,,,,https://khcms.edu.krd
Q3695416,,,1864,
Q45841562,4800,,2017,
Q26257926,,,2015,
Q9366826,,,,
Q31352134,,,,
Q13405291,,,1982,https://www.pnj.ac.id
Q133810698,,,2023,https://www.fepo.edu.ng
Q137795908,,,2017,https://gnfsu.edu.in
Q30293948,,,,
Q30257718,,,,
Q7988100,,,1971,
Q4845603,370,,2000,https://www.ishikawa-nu.ac.jp/
Q30267743,,,,
Q6156847,,,,
Q932704,,,1951,
Q21015845,,,1992,
Q3551769,,,1998,https://www.unisannio.it
Q109912512,,,1975,https://www.stkippgrispg.ac.id
Q6893709,3654,,1970,
Q64212487,,,1982,
Q1481995,,,2004,https://www.unikore.it/index.php
Q9380801,,,2007,
Q30674031,,,2006,https://atmu.edu.az/az/web/index
Q30272135,,,2008,
Q4699645,,,1998,
Q3067794,,,1953,https://www.uptc.edu.co/sitio/portal/
Q5053274,,,1991,
Q59536721,,,2011,https://insigneo.org/
Q40000,,,1951,
Q4173330,60404,,2012,https://www.univ-lorraine.fr/
Q7972302,,,1989,
Q1434547,19449,,1909,https://www.lboro.ac.uk/
Q15913567,,,1940,
Q4802106,,,1995,
Q30263421,,,1979,
Q30293992,,,,
Q2391189,,,1997,
Q15178043,,,1970,
Q30293711,,,,
Q3695552,,,,
Q7416378,,,2005,
Q11286676,,,1978,
Q1622123,2200,,1991,
Q4500472,1014,,1883,
Q637099,,,1991,
Q124251974,,,2022,https://staiku.ac.id
Q109911931,,,2019,https://umsrappang.ac.id
Q30257737,,,1996,
Q14957052,,,2008,https://www.tmu.ac.in
Q136352105,,,2019,https://akademijazs.edu.rs
Q4891944,,,1940,
Q30293654,,,,
Q137409058,,,2015,https://www.buqaen.ac.ir/en
Q31133203,,,2001,https://www.stpmsantaursula.ac.id
Q1877909,33,,1948,
Q43895991,,,1980,
Q2669045,,,1995,
Q1193547,13927,,1834,https://tulane.edu
Q109912345,,,2016,
Q4222416,,,1948,https://www.cipuc.edu.cn/
Q5784190,,,1908,
Q122453,22616,,1829,https://www.uni-stuttgart.de
Q135095345,,,2000,https://bvricedegree.edu.in
Q30297329,,,1986,
Q5338168,,,2012,https://www.edinburghcollege.ac.uk
Q15818931,,,2013,
Q6595739,,,1995,
Q11888698,,,2004,
Q12102466,5000,,1998,
Q29127543,,,,https://www.uneve.edu.mx/
Q896116,446,,1992,https://hfg-karlsruhe.de/en/
Q17069477,,,1950,https://www.tgc.ac.in
Q15904557,,,2001,
Q4154234,,,1929,
Q220144,6295,,1916,https://soas.ac.uk
Q15907739,,,2006,https://www.nfu.edu.cn/
Q16997159,,,1889,
Q7896178,,,1970,https://www.uprp.edu/
Q109913629,,,,https://www.sttii-surabaya.ac.id
Q61930723,,,2014,
Q7970595,800,,1894,https://www.warren-wilson.edu/
Q136663707,,,2013,https://www.upmys.edu.mx
Q119857221,,,,https://yemenacademy.edu.ye
Q7336033,,,1947,
Q5132110,,,,
Q2596662,,,2002,
Q12513087,,,2006,
Q1105526,,,1930,https://www.codarts.nl/
Q671642,,,1964,https://unima.ecampus.ac.mw/
Q7515577,,,,
Q12513078,,,1993,
Q6484763,,,1985,
Q30260462,,,2000,
Q29426477,7322,,1967,https://fstu.uz/
Q25469604,,,2014,https://staindirundeng.ac.id
Q12619195,,,,
Q6879737,,,2000,
Q4796885,814,,1949,
Q109919547,,,2014,https://www.politeknikmeta.ac.id
Q12506038,,,1989,https://www.politanipyk.ac.id
Q4303364,,,1890,
Q132018251,,,,
Q5146702,,,2007,
Q6583834,,,1999,
Q624993,,,1906,
Q83371852,,,2012,https://www.southampton.ac.uk/my/
Q192539,,,1891,
Q3694529,1326266,,1974,https://www.aiou.edu.pk/
Q141195800,,,1961,https://www.dbscollegedehradun.ac.in
Q141194468,,,,
Q129343162,,,2023,
Q7915554,,,1987,
Q116235689,,,2013,https://lab2pt.vercel.app
Q109912800,,,2013,
Q7481592,,,1982,https://www.unib.ac.id
Q5917885,,,1970,https://slp.tecnm.mx/
Q6467012,1464,,1923,
Q133811756,,,,https://www.leartik.eus
Q1405689,,,,
Q109913450,,,2003,https://stipasruteng.ac.id
Q61933701,,,2003,
Q1380207,1603,,1971,
Q109912524,,,,https://staitaswirulafkar.ac.id/
Q5121865,,,1991,
Q5958774,,,1989,
Q4969568,,,1960,
Q1296153,15555,,2007,
Q25465074,,,2013,https://www.std-bali.ac.id
Q109913285,,,2020,
Q1262310,873,,2008,
Q6460745,854,,1831,https://www.lagrange.edu/
Q27514821,,,1956,
Q30263388,,,,
Q7241248,,,2004,https://www.president.ac.id
Q52856721,,,1986,
Q1711630,,,1989,
Q30259621,,,1958,
Q21062258,,,2012,https://www.zewailcity.edu.eg/
Q138860165,,,1998,https://copkolhapur.bharatividyapeeth.edu
Q141193958,,,,https://www.kktmkuantan.edu.my
Q10917204,,,2004,
Q127415550,,,,https://asnrukh.ac.ir
Q4903711,,,1969,
Q129343459,,,2024,
Q4974180,8370,,1957,
Q7895797,,,1905,https://crk.umn.edu/
Q7585820,,,1993,
Q129343191,,,,
Q7896171,,,1972,
Q7446579,,,2000,
Q519427,12931,,1864,https://www.du.edu
Q30294730,,,,
Q30266517,,,2008,
Q135067824,,,,
Q122809735,,,2021,https://ddosc.edu.ph/
Q56837,7200,,1942,https://www.mephi.ru/
Q6039770,392,,1997,https://divinemercy.edu/ips/
Q4881210,,,1955,
Q22931737,,,1969,
Q30263439,,,1984,
Q6958962,,,1923,
Q4243512,,,1920,
Q7681360,,,1989,
Q6079799,,,1024,
Q61931859,,,1988,
Q1380223,454,,1971,
Q97308882,,,2017,https://www.umkt.ac.id
Q56394129,,,2011,
Q5937434,7741,,1954,
Q115973023,,,2021,https://humanistische-hochschule-berlin.de/
Q5878327,,,1975,
Q494638,,,1947,
Q6156357,,,1992,
Q20432785,,,,
Q59536757,,,,
Q1622138,6723,,2009,
Q30257788,,,,
Q7894644,,,1962,
Q1681928,3975,,1819,https://www.norwich.edu/
Q18354916,,,2013,https://www.fubk.edu.ng/
Q4450874,8000,,1958,https://tstu.ru/
Q30257789,,,,
Q1194988,22023,,1970,https://www.univ-paris8.fr/
Q4258144,15000,,1992,https://www.lengu.ru
Q4696357,,,1995,https://www.aust.edu/
Q30263787,,,1993,
Q2060678,40850,,1966,
Q7813976,,,1926,
Q9380784,1500,,2001,
Q52849100,,,1961,
Q7568638,999,,1923,https://www.stcl.edu/
Q4130078,,,1966,https://mta.edu.vn
Q7057986,2758,,1984,
Q2748700,,,,
Q5966559,,,1946,
Q18484140,,,1986,
Q20459473,,,2007,
Q7185205,,,1992,
Q15239283,,,2008,
Q624571,8018,,1960,
Q55721694,,,2011,https://univ-constantine3.dz
Q87761370,,,,
Q3551582,,,2006,
Q138767204,1500,,1397,https://tsu.edu.af/
Q2101733,,,1918,https://www.polamk.fi/en
Q4713754,863,,1871,
Q337512,,,1922,https://www.academieoutremer.fr
Q109912377,,,2014,https://sttharvestsemarang.ac.id
Q1393301,7797,,1942,https://www.fdu.edu/
Q7448737,,,1878,
Q135739072,,,1991,https://www.abedainamdarcollege.org.in
Q111423326,,,,https://www.uniq.edu.pe/
Q11061741,,,1989,
Q3847505,,,1958,https://ufrn.br/
Q1848657,4187,,1894,https://utulsa.edu
Q61930994,,,2007,
Q462576,4685,,1950,
Q17213127,,,2017,https://kyoto.cseas.kyoto-u.ac.jp
Q30253741,,,1989,
Q30263592,,,1998,
Q39058599,,,2013,
Q112751952,,,2006,https://www.odc.edu.om
Q31669350,3500,,2016,https://unt.edu.mk/en/
Q141195412,,,1895,
Q6050252,,,1983,
Q18458054,,,1952,
Q30263382,,,1994,
Q30288355,,,,
Q1808326,,,1986,https://www.squ.edu.om/squ-ar
Q141194318,,,,https://kksik.mypolycc.edu.my
Q133811785,,,2007,https://www.gmc.edu.np
Q464752,630,,1764,
Q83585058,,,,
Q6936076,,,2013,
Q1262608,,,1974,
Q55593285,,,2018,
Q3945126,3764,,1846,
Q140907535,,,1983,https://iaijamiatkheir.ac.id
Q7039680,,,1909,
Q17989714,397,,1895,
Q5091543,2229,,1947,
Q11815236,,,2004,
Q10829173,,,,
Q97041311,,,2012,https://inumedh.edu.mx/
Q7417039,,,2019,
Q47462448,,,,https://singapore.digipen.edu
Q13018785,,,,
Q109920750,,,1964,https://www.akademimaritim.com
Q135398350,,,2018,https://labs.ujep.cz
Q136388681,,,2004,https://futureuniversity.com
Q15228724,,,1957,
Q7903390,,,2005,
Q30293827,,,,
Q5908809,,,1870,
Q267111,12068,,1870,https://www.niigata-u.ac.jp/
Q1138268,,,1971,
Q7419538,,,1890,https://www.sfis.k12.nm.us/
Q5839170,,,1978,
Q3577955,,,1975,
Q6765664,,,1929,
Q16885290,,,2000,
Q107657111,,,2020,https://www.hindiuniv.ac.in
Q10302696,,,,
Q11136363,,,2007,
Q11406233,,,1917,
Q7842988,,,1948,
Q30274500,,,,https://www.hevs.ch/fr/hautes-ecoles/haute-ecole-de-sante/
Q109919325,,,2016,
Q7059119,52873,,1964,https://www.nvcc.edu
Q123422578,,,,
Q6382148,14064,,1855,https://www.kean.edu/
Q7659454,,,1945,
Q1622078,6047,,1971,https://www.hochschule-bochum.de/
Q141194812,,,2018,https://cfpa.hcmiu.edu.vn
Q131901726,,,,https://www.institutmetropoli.cat/en/
Q624027,,,1947,https://www.seokyeong.ac.kr/
Q2578027,,,1949,https://www.shzuni.com
Q137796047,,,2013,https://www.gie.re.kr
Q30297317,,,1991,
Q7894302,,,1966,
Q30271837,,,2006,
Q5019888,,,1968,
Q10843451,,,1977,
Q5253522,,,1939,
Q7800875,16769,,1968,https://tcc.edu
Q30286198,,,1975,
Q3046113,,,1904,https://www.esiee.fr/
Q109911771,,,2003,
Q96757061,,,2020,https://www.gu.edu.eg
Q5440489,,,1969,
Q7060118,7092,,1928,
Q7260092,,,2001,https://pundrauniversity.ac.bd/
Q12963161,,,1928,
Q3230246,,,1958,
Q30260522,,,,
Q5312934,,,,
Q2462693,,,1974,
Q5055820,,,1911,
Q77076285,,,1964,https://www.gpi-online.eu/ueber-die-gpi/
Q29641816,,,2017,
Q6041504,,,2014,https://www.ustp-edu-st.com
Q61931575,,,2008,
Q797585,,,1996,https://www.bbau.ac.in/
Q7844318,8819,,1964,
Q12523482,,,1982,https://www.widyamataram.ac.id
Q30293887,,,,
Q7896225,1229,,1859,https://www.stmary.edu/
Q51882842,,,1992,
Q65252107,,,2019,https://www.wsu.ac.jp/
Q4409222,,,1961,https://www.aquinascollege.edu/
Q12506010,,,2001,
Q1934614,1854,,1966,https://www.insa-rennes.fr/
Q64143190,,,,
Q7569568,2967,,1892,https://southern.edu
Q9380785,,,1992,
Q7446489,,,1993,
Q11494237,,,1972,
Q21512516,,,1905,
Q5221347,2411,,1936,https://danville.edu/
Q25512478,,,,
Q134251151,,,,https://www.escolasaudegestao.pt
Q107477957,,,1991,https://ikcoedm.edu.ng/
Q7105617,,,1951,
Q10867917,,,2000,
Q3072182,,,1997,
Q3138071,,,1981,
Q19726445,,,2021,
Q2495685,6094,,1992,https://www.uide.edu.ec/
Q7057736,12471,,1996,
Q737095,,,1978,https://www.uca.ma
Q117481386,,,2014,https://vision.edu.mk/
Q273263,47521,,1870,https://www.rwth-aachen.de/
Q1815710,,,1911,https://www.dlsu.edu.ph/
Q11667596,,,2009,https://www.kagawa-nct.ac.jp/
Q6703130,,,2004,
Q5366900,1355,,1928,
Q2749583,,,1817,https://www.presiuniv.ac.in/
Q1347511,,,2007,
Q11087869,4124,,1963,
Q137796056,,,2018,https://polbangtan-bogor.ac.id
Q11654388,,,1923,
Q11362986,,,1966,
Q109913102,,,,https://sttiksm.ac.id
Q4304092,,,1971,
Q136663760,,,,
Q30281673,,,1965,
Q3113029,1517,,1895,
Q3635611,,,1963,
Q661056,27820,,1431,https://www.univ-poitiers.fr/
Q43895500,,,,https://www.southeasttech.edu/
Q135738525,,,,https://istsb.edu.ec
Q2890656,,,1977,https://ucpuebla.edu.mx/
Q924465,,,2006,https://www.mehmetakif.edu.tr/
Q10302678,,,1937,
Q98955788,,,2018,https://naub.edu.ng/
Q50804994,,,1986,https://www.univ45sby.ac.id
Q139771281,,,2017,https://www.somalistemsociety.org
Q136755817,,,,https://www.ecnz.ac.nz
Q957715,11483,,1915,
Q61931923,,,2010,
Q140908443,,,1980,https://stai-alazhary-cianjur.ac.id
Q1377090,12250,,1961,https://euc.ac.cy/
Q30258090,,,,
Q109913339,,,1992,
Q131428256,,,,https://cqc.uc.pt
Q5024150,469,,1932,
Q7060346,,,2026,
Q97179950,166,,2021,https://www.at-hyogo.jp
Q482659,,,1979,
Q5202300,,,1998,
Q107517896,,,,https://www.mcqst.de/
Q7401285,,,1970,
Q30294319,,,,
Q4890490,,,1976,
Q4940147,,,1958,
Q1582272,,,1991,https://www.kyoto-art.ac.jp/
Q25528138,,,,https://kstu.uz/
Q499510,28693,,1903,https://liverpool.ac.uk/
Q947985,,,1881,https://astro.unistra.fr/
Q466809,,,1899,https://asm.org
Q2121899,150,,2009,
Q56364986,,,2018,https://khim.edu.ua/
Q7008327,,,1961,
Q4671563,,,1971,
Q5270812,,,2013,https://www.dhwu.ac.in
Q3578282,,,1964,
Q109913048,,,2021,
Q6445630,,,1995,
Q1179603,22377,,1898,
Q140986474,,,,https://www.himis-sz.cn/
Q4087645,2000,,1994,
Q4881133,,,1952,
Q135675633,,,2021,
Q3166571,,,2011,https://www.lrgs.org.uk/
Q141195763,,,1977,https://www.clarainternational.edu.my
Q17008942,,,1998,
Q4834713,,,1992,
Q124525998,,,2017,
Q16413654,2700,,1992,
Q5072867,11895,,1994,
Q12506035,,,1982,https://www.polines.ac.id
Q30293790,,,,
Q109913083,,,2004,
Q7762875,266,,1997,
Q6156372,,,1986,
Q1785826,,,1971,https://www.rcpsych.ac.uk/
Q4059229,,,1995,
Q12513079,,,2012,https://www.stih-painan.ac.id
Q6448715,,,1975,https://www.tehuacan.tecnm.mx/
Q40018,,,1986,https://postech.ac.kr/
Q2002619,40000,,1970,https://www.ntu.ac.uk
Q12585152,,,1992,https://www.kwu.ac.kr/
Q6279161,,,1983,https://www.josai.ac.jp/tandai/
Q141195427,,,,https://www.acesm.edu.my
Q117447595,,,2001,
Q30294393,,,2015,
Q30294731,,,,
Q7571420,6906,,1946,
Q4402649,,,1951,
Q109919541,,,2003,
Q5061955,,,2009,
Q100523654,,,2014,
Q71520781,,,2010,https://www.staidapayakumbuh.ac.id
Q9008733,,,1905,
Q109919265,,,,https://www.sttcianjur.ac.id
Q140569986,,,2020,https://www.msud.edu.ly/
Q30262997,,,,
Q109911504,,,2016,
Q11815230,,,2005,
Q7814014,,,1949,
Q30263628,,,1997,https://www.vuka.hr/en
Q1665233,,,1976,
Q7432542,,,1955,
Q6402929,,,1969,
Q622906,4367,,1972,
Q138860142,,,2014,
Q138460470,,,2016,https://www.tari.go.tz
Q10963733,,,1927,
Q109919607,,,2006,
Q6372909,,,2009,
Q2254584,,,1848,
Q7570578,3013,,1967,
Q6040588,,,1960,
Q5061959,,,2009,
Q1756541,,,1989,https://www.vdu.lt
Q30257938,,,,
Q30288734,,,,
Q136351871,,,1996,https://ksci.re.kr
Q104633893,,,1987,https://pddikti.kemdikbud.go.id/data_pt/2C376BF3-0FA3-474F-A1BC-C3F060C57731
Q1189954,,,1783,https://www.mines-paristech.fr/
Q30262742,,,1979,
Q29055362,,,,
Q15954945,,,1958,https://www.ycit.edu.cn/
Q16902619,,,1957,
Q7116527,11237,,1990,
Q30254205,,,1973,
Q1955962,,,1965,https://www.vcc.ca/
Q30267325,,,1990,
Q2385041,15000,,1840,
Q115017666,,,2002,https://www.quebec-ocean.ulaval.ca/
Q99402454,,,,
Q3244528,,,1823,
Q16848333,,,2008,
Q4901179,,,1984,
Q29126591,,,,
Q4439013,,,1938,
Q109913694,,,2010,https://stikeswilliambooth.ac.id
Q5411163,511,,1855,https://www.eureka.edu/
Q6966612,22148,,2001,https://nsuk.edu.ng/
Q30257420,,,,
Q136663532,,,,
Q30293705,,,,
Q2514534,9809,,1958,https://eng.muls.edu.mn/
Q124634954,,,2016,https://www.espacioecp.com
Q1247544,24710,,1838,
Q6467825,278,,1982,
Q6496487,30000,,1979,https://www.ulatina.ac.cr
Q140876446,,,1963,https://www.sbmp.ac.in
Q30263594,,,1824,
Q104630788,,,1965,https://cwcu.ac.id
Q4671422,,,2004,
Q88781333,,,1964,
Q15144,16259,,1964,https://www.umb.edu/
Q4446468,,,1986,
Q109913243,,,2019,https://www.ibntegal.ac.id
Q7896400,,,2006,
Q16733564,,,1961,
Q1797624,,,1886,
Q7896000,32894,,1962,
Q16183320,,,1987,
Q116686439,,,1991,
Q131010034,,,2024,https://www.dmvri.in/
Q135398317,,,2018,https://www.amity.edu/bengaluru
Q156406,,,1976,
Q6268628,4182,,1969,
Q110029296,,,2017,
Q6904331,1024,,1929,https://www.msun.edu/
Q22080478,,,2015,https://www.kletech.ac.in
Q7053978,,,1964,
Q2496038,,,2002,
Q2495895,8000,,2005,https://en.up.edu.ps/
Q106808475,,,2022,https://www.fajartimur.ac.id
Q28450926,,,2015,
Q1020699,14265,,1978,https://www.scad.edu/
Q6437493,,,2008,https://www.kru.ac.in
Q7570566,3950,,1993,
Q1563992,11344,,1950,
Q97041475,,,2013,https://med.szu.edu.cn/
Q7636689,,,1990,
Q109911172,,,1985,https://www.stikosa-aws.ac.id/
Q30263790,,,,https://gcelabschool.com/
Q29052690,,,,
Q4947639,,,2012,
Q17109177,,,1999,
Q16098196,,,1999,
Q7986919,3638,,1891,https://wvstateu.edu/
Q4816580,,,1930,
Q18213503,,,1992,https://esca.ma/en/
Q56662104,,,2012,
Q109922418,,,,
Q348791,,,1920,https://nuos.edu.ua/
Q1377393,,,1992,
Q5061253,,,1914,
Q8802965,,,1978,
Q15956328,,,1941,https://www.huse.edu.cn/
Q18387794,,,2014,
Q5847262,,,1980,https://ekh.aja.ir/
Q17088549,,,2012,
Q12523314,,,1986,https://www.unsada.ac.id
Q109913224,,,2003,
Q119465731,,,2021,
Q1822570,,,2004,https://www.supbiotech.fr/
Q649895,,,1956,
Q135739300,,,2011,https://itaihe.ac.ir
Q7894373,,,1960,https://www2.ufjf.br/ufjf/
Q8070947,,,1948,
Q2565941,,,1876,https://www.rmc-cmr.ca/en
Q6214723,,,1965,https://www.jogeshchaudhuricollege.org/
Q49109,2051,,1860,https://www.bard.edu/
Q2495890,15892,,1908,https://www.unomaha.edu/
Q1538727,25687,,1337,https://www.univ-angers.fr/
Q11815250,,,2004,
Q30294134,,,,
Q6082334,,,1985,
Q112752058,,,2018,https://www.igap-ts.it
Q97358532,,,,
Q859262,,,1955,
Q30297326,,,1973,
Q17108252,,,2011,
Q506277,,,1917,
Q1475020,2880,,1826,
Q5577487,,,1979,
Q2120374,,,1982,
Q7105619,,,1965,
Q7894308,,,1997,https://www.upsjb.edu.pe/
Q29052463,,,,
Q3551705,,,1919,
Q109913649,,,2011,https://www.sttrii.ac.id
Q1167563,23063,,1913,https://ase.ro
Q4734793,1436,,1952,
Q141194427,,,2017,
Q6959012,,,2008,
Q6123196,,,1970,
Q52856178,,,2009,
Q6558556,,,1982,
Q109912828,,,2018,https://www.unism.ac.id
Q125842412,,,1968,https://levalentin.education
Q7569240,4137,,1939,https://southcentral.kctcs.edu/
Q133812271,,,1947,https://ncf.edu.ph
Q29426444,,,1983,
Q6966902,1352,,1970,
Q131428258,,,,https://www.uc.pt/uid/ceber
Q6921392,,,1899,
Q105349358,,,,https://www.cca.edu.ph/
Q1546906,,,1868,https://www.unive.it
Q97041890,,,1983,
Q1622149,488,,1989,
Q1093340,,,1982,https://www3.unimol.it/
Q141194511,,,,
Q5013368,,,1891,
Q4974630,,,1978,
Q29052734,,,,
Q5146887,,,1966,
Q109919626,,,2001,https://www.almaarif.com
Q448807,,,1971,https://nfts.co.uk
Q106411991,,,1948,
Q138777363,,,,https://utarki.ac.id
Q109912392,,,1978,https://www.stkipnganjuk.ac.id
Q109911912,,,2001,https://uniks.ac.id
Q8052280,,,2009,https://www.yeniyuzyil.edu.tr/
Q692194,,,1996,https://eiu.am
Q4235554,3536,,1949,
Q21100020,,,1978,https://www.npgc.in
Q6119482,,,1938,
Q12523307,,,1983,
Q1393265,5513,,1942,
Q3700286,8000,,1930,
Q30257394,,,,
Q4377625,,,1989,
Q7054811,,,1895,
Q129343026,,,2022,
Q4791459,6487,,1963,
Q16111450,,,,
Q109919174,,,2009,https://erdana-mandiri.ac.id
Q976926,,,1892,https://www.uauim.ro
Q6082806,,,2010,
Q7665663,,,1969,
Q124251940,,,2023,https://madukauniversity.edu.ng
Q7996868,1987,,1887,https://www.whittier.edu/
Q1972050,49910,,2005,
Q114132145,,,1976,https://law.vnu.edu.vn
Q4271075,,,1946,
Q10387640,,,,
Q7588789,,,1963,
Q109912245,,,,https://sttaletheia.ac.id
Q51841,,,1909,
Q6156373,,,1990,
Q3302016,2038,,1897,
Q368643,25580,,1290,https://www.uc.pt/
Q100523642,,,2007,
Q109913040,,,2001,
Q135033980,,,2023,https://www.schoolofsextherapy.com/
Q2027448,,,2006,
Q30257183,,,2001,
Q138891310,,,1994,https://www.vpasccollege.edu.in/
Q8061337,,,1960,
Q141195677,,,1997,https://act.edu.my
Q64143369,,,,https://sif.ac.jp/
Q5195644,,,2008,https://curtin.edu.sg/
Q7894400,,,1993,
Q7402537,,,1892,
Q6721258,,,1952,
Q7579753,,,1963,
Q17580,,,1922,
Q135398294,,,,https://qcbs.ca
Q6973366,,,1981,
Q4671509,,,1946,
Q833822,21352,,1971,https://www.uni-kassel.de
Q7452681,,,2008,https://unsera.ac.id
Q30293808,,,,
Q30298955,,,2003,
Q100956206,,,1997,
Q581954,,,1952,
Q4824010,,,1917,https://www.acpe.edu.au/
Q30260663,,,,https://www.qut.ac.ir/
Q109912995,,,2003,
Q1640428,,,2000,
Q1627967,,,1823,
Q7895609,,,1990,
Q16900521,,,,
Q120983346,,,2012,https://usi.edu.ar
Q6156729,,,1979,
Q30266558,,,2004,
Q5174858,,,1971,https://www.tec.ac.cr/
Q10906757,,,1983,
Q3520936,,,1997,https://www.dravidianuniversity.ac.in
Q67179871,,,,https://www.stikessuryaglobal.ac.id
Q2508061,11270,,1906,https://www.valdosta.edu/
Q4855007,,,1965,
Q129571876,,,1997,https://www.itsao.edu.mx
Q138460716,,,,https://www.eram.cat
Q1474100,24286,,1930,https://www.odu.edu/
Q7042257,,,1805,
Q15261971,,,1977,
Q5146686,,,1993,https://www.rcem.ac.uk/
Q5507685,,,1973,
Q12504955,,,2019,https://www.raharja.ac.id
Q20579868,,,,
Q2929947,,,1986,
Q5061424,1155,,1855,https://www.centralmethodist.edu/
Q10159,2346,,2010,
Q7461650,,,1972,
Q11074301,,,1958,https://www.hhtc.edu.cn/
Q642216,,,2000,https://www.jsou.edu
Q322964,,,1944,https://english.mgimo.ru/
Q624475,,,1995,
Q5032498,182,,1970,
Q7568534,,,2009,
Q2495731,,,1940,
Q5091445,,,1989,
Q14957107,,,1873,https://nrsmc.edu.in/
Q1381496,,,1976,
Q30294749,,,1986,https://wiraraja.ac.id
Q1421182,,,1996,
Q19752735,,,1993,
Q19744804,,,1982,
Q427141,,,1567,
Q140868850,,,2009,https://www.baylat.org
Q77082373,,,1951,
Q6705636,501,,1869,
Q5330431,,,1960,
Q7591071,,,1915,https://www.spcc.edu.hk
Q12486647,,,1953,https://www.iisip.ac.id
Q20982433,,,2006,
Q64143364,,,2005,
Q30266322,,,1995,
Q30257647,,,,
Q5408388,,,1946,
Q12204443,,,,
Q139771308,,,1999,https://itsjapon.edu.ec
Q11441006,,,1925,https://www.osaka-c.ed.jp/sano-t/
Q128123147,,,,https://shi.edu.ly
Q5000549,,,2011,
Q30258942,,,,
Q29052635,,,1920,
Q17037970,,,1998,https://www.invertisuniversity.ac.in
Q52848315,,,2000,
Q7300469,3924,,1971,
Q962467,,,2001,
Q6394111,,,,https://www.kccd.edu/
Q1058956,,,1941,
Q10387894,,,1970,
Q109913378,,,2000,https://www.ikmi.ac.id
Q30280453,,,2006,
Q5746102,,,1910,https://ambler.temple.edu/
Q4770505,,,1972,
Q19745908,,,1963,https://www.itats.ac.id
Q7060266,,,1937,https://en.nwupl.edu.cn/
Q135928352,,,1972,https://www.etvos.hr
Q1623378,35000,,1996,https://www.hanuniversity.com/
Q7640246,,,1936,
Q7392844,,,1985,https://www.srmist.edu.in/
Q7813301,210,,2021,https://jc.shibata.ac.jp/
Q136663689,,,,https://novaresearch.unl.pt/en/organisations/ubia-unidade-de-biotecnologia-ambiental/persons/
Q3551562,,,1951,
Q5062855,,,,https://cnad.cv/
Q30293784,,,,
Q7895727,,,1963,
Q4271051,,,1946,
Q1051100,,,2003,
Q701818,6112,,1960,
Q19731015,,,2001,https://www.poltekkes-maluku.co.id
Q6583844,,,1996,
Q3551710,,,2000,
Q46996966,,,1962,
Q52847830,,,1919,
Q910529,,,1949,
Q482731,,,1954,
Q30257181,,,,
Q12204412,,,2008,https://baydaauniv.net/
Q30257481,,,,
Q16053407,,,1986,https://en.skums.ac.ir
Q1532146,,,1982,
Q30289498,,,1892,https://www.brownmackie.edu/
Q20971033,,,,
Q8048351,,,1987,
Q12511349,,,2002,https://stmik-wp.ac.id/
Q6833225,19366,,1992,
Q109912149,,,2019,https://iainutuban.ac.id
Q2032304,,,1932,https://www.bgam.by/
Q24590509,,,2016,
Q124251953,,,1988,https://cit.edu.ly
Q10856070,,,1994,
Q4743482,,,1965,https://www.acvs.org/
Q4483859,,,2009,https://www.msu.tj/
Q125267404,,,2024,https://www.map.cnrs.fr
Q130537778,,,2008,https://www.pimrbhopal.ac.in
Q12523459,,,1987,https://www.usm.ac.id
Q4947595,6090,,1967,
Q109912379,,,2019,
Q7503865,,,1944,
Q1547837,,,1904,
Q4225849,,,1967,
Q10858311,,,2007,https://pbs.mypolycc.edu.my
Q1235594,10674,,1300,
Q3551473,,,1990,
Q46996975,,,1967,
Q7283043,,,1961,https://raghunathpurcollege.ac.in/
Q125450768,,,2016,https://btu.edu.ge
Q3701492,,,1973,
Q110442979,,,2013,https://www.sinu.edu.sb/
Q56276432,,,2018,
Q64744500,,,,https://www.ncerd.edu.eg
Q6088135,,,2008,
Q1583368,,,1984,
Q100709256,,,1992,https://www.fedpodam.edu.ng/
Q52848265,,,1951,
Q4442793,,,1997,
Q133810671,,,2021,https://fedpod.edu.ng
Q99229082,,,2022,https://hkust-gz.edu.cn/
Q30293680,,,,
Q5035953,,,1971,
Q30294045,,,,
Q3519221,,,1964,https://bangaloreuniversity.karnataka.gov.in
Q109919628,,,2008,
Q1633859,6224,,1957,https://www.insa-lyon.fr
Q6403066,,,2006,
Q30257704,1000,,1980,
Q6773136,1049,,1856,https://www.mhu.edu/
Q558922,20720,,1857,https://illinoisstate.edu/
Q1779334,,,1919,
Q7160940,1046,,1865,https://www.peirce.edu
Q3551456,,,1977,https://www.ummto.dz/
Q206074,,,1893,
Q10829133,,,,
Q30262933,,,1986,
Q30279637,,,,
Q30293662,,,2009,
Q4705569,,,1947,https://agacollege.in/
Q30293753,,,,
Q141193769,,,,https://www.i-systems.edu.my
Q135649196,,,1999,https://www.ese.cl
Q30294675,,,,
Q109913120,,,2019,https://uis.ac.id
Q4966531,,,1928,https://www.bridgend.ac.uk/
Q4948875,,,1996,
Q1195621,,,1907,
Q141195158,,,,
Q12523281,,,1996,
Q5146303,,,1964,
Q3347871,,,1876,https://www.iacs.res.in/
Q109911803,,,2010,https://arastamarwamena.ac.id
Q13527017,9740,,1969,
Q10857990,1600,,1964,
Q6326561,,,2007,
Q109912133,,,2016,https://stiesnu-bengkulu.ac.id
Q7894438,,,2002,https://www.utar.edu.my/
Q4366452,,,1956,https://www.psuti.ru
Q2495861,,,,
Q950609,9697,,2000,
Q4751234,,,2004,https://www.aau.in
Q120983299,,,,https://twojestudia.pl
Q43896380,,,1950,
Q135642295,,,1987,https://www.noroff.no/en/studies/university-college
Q6452855,,,1998,
Q183213,2721,,1961,https://www.ipsa.fr/
Q335841,4183,,1975,https://www.universita.corsica
Q935018,4053,,1934,https://www.ju.edu
Q7500288,,,1995,
Q7895022,15966,,1988,
Q5507368,,,1937,
Q7202223,3825,,2005,
Q5330269,2042,,1966,
Q132803503,,,2020,https://dtpi.uz
Q141195371,,,,https://kvpagoh.moe.edu.my
Q30263308,,,1973,
Q27957825,,,1930,
Q7934106,,,1992,
Q4243515,,,1918,
Q130537766,,,,https://ipiaget.org/tag/instituto-politecnico-jean-piaget-do-sul
Q3656374,,,,
Q136663952,,,1989,https://kjsids.somaiya.edu
Q5103720,,,,
Q4496334,900,,1917,
Q118175459,,,1998,
Q7246487,,,1990,
Q30264624,,,1989,
Q2620139,,,1988,
Q3520640,,,1835,
Q141195468,,,,
Q109919571,,,2014,https://stakluwukbanggai.ac.id/
Q111461906,,,,https://www.rhs-u.ac.jp
Q60785773,,,2017,https://pau-au.net/
Q6476901,2499,,1946,
Q140351540,,,,https://www.nvir.cn
Q85797804,,,,
Q27061984,,,2016,
Q6485363,7702,,1964,
Q105627325,,,,
Q117405732,,,,https://kesmonds-edu.ac
Q129342854,,,2024,
Q97041678,,,1999,
Q1661325,10037,,1875,
Q5527225,6003,,1992,
Q19730996,,,2001,https://poltekkespadang.ac.id
Q3152734,,,,
Q2459595,,,1997,
Q128123117,,,,https://ipiaget.org/escola-superior-de-saude-viseu/
Q2418963,67,,1912,
Q125685019,,,,
Q30294001,,,,
Q11588917,,,1964,
Q30257249,,,,
Q109913232,,,2007,
Q52635264,,,,
Q30283888,,,1902,
Q7057807,,,1948,
Q40887290,,,1958,
Q24960966,,,2010,
Q43896367,,,1970,https://www.dsam.dk
Q7988415,,,1977,
Q2983844,,,1988,https://www.soken.ac.jp/
Q1674115,,,2002,
Q6413629,,,2002,
Q141194402,,,2024,https://www.indoamerica.edu.ec/sede-latacunga/
Q109913335,,,2018,https://poltekpelni.ac.id
Q6132876,1985,,1927,
Q6487194,,,1992,https://lsu.edu.az
Q19456923,,,2010,https://www.astu.ac.in
Q3815099,,,2010,
Q1503368,,,1992,https://www.iseu.bsu.by/ru
Q6423591,,,1989,
Q7627786,,,1902,
Q15954668,,,1911,
Q109911809,,,2002,https://www.stianasional.ac.id
Q69431457,,,1996,
Q19708062,,,2003,https://www.uninassau.edu.br/
Q12603527,,,1947,
Q7820362,4764,,1968,
Q13018772,,,,
Q6751309,700,,1947,
Q5940846,,,1977,
Q11589130,,,1920,
Q9380841,,,,
Q135738799,,,2024,https://uiimex.edu.mx
Q105626390,,,2011,https://www.murnisadar.ac.id
Q6631334,855,,1854,
Q125199999,,,,https://itursulogalvan.edu.mx
Q140908151,,,,https://uidepok.ac.id
Q7372413,1200,,1973,
Q5437847,,,,
Q6117047,,,,
Q4314801,7000,,1960,
Q3040524,,,1975,https://www.dbs.ie/
Q135095623,,,1997,https://tecnologicoedupraxis.edu.ec
Q30292562,,,,
Q3128585,,,2011,
Q5376124,4287,,1939,
Q106506688,,,1998,https://citi.edu.mn
Q776223,49000,,1220,https://www.umontpellier.fr/en/
Q12617695,,,1979,https://www.sangha.ac.kr:8000/2006/eng.html
Q10872957,,,1955,
Q5520695,,,1997,https://www.giet.edu
Q4538823,,,1944,
Q172430,4497,,1904,https://www.loyno.edu/
Q1047060,11465,,1967,https://case.edu
Q109913042,,,,https://staikualakapuas.ac.id
Q25679574,,,2005,https://npic.edu.kh
Q1593069,,,1969,
Q25522033,,,1935,
Q30257440,,,,
Q3578436,5000,,1988,https://www.excelia-group.fr
Q7420231,9003,,1985,
Q109912390,,,2020,https://panca-sakti.ac.id/
Q1141880,10430,,1919,
Q3578072,,,1942,https://www.enameknes.ac.ma
Q17005538,,,1951,
Q8045313,,,1952,
Q55628267,,,,https://final.edu.tr/
Q5017530,2920,,1913,https://www.minotstateu.edu/
Q1136138,4317,,1949,https://osaka-kyoiku.ac.jp/en/
Q1662211,,,1901,
Q20625738,,,1993,
Q3694742,,,1999,
Q7676657,,,1999,
Q84071240,,,,https://shad.yandex.ru/
Q542248,,,1953,https://www.usm.edu.ve/florencia
Q568554,27465,,1432,https://www.unicaen.fr/
Q12204495,,,1994,
Q7164705,9226,,1948,
Q620640,20023,,1899,https://www.appstate.edu/
Q16182620,,,2017,https://www.uinib.ac.id
Q3551380,,,2002,
Q8035873,,,2008,
Q1464114,5753,,1977,https://www.his.se/
Q30293912,,,,
Q2744138,,,1959,
Q134251091,,,1985,https://unag.mx
Q483064,,,1978,
Q3551383,,,1843,https://www.ubishops.ca/
Q52855751,,,2000,
Q208736,,,1954,https://hufsenglish.hufs.ac.kr/
Q14590694,20000,,1988,https://www.hti.edu.eg/
Q7389005,,,,
Q2324420,16601,,2006,
Q17111408,,,2010,
Q6583860,,,2005,
Q5241836,,,1978,
Q1622118,5061,,1906,
Q7267798,,,1951,
Q12807278,,,,https://www.sc-nm.si/en
Q1518804,8078,,1909,https://www.nccu.edu
Q1153856,3499,,1998,
Q7462208,6530,,1991,
Q7115340,,,1980,
Q1026832,952,,1929,https://maritime.calpoly.edu/
Q2256173,,,2008,https://www.hlo.ch/
Q3551626,,,2008,
Q129344112,,,2023,
Q124526079,,,,https://www.uniromana.edu.do
Q6958610,,,1942,
Q2495935,5530,,1973,
Q30293763,,,,
Q7758230,,,2000,https://www.royaldrawingschool.org/
Q12523431,,,1964,https://www.pancabudi.ac.id
Q30266499,,,1974,
Q30294021,,,,
Q6706215,,,2009,
Q6859802,,,2007,
Q93961761,,,2002,
Q6452224,4447,,1947,
Q18659656,,,2017,
Q4884341,802,,1971,
Q7521155,855,,1921,https://www.simpsonu.edu
Q20611862,,,,https://mnuac.edu.mn/
Q97482632,,,2011,
Q6039940,,,1919,https://www.aber.ac.uk/en/ibers
Q10279674,,,,
Q135983349,,,,https://cims.pk
Q30261806,,,1953,
Q12523413,,,1981,https://www.narotama.ac.id
Q50379463,,,1965,
Q113519266,,,1908,https://studentportal.fss-oyo.edu.ng/login
Q6156450,,,2012,https://universidadeuropea.com
Q30294086,,,,
Q19744812,,,1983,https://unismuhpalu.ac.id/
Q5588732,,,2002,
Q27139631,,,2008,
Q135739189,,,1991,https://www.funita.edu.br
Q3826800,,,1920,
Q6979278,20311,,1995,https://www.untref.edu.ar/
Q10930950,,,1958,
Q30260758,,,1999,
Q121599459,,,1994,https://ust.edu.ye
Q5968493,,,2004,
Q12236072,,,2013,
Q18408966,,,1942,
Q7895554,5638,,1902,https://uindy.edu/
Q109913479,,,2009,https://www.stkipnasional.ac.id
Q5471498,,,,
Q4570781,2077,,1854,https://www.lincoln.edu/
Q3687235,,,1618,https://conservatoriopalermo.it
Q7489115,,,1952,
Q7380634,,,2002,https://ru.edu.zm/
Q1074363,,,1952,
Q12071995,,,1959,https://vimsar.ac.in
Q1046493,7000,,1963,
Q11043886,,,1958,
Q734266,,,2002,https://courtauld.ac.uk/gallery/
Q459506,27513,,1909,https://bristol.ac.uk
Q22929389,,,2010,https://www.deraya.edu.eg
Q55021,1568,,1850,
Q113788,44992,,1804,https://kpfu.ru/
Q14681302,1912,,2003,https://np.edu/
Q136663652,,,,https://hultig.ubi.pt
Q573894,,,1983,
Q1164202,,,1959,https://www.znu.edu.ua/ukr/university/11929
Q109912787,,,2012,https://www.stitmupaciran.ac.id
Q132803393,,,1997,https://test.edomex.gob.mx
Q5583848,,,1946,https://www.orau.org/
Q109912020,,,2014,https://www.stmb-multismart.ac.id
Q141195223,,,2002,https://www.adtecmlk.gov.my
Q12511326,,,2024,https://www.upmk.ac.id
Q116455382,,,,https://kiot.wu.edu.et
Q30294000,,,,
Q16248046,,,2012,
Q7987965,,,1972,
Q5327862,,,1965,
Q10279580,,,,
Q691851,80000,,1224,https://www.unina.it
Q30264776,,,1994,
Q3551484,,,2004,
Q125761872,,,,https://normalprofesores.edomex.gob.mx
Q6984746,210,,1973,
Q1683585,2817,,1871,
Q7243384,,,2003,
Q6156446,36222,,1977,
Q117876,9554,,1937,https://www.pepperdine.edu/
Q12486653,,,1952,https://www.istn.ac.id
Q135095553,,,2018,https://cehp-dadu.wixsite.com/centro-de-estudios-d
Q30262985,,,2001,
Q134524006,,,2021,https://orientaluniversity.uz
Q4805015,31115,,1918,
Q109276937,,,2008,https://www.staidu.ac.id
Q3152433,,,1961,
Q61931301,,,1971,https://www.bucksiu.org/
Q2783344,7089,,2009,
Q1546437,11687,,1971,https://dauphine.psl.eu/
Q30294060,,,,
Q22948349,,,1993,
Q12523342,,,1991,https://unisla.ac.id/
Q1134606,26505,,1927,https://www.massey.ac.nz
Q86012411,,,2018,
Q52158476,,,,
Q2001488,770,,1973,
Q10279540,,,1953,
Q7060041,5004,,1963,
Q29055005,,,,
Q141194339,,,2002,
Q6364916,1275,,1916,
Q6971607,485,,1956,
Q16476385,,,1997,
Q5628144,1526,,1963,
Q2215009,,,1851,
Q30260671,,,,
Q134250970,,,1956,https://www.news.mnier.mn
Q43452,30926,,1968,https://www.uab.cat
Q34433,19791,,1096,https://ox.ac.uk/
Q137796048,,,2023,https://www.aimsric.org
Q30260048,,,2007,https://www.simula.no/simula-school-research-and-education
Q140868930,,,2008,https://www.iit.edu/wiser
Q1622186,165,,1979,
Q48727743,,,2016,https://www.starexuniversity.com
Q14957015,,,2007,
Q135739156,,,2007,https://www.boitekanelo.ac.bw
Q56359046,,,,
Q140868907,,,1982,https://www.iit.edu/pritzker-institute
Q6648382,,,1941,
Q4398525,,,1961,https://rui.mvd.ru/
Q4823037,1302,,1849,
Q109913312,,,2020,https://stikes-isfi.ac.id
Q109922339,,,2009,
Q6411791,,,1998,
Q6689088,,,,https://www.lctcs.edu/
Q140046128,,,1957,https://www.oncology.org.mk
Q141195012,,,,https://beyond4.tech
Q30294305,,,1997,https://pigier-benin.com
Q2495887,,,,
Q61931796,,,1892,https://pwpl.org/
Q24590289,,,2015,
Q1766573,,,1992,
Q7432498,,,1995,https://www.smsvaranasi.com
Q21523789,,,2015,
Q17030460,,,1952,
Q113947551,,,,https://ust.edu.ua/
Q30299425,,,1995,
Q141195421,,,,https://www.myism.edu.my
Q2303775,,,1945,
Q56394043,,,2014,https://unugiri.ac.id
Q30290419,,,,
Q60686,,,1956,
Q991502,,,1995,https://shakarim.edu.kz
Q30294190,,,,
Q30257344,,,1921,https://двюи.мвд.рф
Q4989145,,,1968,
Q24907776,,,1959,https://kac.edu.in/
Q3551640,,,1978,
Q682739,24000,,1966,https://www.jku.at/
Q30263395,,,1914,https://oakpoint.edu/
Q5087847,1399,,1973,
Q5125034,2048,,1869,https://www.claflin.edu/
Q1266339,,,1974,
Q7354310,,,,
Q5208319,,,2002,
Q16826177,,,1991,
Q109919246,,,2014,https://www.stisalmanar.ac.id
Q30287768,,,,
Q6020656,,,2011,
Q117836812,1190,,2016,
Q7895846,1052,,2005,https://www.umm.edu.ng
Q168000,14001,,1893,https://american.edu
Q6840493,,,1947,
Q285706,,,1974,
Q141194179,,,2001,https://www.kkarau.edu.my
Q30254553,,,1898,
Q6514373,,,1956,https://www.nfi.no/
Q29642386,,,2008,https://www.helmo.be/
Q1558284,,,1589,
Q13072889,,,2002,
Q3577891,4500,,1871,https://www.em-normandie.com
Q3551748,,,1951,https://www.cbu.ca/
Q20981320,,,2012,
Q7896405,,,2003,
Q7841390,11650,,1973,
Q109922165,,,2011,
Q2495752,11500,,1997,
Q7895374,,,2002,
Q131428041,,,2010,https://www.unicervantes.edu.co
Q11604714,,,1967,
Q8022152,959,,1961,
Q13573451,,,2012,
Q109922866,,,2019,
Q3551657,3544,,1856,
Q100260499,,,2020,https://estin.dz
Q266537,,,1998,https://web.unicz.it
Q1653042,518,,2007,
Q835366,42720,,1952,https://www.scut.edu.cn/en/
Q111431898,,,2021,https://ites.unistra.fr/
Q3493422,,,2014,https://sau.edu.in
Q1368155,12219,,2004,https://southernleytestateu.edu.ph
Q139407625,,,,https://dunleviemfm.stanford.edu
Q30263374,,,1995,
Q16003969,,,1518,https://www.rcp.ac.uk/
Q4907051,,,2010,
Q30288903,,,,
Q19617827,,,2002,
Q61931696,,,1878,
Q615998,17000,,1925,
Q6436122,,,2004,https://kskvku.ac.in
Q5123937,,,2017,
Q3551560,,,1926,https://ue.poznan.pl/
Q5430506,,,2001,
Q29002826,,,,
Q3395837,,,1974,https://www.polytech-lille.fr
Q2553607,,,1978,
Q4807195,,,1948,
Q100956232,,,1986,
Q7681397,,,1981,https://www.tamiluniversity.ac.in
Q52846168,,,1999,
Q109913353,,,1995,https://akpergshwng.ac.id
Q12701150,,,,
Q13021126,,,,
Q30268140,,,,
Q738991,,,1994,
Q6360888,,,1972,https://www.kanazawa-med.ac.jp/
Q30262431,,,1997,https://www.symmes.fr/en
Q129342736,,,2023,
Q5359585,,,2001,https://www.ncn.ac.jp/
Q129003904,,,,https://upzmg.edu.jalisco.gob.mx/
Q133811559,,,1985,https://nie.ac.lk
Q7373973,,,1948,https://www.rcoa.ac.uk/
Q12836428,,,1930,https://sport.edu.az/en/
Q10302581,,,1911,https://pupilos.pt
Q5168477,,,2007,
Q135983343,,,2001,https://buenavistacommunitycollege.edu.ph
Q28402593,,,1998,https://www.nila.edu/
Q30262844,,,,
Q30263362,,,1992,
Q90003343,,,1982,
Q109919326,,,1993,
Q140351947,,,2018,https://instituteofcoding.org
Q71523877,,,1984,https://www.stkip-ahlussunnah.ac.id
Q931716,,,1956,
Q129343472,,,2021,
Q6445629,1105,,1930,
Q6979282,17653,,2007,https://uncaus.edu.ar/
Q4818282,5000,,1993,
Q1342151,,,1948,
Q9091624,,,1999,
Q7714615,,,1885,
Q7796388,,,1960,
Q6961014,,,1998,https://www.nalsar.ac.in
Q16506663,,,,
Q4742876,,,1984,
Q15964716,,,,
Q1982545,,,1996,
Q4903727,,,1947,
Q5132172,381,,1920,
Q12511300,,,1988,https://www.stiepas.ac.id
Q16494989,,,,
Q3038223,,,2001,
Q11422387,,,1995,https://www.iuhw.ac.jp/
Q30293733,,,,
Q10946798,,,2000,
Q57987212,,,2009,
Q1690564,,,1998,
Q7373986,,,2013,https://www.rcr.ac.uk/
Q65071274,,,1953,
Q7503107,,,1930,https://www.shoyaku.ac.jp/
Q842911,,,1981,
Q4832385,2324,,2006,
Q5057509,,,1992,
Q137795916,,,1959,https://www.dbskanpur.ac.in
Q4887352,3779,,1887,
Q41114,,,1886,https://www.ewha.ac.kr/
Q1420500,18445,,1920,
Q2905589,,,1995,
Q7507436,,,1965,
Q12523453,,,2006,https://www.usbypkp.ac.id
Q141194165,,,2012,https://www.smartcollege.edu.my
Q7094933,,,1971,https://www.ouac.on.ca/
Q1078474,,,1974,
Q77084098,,,1953,
Q8189541,,,1930,https://www.tosei-showa-music.ac.jp/
Q19700111,,,2000,
Q12523448,,,1990,https://www.saburai.ac.id
Q4997802,,,1927,
Q16952070,,,1996,https://subharti.org
Q109911992,,,2020,https://www.umw.ac.id/
Q5304260,,,1988,
Q5532715,4735,,1966,
Q31350659,,,2015,
Q10829169,,,,https://tump.edu.vn/
Q1514799,,,1924,https://rietveldacademie.nl/
Q7292909,,,1970,https://rpmc.edu.bd/
Q10873771,,,1950,https://www.at0086.com/TNACTA/
Q7105553,1178,,1911,https://www.osaka-dent.ac.jp/
Q533235,,,1859,https://www.ateneo.edu/
Q10279228,,,2004,
Q138654979,,,1997,https://genetika.uz
Q139894368,,,2002,https://mrvv.edu.in
Q2993710,,,,
Q25658468,,,2011,
Q12275347,,,2002,
Q7244255,,,1999,
Q1987511,12000,,1951,
Q11985464,,,1999,https://akademie-huspol.cz/
Q141194261,,,2008,https://bpenawar.kpm.edu.my/v2/
Q17054252,,,2011,https://www.gku.ac.in
Q6431749,,,1991,
Q5960159,,,1993,
Q30295562,,,1987,
Q141194289,,,2001,https://kkbukitberuang.mypolycc.edu.my
Q14956968,,,2011,
Q11610496,,,1957,
Q6565726,,,1988,https://iau-saveh.ac.ir/
Q6840586,,,1971,
Q109913529,,,2015,https://iaimsinjai.ac.id/
Q90006709,,,1970,
Q11662207,119,,1927,
Q113578676,,,1962,https://jmvach.ac.in/
Q4730667,10248,,1920,
Q15036631,,,2013,
Q18234746,,,1953,
Q5403572,,,1939,
Q141195550,,,2011,https://mvuc.edu.my
Q39046257,,,1982,
Q16848847,,,2002,
Q14621135,,,1971,
Q5672155,6365,,1956,
Q133499828,,,2023,https://www.wigweuniversity.edu.ng
Q5942027,,,1938,
Q12200522,,,,
Q4783794,,,1988,
Q30263630,,,2009,
Q141195363,,,2008,https://swck.edu.my
Q475504,12051,,1992,https://www.univ-artois.fr/
Q138002732,,,1984,https://www.gprcp.ac.in
Q3635065,,,1902,https://www.gkv.ac.in
Q4481798,,,2000,
Q30261794,,,1956,
Q25350197,,,2013,https://www.gdgoenkauniversity.com
Q7256607,,,1960,
Q11815252,,,2002,
Q2983869,,,1967,
Q17076471,,,1967,
Q5304375,,,2003,https://rauonline.in
Q4230202,,,1955,https://knastu.ru/
Q5855156,,,,
Q125497018,,,,https://isums.edu.jo
Q6414075,,,1965,https://www.kinneret.ac.il/ar/
Q11494260,,,1973,
Q467144,,,1995,
Q30294031,,,,
Q16121234,,,2001,https://www.univ-eloued.dz/
Q25521053,,,,
Q7603606,,,1963,https://www.ung.ac.id
Q875147,2272,,1816,https://www.kug.ac.at/
Q6048037,,,2003,
Q1817355,30000,,1844,https://lpnu.ua/
Q6095550,,,2010,
Q140876458,,,2012,https://lsa.umich.edu/econ/mitre.html
Q1291884,,,1996,
Q5303969,,,2000,
Q1807470,20188,,1918,
Q131412815,,,1996,https://www.tsinghua-sz.org/
Q6156464,,,,
Q77078472,,,,
Q7712972,,,1978,
Q12660045,,,1920,https://www.lik.tech/
Q7205171,18000,,1961,https://uni-plovdiv.bg/
Q125200004,,,,https://www.med.scot.nhs.uk/trainee-doctors/specialties/anaesthetics-2
Q15918210,,,1951,
Q59535953,,,,
Q134291891,,,1996,
Q835440,10939,,1966,https://www.uni-konstanz.de/
Q107724040,360,,2017,https://www.pums.edu.ng
Q11947185,,,2001,
Q11991254,7550,,1929,
Q112676958,,,,https://www.gdhsc.edu.cn/
Q748358,,,1538,https://www.uasd.edu.do/
Q4916521,,,2013,https://www.bgu.ac.in
Q1802250,,,,
Q1707542,6000,,1999,
Q7058242,,,1978,
Q1093258,9842,,1911,
Q6514765,,,1992,https://politihogskolen.no
Q17043765,,,2006,
Q4398054,,,1930,
Q48928061,,,1978,https://www.llu.edu.cn/
Q23020566,,,2015,
Q11062059,,,2002,https://www.gzus.edu.cn/
Q137856187,,,1971,
Q19741354,,,1992,https://www.stiepancasetia.ac.id
Q7896060,,,1925,
Q5146735,,,1962,
Q2302280,11726,,1873,https://www.tcu.edu/
Q138654997,,,1990,https://www.ihmchandigarh.org
Q20573094,,,,
Q3065651,34860,,1829,https://www.cps-k12.org/
Q5200315,15325,,1966,
Q104853646,472,,2018,https://bmu.edu.ng/
Q30293236,,,,https://www.adler.ca/
Q5176414,,,,
Q6100694,,,1999,
Q7895024,,,1906,
Q6039211,,,1967,
Q65212314,,,2024,
Q4288587,,,1992,
Q3551840,,,1998,https://www.iwate-pu.ac.jp/
Q20587106,,,1984,
Q482699,,,1923,
Q30286346,,,,
Q11085950,,,2002,
Q1165104,,,2009,
Q7397267,98,,1932,
Q6864736,6928,,1966,
Q1599574,,,1993,https://www.uax.com/
Q140871128,,,,https://www.bluehill.edu.ec
Q4059231,,,1999,
Q77081703,,,1956,
Q18653110,,,1978,
Q6669345,,,2008,
Q8065671,,,2008,
Q1633799,,,1919,
Q1053764,10652,,1849,
Q136448389,,,1996,https://ctsbw.edu.ly
Q61934068,,,1975,https://alazhar-iicpsr.org/
Q9727309,,,,
Q5397363,,,2003,https://eesp.fgv.br
Q7589715,,,1818,
Q138654924,,,2019,https://www.helixbiogeninstitute.org
Q3525602,,,1991,https://www.kannadauniversity.org
Q19709686,,,,
Q6818830,2790,,1926,
Q77077446,,,2001,https://www.tuced.de/
Q140876015,,,2021,https://kitaas.edu.pk
Q33122120,,,1980,
Q7894956,,,2008,
Q30294192,,,,
Q133812227,,,,https://www.phsg.ch/de/weiterbildung/zentrum-weiterbildung
Q124635042,,,2020,https://scme.edu.ps/
Q30294462,,,,
Q56649378,,,2015,
Q21825728,,,,https://ju.edu.af
Q10872907,,,1984,
Q141195525,,,2016,https://www.middleton.edu.sg
Q4398135,,,1912,
Q15942570,,,1956,
Q8002474,4781,,1933,https://www.wilkes.edu/
Q4671482,,,1974,https://www.aomrc.org.uk/
Q30288232,,,,
Q6016225,11578,,1979,
Q7586280,,,1996,
Q875788,28278,,1669,https://www.uibk.ac.at
Q2994513,,,1942,https://www.conservatoire.gouv.qc.ca/
Q2277304,,,,
Q3152430,,,2009,
Q3152470,2622,,2009,https://www.bordeaux-inp.fr/
Q3577863,,,2008,
Q6588080,,,1979,
Q90571378,,,2004,https://www.kazutb.kz/
Q12513134,,,,
Q15217527,,,1985,
Q109919548,,,2007,https://staisangatta.ac.id
Q6275220,,,1993,
Q30294009,,,,
Q30291864,,,,
Q62540411,,,,https://pit.lukasiewicz.gov.pl/
Q12730493,,,,
Q2495841,12380,,1965,
Q30294765,,,,
Q5761194,801,,1957,
Q5284156,,,1980,
Q6156359,35394,,1960,
Q16734216,,,2012,
Q26838200,,,2015,https://www.tii.ie/
Q5852878,,,,
Q26710672,,,1980,
Q141194319,,,2008,https://vetacollege.edu.my
Q7587158,1110,,1867,
Q1665241,,,1974,
Q5945524,1391,,1897,
Q109911116,,,2002,https://polteq.ac.id
Q1496662,39234,,1926,
Q614206,,,,https://www.tinbergen.nl
Q61931853,,,2005,https://www.svgcc.vc/
Q3674354,,,2007,
Q12279431,,,2010,
Q3578456,,,2006,https://www.vsbm.sk/
Q30263514,,,1996,
Q11494223,,,1986,https://okazaki-h.aichi-c.ed.jp/
Q11812055,,,1964,
Q7651161,,,1966,
Q5024072,,,1951,https://www.ccsj.edu/
Q7413758,,,1854,
Q109912954,,,2013,https://i3batu.ac.id
Q7013116,531,,1919,
Q61932027,,,1562,https://jesuiten.at/innsbruck/
Q19731001,,,2013,
Q104630399,,,1982,https://www.unibo.ac.id
Q457793,,,1929,
Q56399085,,,2004,https://www.piksi.ac.id/
Q3918587,,,1961,
Q12511292,,,2020,
Q5053269,,,2008,https://www.cuofssd.org/
Q15252472,,,2012,https://must.ac.tz/
Q135095521,,,,https://sustec.ipb.pt
Q10302487,,,2008,
Q120795,,,1992,https://www.unirioja.es/
Q5095307,,,1933,
Q15008084,12000,,1818,https://nupp.edu.ua/
Q3784290,,,1982,
Q106411718,,,1949,https://www.coleuropenatolin.eu/
Q7355883,,,1992,https://www.rockymountaincollege.ca/
Q11152786,,,1915,
Q64143359,,,1989,https://www.se-gakuen.ac.jp/
Q6035514,,,1951,
Q21674834,,,1936,
Q133811043,,,2017,https://essb-oran.edu.dz
Q53076757,,,2018,https://www.u-nagano.ac.jp
Q7829362,1378,,1997,
Q56389000,,,1912,
Q140908264,,,2023,https://jmau.ac.in
Q8054562,,,1946,
Q3578192,,,1979,
Q100260550,,,,
Q5928582,,,1978,
Q126839635,,,2021,https://biosante-lab.fr
Q140907717,,,1999,
Q5091323,,,1942,https://www.cdsu.edu.cn/
Q56806290,,,,
Q5197010,,,1889,
Q1465448,25469,,1864,
Q11683325,,,1964,
Q7813780,1165,,1971,
Q55044,52418,,1472,https://www.lmu.de/
Q122761673,,,,https://ipkent.edu.my/ipgkkt2/
Q17109158,,,1980,
Q11079735,,,1984,https://www.wsu.edu.cn/
Q43896393,,,1987,
Q140045726,,,1985,https://rcjy.edu.sa/en/colleges-and-institutes-in-yanbu/yanbu-english-language-institute
Q6840044,,,1962,
Q3152629,,,1970,
Q7895053,,,1987,
Q7842406,1404,,1925,
Q4134258,2015,,1885,
Q25460646,,,2012,https://www.pktj.ac.id
Q137943893,,,1971,https://kriminalistika.gov.hr
Q108737243,,,2011,https://globalhealth.harvard.edu/
Q140907856,,,2010,https://attanwir.ac.id
Q12523426,,,2011,https://www.upj.ac.id
Q13202305,,,2006,https://dotr.tj
Q6475514,,,,
Q17155057,,,1984,
Q109919786,,,2012,https://www.akfarbumsil.ac.id
Q16323496,,,2009,
Q16743224,,,2010,
Q7055704,2681,,1918,
Q5230267,6127,,1866,https://www.davenport.edu/
Q140870903,,,2021,https://gaus.edu.pk
Q30282395,,,1969,
Q6979260,45974,,1962,https://www.mdp.edu.ar/
Q14708393,3799,,1959,
Q5771205,,,1948,
Q1959511,31900,,1992,
Q24590475,,,1953,
Q138460482,,,1995,https://ifim.edu.in
Q11449633,,,1903,https://www.ube-c.ac.jp
Q52849878,,,1983,
Q92177593,,,2008,
Q1514056,,,2007,
Q5518340,,,1990,
Q140046127,,,1999,https://www.uecologica.edu.bo
Q63226728,,,1949,
Q6843491,238,,1980,https://www.midwifery.edu/
Q924318,2583,,1834,
Q109912177,,,1992,https://www.stkippacitan.ac.id
Q109413363,,,1999,https://www.zjhzu.edu.cn/
Q92177562,,,2001,
Q140869720,,,2009,https://ucghi.universityofcalifornia.edu
Q23023833,,,1948,
Q30294058,,,,
Q1665127,,,1991,
Q5223980,,,1897,
Q41568626,,,,https://mitchell.k12.sd.us/
Q5871527,,,,
Q7055270,,,1973,
Q19006769,,,1945,
Q7418863,,,1979,https://www.sanno.ac.jp/
Q30263520,,,,
Q849209,,,1960,
Q24935435,,,1970,
Q30297481,,,2008,
Q2485026,,,1978,https://www.usep.edu.ph/
Q141194323,,,2009,https://www.ntu.edu.sg/ncpa/home
Q6092476,,,2011,
Q20523097,,,,https://www.izum.si/
Q52604431,,,,
Q8066061,,,,
Q19752537,,,2012,
Q56841178,,,,
Q12523294,,,1994,https://www.unbrah.ac.id
Q112676772,,,,
Q16511684,,,1985,https://www.univ-msila.dz/site/en
Q126839548,,,2009,https://nelsoncollege.ac.uk
Q1622214,1969,,1979,https://www.hfpol-bw.de/
Q7397231,418,,1919,
Q6156480,,,2008,https://www.ui1.es/
Q119857216,,,2020,https://www.ensf.dz
Q141194586,,,,https://www.msucollege.edu.my
Q20530642,,,1993,
Q109912705,,,2019,
Q55641210,,,1921,
Q3467737,,,1974,
Q30268078,,,2001,
Q2626284,,,1904,https://nobelpeaceprize.org
Q30262949,,,1956,
Q17032342,2222,,1959,
Q47462591,,,2007,https://amu.edu.ye
Q1149777,,,1949,https://www.nitech.ac.jp/
Q109912376,,,,https://www.sttab.ac.id
Q7586167,,,1996,
Q6382152,,,2011,https://wku.edu.cn
Q1572930,731,,2004,https://www.hsba.de/en/
Q7918099,,,1987,https://www.vbspu.ac.in
Q930450,,,1971,
Q17076902,,,2009,
Q4790201,242,,2009,
Q13021082,,,,
Q673354,,,1898,https://www.unisg.ch/
Q22931726,,,,
Q16480474,,,,https://vku.udn.vn
Q1778355,,,1937,
Q540183,,,1995,https://www.collegeboreal.ca
Q2331177,,,2007,
Q95002337,,,1976,
Q5142109,,,,
Q109912849,,,,https://www.sttsyalom.ac.id
Q109912844,,,2017,https://iiq-annur.ac.id
Q1432645,1122,,1778,https://www.andover.edu/
Q93435,5000,,1944,
Q4402655,8000,,1915,
Q135738588,,,2017,https://swisslinkedu.com
Q6748691,,,2006,https://www.mangalayatan.in
Q7700242,,,1857,
Q1541161,6243,,1999,https://www.ln.edu.hk/
Q109919195,,,2000,https://stt-pomosda.ac.id
Q30299407,,,2008,
Q4671520,,,1960,
Q4058272,,,1930,
Q15248060,,,1927,
Q134251169,,,,https://escolas.turismodeportugal.pt
Q30297331,,,1993,
Q30293988,,,,
Q12513080,,,2023,
Q17003495,,,2009,
Q6156399,,,1982,https://www.catolica.edu.sv
Q141195711,,,2009,https://www.muetkhp.edu.pk
Q5588742,,,2009,
Q1191202,,,1789,https://northcarolina.edu
Q64012167,,,2018,https://cuap.ac.in
Q30294011,,,,
Q5326502,815,,1847,
Q3551583,,,1993,
Q6148831,5414,,1971,
Q29742728,,,,
Q30294738,,,,
Q11456539,,,1898,
Q7599794,,,1938,
Q1147063,,,1969,https://www.jnu.ac.in
Q895439,5600,,1865,https://www.bowiestate.edu/
Q140561799,,,2003,https://cidch.edu.bd/
Q60914723,,,,https://sphinx.edu.eg/
Q10387636,,,2000,
Q11595255,,,2013,
Q18484094,,,,
Q109911955,,,2000,https://www.stieama.ac.id
Q30260311,,,1993,
Q4903081,,,1924,
Q17105410,20880,,1983,
Q7813847,,,1966,
Q30259059,,,,
Q8070664,,,1911,
Q4569544,,,1949,
Q109921848,,,,
Q129343457,,,2024,https://syedzasaintika.ac.id/
Q1737499,,,2003,
Q923624,17453,,1964,https://brocku.ca
Q870925,,,1982,https://www.ensci.com/
Q30293797,,,,
Q109911917,,,2012,https://akfarsurabaya.ac.id
Q7285849,,,2006,https://www.rtu.ac.in
Q4200627,38503,,1957,https://www.undip.ac.id
Q7105556,,,1941,https://www.osakac.ac.jp/
Q16979436,934,,2012,
Q7894659,,,2008,
Q4745311,,,2006,
Q1622101,6211,,1868,
Q109919616,,,,
Q1102209,,,1963,https://www.dliflc.edu
Q7611388,,,1958,
Q7895103,,,1948,
Q5290855,,,1890,
Q219564,8070,,1810,https://ki.se
Q953421,18500,,1927,
Q11525484,831,,1917,https://www.metro.ed.jp/fuchu-h/
Q109919751,,,1990,https://stiealwashliyahsibolga.ac.id
Q3555077,1111,,1932,
Q17109305,,,2007,
Q1034468,,,2005,
Q140876966,,,2017,https://kharkiv.school
Q7513963,,,1996,
Q4805171,,,1964,
Q12613348,,,1971,
Q6081855,,,1963,
Q846116,,,1926,
Q10952014,,,1992,
Q7491273,,,1894,
Q132803373,,,,https://worldwide.erau.edu
Q7894883,,,1976,
Q5330559,1301,,1973,https://www.evms.edu/
Q134250766,,,1996,https://www.itsup.edu.ec/home
Q12513093,,,2021,
Q7308077,,,,
Q12454592,,,1952,
Q1714370,434,,1950,https://theologie-trier.de
Q30259110,,,,
Q20026262,,,,
Q135095516,,,,https://www.sfu-ljubljana.si
Q140908048,,,1970,
Q15902203,,,2001,
Q109912252,,,2018,https://www.iainpare.ac.id
Q19600070,,,2011,
Q4783795,,,1987,
Q11458404,,,,
Q25893967,,,1991,
Q6392195,689,,1919,
Q28949949,,,1980,https://www.untag-banyuwangi.ac.id
Q43895575,,,,
Q10387861,,,1963,
Q7586207,,,1994,
Q251084,,,1921,
Q12644730,,,2007,
Q3726964,,,,
Q6122077,,,2001,
Q17163744,,,,
Q54321739,,,,
Q4348482,,,1943,
Q6024974,,,,
Q61376249,,,,https://umo.edu.ua
Q131877323,,,1996,https://aguaprieta.tecnm.mx
Q131877682,,,2021,
Q3578239,,,1906,
Q6825262,7552,,1971,
Q6741204,,,1839,
Q19718499,,,1972,
Q109919203,,,2016,https://www.stkipnutegal.ac.id
Q5207273,,,1975,
Q6156695,,,1995,
Q10917451,,,1958,
Q8027230,,,1863,
Q1853320,,,1953,
Q1570489,178288,,1613,https://www.unc.edu.ar/
Q16972508,,,1954,https://www.brokenshire.edu.ph
Q374457,,,1960,
Q1622147,3008,,1992,https://www.hszg.de/
Q100956190,,,1982,
Q7058105,,,1962,
Q109911708,,,2006,https://www.stikesbaptis.ac.id
Q1340908,10238,,1866,https://www.kutztown.edu/
Q6425796,,,1993,https://www.kogistatepolytechnic.edu.ng/
Q7068624,,,1908,
Q10872997,,,1949,
Q272614,3879,,1997,
Q6973717,2292,,2004,
Q6741983,,,,
Q30294827,,,1991,
Q3578303,,,1951,https://w.prz.edu.pl/
Q30282343,,,1994,
Q15904883,,,1973,
Q5061967,,,2009,
Q137204396,,,1962,https://www.inre.dz
Q109913270,,,2020,https://www.inkadha.ac.id
Q7292764,,,1926,
Q11654798,,,1883,https://www.nagano-c.ed.jp/naganohs/
Q1622121,5391,,1978,
Q141194166,,,2018,
Q25588309,,,1969,https://hbuc.edu.bd
Q6202676,,,1998,
Q131763159,,,,https://equsat.ac.ug/
Q3113011,1850,,1793,
Q61931460,,,1952,https://www.futureacademyegypt.com
Q30294097,,,,
Q30257524,,,,
Q7894626,,,1994,
Q2207713,299,,2001,
Q2732120,,,1967,
Q7227041,,,1964,
Q141195408,,,,https://www.msucollege.edu.my
Q18467847,,,1974,
Q135095498,,,,https://www.fcmlst.edu.ng
Q5885180,455,,1966,
Q18653164,,,1955,
Q30266479,,,2011,
Q7881771,2140,,1964,https://www.umpqua.edu/
Q3578107,,,1991,
Q16894499,,,2020,https://www.mahindrauniversity.edu.in
Q7636437,,,1962,
Q3551738,,,2001,
Q9197303,,,,
Q6809808,,,1963,https://www.muet.edu.pk/
Q5059476,,,1968,
Q28405751,,,1947,
Q1519696,,,1967,https://www.psu.ac.th/
Q138859946,,,2010,https://scetngp.com
Q139771552,,,2002,https://www.ivpsa.ulaval.ca
Q11102606,,,1956,https://en.hdu.edu.cn
Q11503070,,,1900,
Q3360203,959,,1882,
Q4826833,,,1969,
Q6156355,,,,https://soyautonoma.com/
Q1131169,17000,,1940,
Q29055187,,,,https://www.olmeca.edu.mx
Q128276357,,,2008,https://ipgktaa.moe.edu.my
Q662422,11300,,1982,https://www.ucentral.cl/
Q30293975,,,,
Q85995029,,,2016,https://unupurwokerto.ac.id
Q14709596,1256,,1856,https://www.newberry.edu/
Q33121858,,,1998,
Q11141690,,,,
Q3461622,5000,,1954,
Q3152458,,,1962,
Q1569766,,,,https://www.nipa.ac.zm
Q14956994,,,2011,https://unigug.ac.in
Q5062340,,,,https://www.cmm.minesparis.psl.eu
Q18357152,,,2015,
Q2932452,,,1957,
Q5254597,4644,,1961,
Q6825306,,,1981,
Q7276931,,,2005,https://rku.ac.in
Q5508288,21427,,1913,https://www.fullcoll.edu/
Q3551861,,,1987,https://www.tsukuba-tech.ac.jp/index.html
Q15228657,,,2013,https://www.igdtuw.ac.in
Q6084217,,,1996,
Q30293832,,,,
Q11174571,,,1949,
Q6425929,,,2001,
Q5102255,,,2010,https://www.chitkara.edu.in
Q30257449,,,,
Q30287123,,,,
Q30253622,,,,
Q5261681,65725,,1956,https://www.unne.edu.ar/
Q5146803,,,1905,
Q136663595,,,,https://cesa.rc.iseg.ulisboa.pt
Q760516,3785,,1869,https://www.augsburg.edu/
Q30266489,,,1974,
Q876520,12509,,1872,https://www.boku.ac.at/
Q7894233,,,1981,
Q84014310,,,2003,
Q4271069,,,1947,
Q28173189,,,1962,
Q660856,1140,,1981,
Q949406,,,1962,
Q140873326,,,2015,https://www.theo.ac.cy
Q30266338,,,,
Q109919226,,,2002,https://www.catursakti.ac.id
Q11180304,,,1958,
Q1108042,,,1964,
Q4476758,,,1994,
Q140907861,,,,https://continentaluniversity.us
Q7814017,,,1880,https://www.toyaku.ac.jp/
Q6583830,,,,
Q1345942,,,1970,https://www.uel.ac.uk/
Q138860339,,,1966,https://www.msg.ac.mw
Q18391408,,,2016,
Q126315157,,,2006,https://site.ium.edu.so/
Q1292968,,,1992,https://www.shms.com
Q7828505,,,1971,
Q20452255,,,,
Q109919534,,,,https://www.stai-binamadani.ac.id
Q11643166,,,1947,
Q14715236,,,1995,
Q6872180,12645,,1934,
Q130537752,,,2023,https://ensnn.dz
Q7042657,,,1994,https://nkumbauniversity.ac.ug/
Q6614109,,,2005,
Q134617189,,,2011,https://www.ucaribe.com
Q30293789,,,,
Q6156441,,,1978,
Q12010547,1066,,1890,https://www.wvwc.edu/
Q4475794,,,1977,
Q6946763,,,,
Q5648215,,,1998,
Q3135719,,,1914,https://www.ursmu.ru/
Q6156536,,,1995,
Q6513309,7487,,1934,
Q6447417,,,1968,
Q487804,,,1906,https://www.dongguk.edu
Q5663864,,,1992,
Q13344,46845,,2014,https://www.u-bordeaux.fr/
Q568692,718,,1857,
Q4767570,,,2007,
Q4303896,,,1995,
Q4869472,7376,,1995,
Q6868026,,,,https://mpls.k12.mn.us/
Q109911910,,,,https://www.pkr.ac.id
Q109911563,,,2018,https://stialanmakassar.ac.id
Q135738711,,,2008,https://www.tietdarapur.ac.in
Q112676728,,,,https://www.rzmevc.edu.cn
Q109919765,,,,https://www.sttnusantara.com
Q133810709,,,,https://legale.com.br
Q17053884,,,1989,
Q52855817,,,1990,
Q141194877,,,2006,https://newcastleaustralia.edu.sg
Q4359408,3685,,1967,
Q1674165,20021,,1978,
Q109919533,,,2001,https://www.umada.ac.id
Q138460730,,,2022,https://xiuedu.uz
Q4408459,,,1931,
Q11631527,,,1923,
Q30293690,,,,
Q633529,,,1913,
Q5059631,,,2007,
Q109919713,,,2012,https://www.stikeshmposo.ac.id
Q852223,50314,,1988,
Q109913281,,,2021,
Q8191850,,,1928,
Q4263077,,,1964,https://www.unimma.ac.id
Q16655694,,,1991,
Q141195416,,,,https://johorbahru.ikm.edu.my
Q7842,28918,,1877,https://www.u-tokyo.ac.jp/en/index.html
Q30296257,,,1956,
Q30299629,,,2012,
Q2885018,,,1965,https://www.iesa.edu.ve/
Q109912626,,,2019,https://uf.ac.id
Q90838680,,,,https://www.upq.mx/
Q18125039,,,1944,
Q3578235,897,,1902,https://www.supmicrotech.fr
Q19895497,,,1999,
Q3073531,,,1967,
Q747179,2900,,1860,https://www.wheaton.edu/
Q15853002,,,2000,
Q9380855,,,1996,
Q16252473,,,2013,https://www.jagannathuniversityncr.ac.in
Q4808370,,,1969,https://www.aau.ac.in
Q837657,15000,,1962,
Q81654847,,,1958,https://es-asur.ch/
Q138654970,,,2015,https://iei.od.ua
Q135095419,,,,
Q126839689,,,1977,https://www.ensfa.edu.mx
Q1858310,3500,,1981,
Q16890796,934,,1974,
Q6867977,,,1996,
Q77075422,,,,https://www.eckert-schools-international.com/en/home.html
Q7637859,,,,
Q1273836,8086,,1830,https://www.una.edu/
Q11652757,,,1937,
Q5638638,3433,,1946,
Q8778179,,,1828,
Q17047793,,,2010,
Q10873002,,,1973,https://www.qtxy.mil.cn
Q140569977,,,2017,https://iusr.university
Q43896947,,,,
Q109913071,,,2016,https://www.umbandung.ac.id
Q141195077,,,2005,https://vision.edu.my
Q30287095,,,,
Q16979416,,,1983,
Q30293660,,,,
Q31392,22536,,1919,https://uniba.sk/
Q12701143,,,,
Q9266580,,,1957,https://gsd.gda.pl/
Q30253972,,,2002,
Q10829111,,,2007,
Q109441362,,,2017,
Q3394637,,,1919,https://www.iva.se/
Q30293974,,,,
Q6682044,,,,
Q1783765,,,1919,https://mendelu.cz
Q30258908,,,,
Q5695492,,,1950,https://www.hebiace.edu.cn/
Q121599491,,,2012,https://www.mpu.edu.iq
Q18355854,,,2014,https://www.bmu.edu.in
Q636074,,,1991,
Q109911854,,,2008,
Q30295860,,,1953,
Q30294694,,,,
Q5327643,,,1999,https://eau.edu.so/
Q641889,,,1732,https://www.ugto.mx/
Q100260373,,,2016,https://manara.edu.sy/
Q46996974,,,1948,
Q30293919,,,,
Q129343348,,,2009,
Q109919276,,,1984,https://www.stihzainulhasan.ac.id
Q191228,,,1997,https://zkm.de/en
Q65318701,,,2020,https://hau.ac.bd/
Q109912236,,,1996,https://www.stitahlussunnah.ac.id
Q4058260,7000,,1921,
Q77081846,,,1984,
Q3306258,,,1856,
Q141195349,,,2011,
Q30257376,,,1949,
Q3578372,,,1987,https://www.esaip.org
Q105078708,,,2008,
Q43896347,,,1984,
Q4775043,735,,1975,
Q3551413,,,1984,
Q10829134,,,2003,
Q61931693,,,1995,
Q10855907,,,1956,https://www.gch.ac.kr
Q114892,9090,,1949,https://www.nagasaki-u.ac.jp/
Q134695487,,,2013,
Q6156806,,,1971,
Q3121493,4317,,1963,https://oru.edu/
Q5435301,,,1991,
Q133965,35000,,1922,
Q107519599,,,1962,
Q5182720,2629,,1965,
Q30263482,,,2000,
Q41568263,,,1988,https://www.theasbestosinstitute.com
Q24947515,,,2012,https://uahs.edu.in
Q141194974,,,,
Q138794701,,,2012,https://www.hillside.edu.np/
Q679134,19110,,1972,https://www.uni-paderborn.de
Q138460668,,,2023,https://www.gsu.ac.ae
Q50040304,,,1971,https://incdmtm.ro/
Q12523359,,,1957,https://unikama.ac.id
Q6666966,1806,,1938,https://www.logan.edu
Q4894042,,,1994,https://www.unia.es
Q5767065,,,1984,
Q2528770,,,2004,
Q491127,,,1947,
Q11509181,,,1999,
Q7508129,,,1980,
Q2469823,,,2007,
Q7894638,,,2011,https://www.ucsyd.dk
Q17929150,,,1964,
Q138654927,,,1972,https://tilcara.filo.uba.ar
Q233300,,,1964,
Q43895571,,,,
Q1794194,,,,
Q56173858,,,2012,
Q140908103,,,2007,https://sttia.ac.id
Q50040037,,,1969,
Q5738583,,,2005,
Q101421511,,,2004,
Q254191,,,1937,
Q30263394,,,2007,
Q6840874,1636,,1966,https://www.mnu.edu/
Q12523487,,,,
Q109913851,,,2005,https://www.stikesyarsimataram.ac.id
Q5263531,1559,,1898,
Q1567748,2083,,1795,https://www.union.edu/
Q30256482,,,,https://www.es-loule.edu.pt
Q7844635,,,1957,
Q7855290,4000,,1834,
Q18358754,,,1991,
Q24204268,,,1964,https://cmsny.org/
Q5020984,,,1978,
Q6543155,,,1955,
Q7984706,,,1963,
Q5617112,,,2003,
Q109913522,,,2014,https://unisa.ac.id
Q135739069,,,2023,https://www.pacif-ics.com
Q109913853,,,2020,
Q41498328,,,2015,https://www.iiphg.edu.in
Q4005943,,,2006,
Q7499511,,,2004,
Q16522932,,,1950,https://szentatanaz.hu/
Q15924726,,,1992,
Q979012,,,,https://iboda.conicet.gov.ar/
Q30260802,,,1981,
Q9728921,,,1972,
Q18484131,,,1923,
Q16862760,,,,
Q2690553,,,1954,
Q4397946,,,1947,https://rah.ru/
Q5189332,1485,,1916,
Q344334,15358,,1773,https://www.itu.edu.tr/
Q5472400,,,,https://www.fortworthtexas.gov/departments/library
Q30257867,,,,
Q1268167,15389,,2009,
Q59822618,,,,https://cud.uvigo.es/
Q11947237,,,2001,
Q10302691,,,1972,
Q5310941,,,1998,
Q11432687,,,1963,
Q4700199,,,1930,
Q5070784,,,1848,
Q1348615,,,1955,
Q65132918,,,,https://www.amzh.hr
Q21027898,3176,,1996,https://www.ridgewater.edu
Q141195566,,,,https://college.vitrox.edu.my
Q12523422,,,1980,https://www.upstegal.ac.id
Q120983345,,,2023,https://www.henryfordmsu.org
Q5166813,,,2012,https://www.cbpbu.ac.in
Q4907619,,,1975,
Q14705363,,,1946,https://www.nec.edu/
Q7587180,901,,1980,
Q1037145,,,1919,https://www.konan-u.ac.jp/
Q6841366,,,2005,
Q4843260,,,1872,
Q7476068,,,1960,https://www.unpas.ac.id
Q1321655,,,1887,https://www.toyo.ac.jp/
Q8039410,,,1958,https://www.wuyiu.edu.cn
Q706712,14080,,1946,
Q30294348,,,1990,
Q138654946,,,2019,https://alterbridge.edu.ge
Q5296589,,,1949,
Q4820976,,,1961,
Q3551549,,,1967,https://www.univ-oran1.dz
Q7549743,,,1950,
Q2811679,,,1952,
Q623798,,,1977,
Q16543765,,,1925,
Q6963668,,,1934,
Q985578,,,1924,https://www.xju.edu.cn
Q5025158,,,2003,
Q109913815,,,2014,https://polanka.ac.id
Q10283681,,,,https://www.gcp.edu.cn/
Q138790025,,,1974,https://ucmb.edu.py/
Q28401421,,,,
Q3152560,,,1981,
Q30263489,,,2005,
Q30293962,,,,
Q133811530,,,2015,https://www.cuillizi.dz
Q7343902,,,1999,
Q5618887,,,1449,
Q484775,,,1993,
Q19730994,,,2012,
Q4117087,,,1973,
Q7896224,,,1965,
Q7401551,,,1928,
Q6156749,,,1988,
Q19891935,,,2013,https://www.iitram.ac.in
Q12153734,,,1939,https://ddpu.edu.ua/
Q56840758,,,1979,https://www.udc.edu.br
Q3578240,,,1971,https://www.ensta-bretagne.fr
Q1632007,,,1876,
Q135194482,,,1995,https://wilmetteinstitute.org/
Q7814036,,,1954,
Q4744969,2761,,1988,
Q109952558,,,,https://isde.es/
Q5560129,,,1968,
Q135738924,,,2008,
Q3350524,,,1962,https://www.rbu.ac.in
Q6515942,,,1960,https://www.lcb.ac.uk/
Q93962373,,,2001,
Q21619282,,,2014,
Q2791269,251,,1992,
Q55650595,,,2015,
Q1537953,,,1986,
Q30263627,,,1946,
Q482674,,,1910,
Q6268244,13891,,1969,
Q11288507,,,1875,https://westminsteru.edu/
Q5116334,6701,,1960,
Q77969869,61,,2018,https://sun.edu.ng
Q11178778,,,1984,
Q30293818,,,,
Q16773301,,,2009,
Q7560713,,,1997,
Q30293640,,,,
Q1539696,,,1936,https://www.ipn.mx/
Q6875122,,,1929,
Q5250021,,,1990,
Q136663618,,,1946,https://cpsu.edu.ph
Q1622135,13071,,2003,https://www.hs-osnabrueck.de/
Q20536396,,,1976,
Q24958519,,,2004,
Q29051133,,,1995,https://www.unach.edu.ec/
Q1152050,,,1949,https://www.yamanashi.ac.jp/
Q5617027,,,2007,https://www.gtu.ac.in
Q141195279,,,,https://www.widad.edu.my
Q7373768,,,2000,
Q1807942,,,1933,
Q14957054,,,2011,https://utu.ac.in
Q1278210,1394,,1917,https://emu.edu/
Q30294523,,,,
Q5060595,,,1853,https://central.edu/
Q30265557,,,2003,https://unisbablitar.ac.id/
Q5546985,1565,,1829,
Q30296098,,,,
Q5654075,,,1954,
Q6165985,,,1980,
Q1150419,54284,,1867,https://unal.edu.co/
Q6379803,,,1970,
Q5929270,3808,,1849,
Q4781578,,,2004,
Q1070930,,,1986,
Q60766640,,,,
Q104901588,216,,,
Q5516461,3993,,1925,https://www.gadsdenstate.edu/
Q6040818,,,1984,
Q5588748,,,1981,
Q3578252,,,1816,
Q506330,,,1876,https://www.buet.ac.bd/
Q30262848,,,2002,
Q4201516,,,1918,
Q11942,23420,,1855,https://www.ethz.ch/
Q74535774,,,1985,
Q4688919,,,1960,
Q109912799,,,1984,https://www.stiti-kp.ac.id
Q141195139,,,2012,https://kktaiping.mypolycc.edu.my
Q9380831,,,1998,
Q2822447,,,1923,https://www.unefs.ro/
Q6460759,16971,,1968,
Q4849802,,,1985,
Q141194199,,,2011,https://pmkl.mypolycc.edu.my
Q7621650,,,1922,
Q7355383,1922,,1966,https://www.rockinghamcc.edu
Q19726442,,,2013,https://www.uinsyahada.ac.id/
Q7603623,6832,,1868,
Q8061322,,,1959,
Q11694616,,,1997,
Q30294656,,,,
Q140045887,,,2016,https://www.unicafuniversity.ac.zm
Q136663497,,,1947,https://geografia.institutos.filo.uba.ar
Q5210002,,,1970,
Q5030938,,,1972,https://www.canadorecollege.ca/
Q8313060,4000,,2006,https://www.vstecb.cz/
Q129342991,,,2022,
Q30258017,,,1875,
Q75022460,,,2011,https://www.wldu.edu.et/
Q33121460,,,,
Q1925513,,,2000,
Q109439180,,,2013,https://www.unwaha.ac.id
Q109911858,,,2001,https://www.williamcareyindonesia.com
Q30293804,,,,
Q109912992,,,2018,
Q538954,,,1941,
Q7006607,,,1984,
Q5146616,,,1908,
Q140908135,,,2026,https://www.bengaluru.liverpool.ac.uk
Q16899555,,,1880,
Q49119,5800,,1948,https://www.brandeis.edu/
Q7707478,6932,,1925,https://www.tamuk.edu/
Q616591,2942,,1833,https://www.oberlin.edu/
Q136663759,,,,
Q1991003,,,1995,https://www.kdg.be/
Q5938583,,,1988,
Q109912441,,,1998,
Q11426717,1138,,1895,
Q7675831,22585,,2005,https://tasued.edu.ng/
Q5203187,2785,,1908,https://www.dyc.edu
Q821042,,,1951,https://upt.edu.al/
Q30263686,,,,
Q3521222,,,1964,
Q30287648,,,,
Q39047800,,,2015,https://mbbuniversity.ac.in
Q136663560,,,,https://www.clul.ulisboa.pt
Q90004038,,,2003,
Q12074663,,,1945,
Q4654070,,,2006,
Q55453815,,,1979,
Q502336,,,1991,https://www.kud.ac.in
Q5900775,,,1986,https://hnchome.nju.edu.cn/
Q11177393,,,1978,
Q30266527,,,,
Q7075687,,,1966,
Q109929660,,,1531,
Q133810649,,,2021,https://iiui.edu.pk
Q15908684,,,1943,
Q613937,,,1988,
Q28450423,,,1909,
Q141195065,,,,
Q4352418,1935,,2013,
Q25533701,,,,
Q6844861,,,1996,https://www.umcervantes.cl/
Q7894916,,,1890,
Q39949,10249,,1971,https://kaist.ac.kr
Q7499204,,,2011,https://snu.edu.in/home/
Q17317911,,,1957,https://www.vgsa.ru/
Q30293749,,,,
Q4146913,4254,,1940,
Q18396486,5000,,1954,https://www.amgpgu.ru/
Q30294683,,,1958,
Q4774792,,,1977,
Q5613747,,,2000,
Q7896201,,,1948,
Q461322,,,1960,https://www.guet.edu.cn
Q135559092,,,1947,https://umayor.edu.co/
Q4475836,,,1981,
Q6881617,,,1989,
Q7055721,,,1975,https://www.nic.bc.ca/
Q7707732,,,,
Q5182735,,,,
Q4146865,,,1931,
Q118314810,,,,https://arucad.edu.tr
Q5329446,5835,,1893,https://www.esu.edu/
Q61931723,,,,https://www.argentina.gob.ar/salud/inmet
Q7585819,,,1986,
Q25477809,,,2015,
Q30294098,,,,
Q109911697,,,2001,https://www.akperserukam.ac.id
Q132803451,,,2017,https://pri.org.np
Q30294162,,,,
Q12523313,,,1959,https://darmaagung.ac.id
Q1778357,,,1998,
Q17224203,,,2007,
Q6054384,,,1993,
Q6021484,,,1959,https://irsc.edu/
Q7996607,1552,,1859,
Q4310105,,,1951,
Q3551777,996,,1967,https://www.nankyudai.ac.jp/
Q97253946,,,2000,https://www.hfrcmc.edu.bd/
Q10279270,,,,
Q6391915,2049,,1958,
Q705312,,,2002,https://www.artez.nl/
Q7045755,,,1999,
Q30293958,,,,https://upe.edu.py/
Q22081778,,,2009,
Q15932870,,,2005,
Q4118886,,,1970,
Q2151478,,,1955,
Q7300869,,,1990,
Q4776135,,,1947,
Q56653,,,1999,https://www.akita-pu.ac.jp/
Q2422685,,,1996,https://www.ucam.edu/
Q61931838,,,,
Q133811518,,,2019,https://www.royalmetropolitanuniversity.com
Q2339907,,,1930,
Q5526971,4670,,1968,
Q7436154,,,1966,
Q7381992,,,1998,
Q108108624,,,2016,
Q6521004,,,1960,
Q875722,196,,1829,
Q1141386,,,1992,https://www.unimas.my/
Q138655140,,,1994,https://www.utas.edu.au/law-and-genetics
Q10279514,,,,
Q61910988,,,,https://li.hamburg.de/
Q109911853,,,1999,
Q109912374,,,2013,https://sttibc.ac.id
Q4407744,,,1990,https://www.spbume.ru/
Q11503059,,,1963,
Q4288543,,,1994,
Q2121551,,,1918,
Q140868761,,,1983,https://www2.rcpt.org/web/
Q12523428,,,2014,https://www.upnvj.ac.id
Q26940179,,,1950,
Q7053028,9420,,1968,
Q7195368,,,1965,
Q4027,26754,,1973,https://www.univ-lyon3.fr/
Q50040017,,,1971,
Q7895817,,,2007,
Q13139758,,,1984,
Q116960702,,,2015,https://www.mituniversity.ac.in
Q11103146,3776,,1970,
Q15227112,101,,1946,
Q386203,,,1665,
Q1622205,434,,1998,
Q116959413,,,2016,https://21umas.edu.ye
Q105820700,,,1976,https://nocen.edu.ng/nocen/about-us/
Q6741597,,,2005,https://mcl.edu.ph
Q7895660,,,2005,https://unimak.edu.sl/
Q4214443,,,1938,
Q5208178,,,1981,
Q46996986,,,,
Q11286926,,,1939,https://www.hokusho-u.ac.jp/school/juniorcollege/index.html
Q107517764,,,2006,
Q4470490,10000,,1958,
Q8054957,,,1995,
Q12523343,,,2000,https://www.uim-makassar.ac.id
Q5286459,,,,
Q3551491,,,1910,https://stu.ca/
Q18110652,,,2009,
Q137943556,,,2025,https://kuait.eu
Q1661751,,,1951,
Q4076325,,,1957,
Q7894655,,,1992,
Q2503809,,,1992,https://www.kingston.ac.uk/
Q129343619,,,2021,
Q7056230,,,,https://www.nocccd.edu/
Q24590282,,,1997,
Q134251441,,,,https://conservatoriodebraga.pt
Q717262,,,2010,
Q3577775,,,1992,https://www.ecam-epmi.fr
Q61931458,,,2003,
Q141193892,,,1994,https://www.erican.edu.my
Q12018604,,,1991,
Q30257677,,,1992,
Q7203590,914,,1916,
Q30293807,,,,
Q4769880,,,,https://www.ahschools.us/
Q23905976,,,2014,
Q55526077,,,,https://www.fdcnet.ac.jp/ncol/
Q140908093,,,1973,https://www.itvalledelguadiana.edu.mx
Q7570573,,,1998,https://southern.ac.bd/
Q140351849,,,2001,https://icepe.eu
Q10927162,10992,,2011,
Q6523054,2686,,1891,https://www.lr.edu/
Q30266964,,,,
Q30260507,,,1988,
Q2367953,,,,https://moodle.gymnyon.vd.ch/
Q30253901,,,1976,
Q7568653,,,1895,
Q6746662,,,1995,https://www.mancosa.co.za/
Q30284403,,,1980,
Q129344082,,,2023,
Q20024700,,,1991,
Q843253,,,1991,https://www.naist.jp/
Q1296675,,,1990,
Q7270382,,,2014,
Q109919502,,,2011,
Q13527910,,,2003,https://www.yangtzeu.edu.cn/
Q5059128,,,1966,
Q3445010,2911,,1851,
Q3578090,1027,,1961,
Q12204441,,,1994,https://ust.edu.ye
Q4729602,,,2008,
Q2962876,,,1924,https://www.chc.edu/
Q19747781,,,2007,https://www.ubs-usg.ac.id
Q1066492,,,1866,https://www.su.ac.za
Q30260446,,,2002,
Q936354,,,1966,
Q6810280,,,1986,
Q12511280,,,2021,
Q5148844,5315,,1967,
Q5969652,,,1991,
Q124634928,,,2005,https://udavinci.edu.mx
Q96404764,,,2011,
Q2399264,2941,,1994,https://www.utbm.fr/
Q4822513,,,1981,
Q10387862,,,,
Q6040346,,,,
Q49115,24900,,1865,https://cornell.edu
Q109435753,,,2011,https://www.polnustar.ac.id/
Q30257403,,,,https://mim.ac.cy/
Q23073238,,,2015,
Q5917794,,,2003,
Q3547629,,,1996,
Q7894414,,,1967,https://www.ukrida.ac.id
Q32746,33882,,1928,https://www.ntu.edu.tw
Q140352339,,,1997,https://www.fua.it
Q6015698,,,2006,
Q109913834,,,1989,https://www.smaratungga.ac.id
Q5123940,,,2019,
Q15664953,,,1972,
Q140351221,,,1994,https://www.cecytcampeche.edu.mx
Q141195127,,,2014,
Q17064749,,,2011,https://just.edu.so/
Q2120218,,,2007,
Q3010016,,,1967,
Q5062043,,,1966,
Q13071271,,,2001,
Q109435303,,,2013,https://dhktyduocdn.edu.vn/
Q1421868,,,1949,https://www.uvlf.sk/
Q141195521,,,1998,
Q17634431,,,1943,
Q1890729,,,1989,
Q19679920,,,1996,
Q5620356,,,1983,
Q135738913,,,1994,https://gdcharakh.in
Q1143960,,,1949,
Q16934820,,,2013,
Q141195117,,,1997,https://ktd.edu.my/v3/
Q7363029,,,1988,
Q18566699,,,1974,
Q1026868,30014,,1949,https://www.cpp.edu/
Q8044168,,,1912,
Q129342802,,,2021,
Q5322516,,,1990,https://www.earth.ac.cr
Q2725999,2299,,1943,https://utswmed.org/
Q6445845,,,1986,https://www.hbg.ac.jp/univ/index.html
Q18388103,,,2004,
Q50035977,,,2003,
Q689800,,,1953,
Q5497565,5756,,1957,
Q7921694,371,,1831,https://vcfa.edu/
Q470487,670,,2000,
Q12523454,,,1983,https://www.usni.ac.id
Q7525491,508,,1858,https://kairos.edu/legacy-partners/sioux-falls-seminary/
Q48746099,,,2017,https://www.fukui-hsu.ac.jp
Q124617957,,,,
Q8044567,,,,
Q141195345,,,1993,https://www.imc.edu.my
Q12607211,,,1997,
Q6445627,248,,1974,
Q7963767,,,,https://www.walsallcollege.ac.uk/
Q10829077,,,,
Q79468205,,,2019,
Q7307513,18,,1887,
Q15649262,,,1964,
Q1344278,,,1991,https://www.paristech.fr/
Q30294333,,,,
Q141194595,,,,
Q4304106,18000,,1953,https://www.mgutm.ru/
Q1538682,,,2004,
Q986122,4447,,1878,https://www.ashland.edu
Q6823846,139,,1956,
Q30294742,,,1982,https://www.unsub.ac.id
Q30263412,,,2003,
Q134251416,,,,https://esepf.pt/apresentacao/
Q7034279,,,1978,
Q104131996,,,1965,
Q30298963,,,,
Q2495760,,,1989,
Q11647472,,,1932,https://www.seiryo-u.ac.jp/u/
Q495014,,,1962,
Q14917505,,,1980,
Q4810374,,,1857,
Q7338244,3494,,1940,
Q17062157,509,,1992,https://www.sonoran.edu/
Q118175463,,,2021,https://amidi.mx
Q25474285,,,1984,https://www.itbu.ac.id
Q99399993,,,,
Q10869427,881,,1940,
Q19605644,,,1996,
Q11654391,,,,
Q109919483,,,2001,https://htt://www.stikestms.ac.id
Q5154689,17573,,1957,https://www.ccbcmd.edu/
Q3547517,,,1976,
Q7494353,,,1951,
Q7423300,,,1978,
Q109921774,,,2013,
Q30294292,,,1993,
Q2542715,,,1988,https://www.ua.aw/
Q17066089,,,,
Q3152559,,,1971,
Q5327797,40283,,,https://ebrschools.org/
Q11471518,,,1930,
Q24236563,,,2013,
Q2030894,1048,,1955,https://einsteinmed.edu
Q16563669,,,,
Q129343700,,,2020,
Q5123124,,,2006,
Q5838703,,,1907,
Q3916655,5000,,1991,
Q5292276,,,2001,
Q626591,7015,,1947,
Q5402701,,,2008,https://www.eternaluniversity.edu.in
Q17929219,,,2005,
Q69610610,,,2005,
Q2373740,,,1973,https://global.herzog.ac.il/
Q126208857,,,2020,https://bmu-edu.uz
Q136669440,,,2020,https://www.utas.edu.om/salalah
Q30294164,,,,
Q15925240,,,2005,
Q5030647,,,1907,
Q12523407,,,1984,https://www.um-surabaya.ac.id/
Q28950166,,,1986,
Q181177,4825,,1946,https://www.cranfield.ac.uk/
Q108828204,,,2021,https://rst.edu.eg
Q7105622,,,1933,
Q11487212,,,2002,
Q16432943,,,2003,
Q30257824,,,1993,
Q19739111,,,2009,https://www.staba.ac.id
Q30266113,,,,
Q137503,23188,,1945,https://en.uni.lodz.pl/
Q16258266,,,2007,https://www.chuka.ac.ke
Q6940174,,,1912,
Q16951974,,,1996,
Q5636472,10500,,2007,https://www.haaga-helia.fi/
Q6156406,,,1962,https://www.ucat.edu.ve
Q7985352,,,2019,
Q5284978,,,1956,
Q909974,,,1891,
Q7240840,970,,1966,
Q11440122,,,1962,
Q959524,,,1902,https://www.unibocconi.it
Q7389672,,,1977,
Q7168984,,,1997,https://www.periyaruniversity.ac.in
Q4121030,,,1951,https://www.upwr.edu.pl/
Q130314499,,,,https://www.vecchitonelli.it
Q141195056,,,2007,https://www.iesa.ac.th
Q141195348,,,2002,
Q6746665,,,1973,https://www.mdi.ac.in/
Q1245318,,,1548,https://www.unime.it
Q20982515,,,,
Q7894410,23988,,1969,
Q31191606,,,,
Q7894931,,,2005,
Q30288464,,,,
Q141193941,,,2013,https://bfi.smu.edu.sg
Q135739039,,,2017,https://www.undar.edu.pe
Q5025284,,,1967,
Q860574,,,1923,https://www.daito.ac.jp/
Q4081731,,,1978,
Q4336909,,,1976,https://xn--h1alg0d.xn--b1aew.xn--p1ai/
Q877269,,,1913,
Q7589124,,,1882,https://sju.edu.in
Q18648588,,,2005,
Q9380870,,,1995,
Q14708434,,,1966,
Q1027869,871,,1988,https://www.digipen.edu/
Q4304063,18675,,1995,
Q5401812,8768,,1992,
Q7895148,,,1960,https://www.buruniv.ac.in
Q1097479,,,1965,
Q11435550,,,1951,
Q108293481,,,,https://lu.edu.qa
Q19817043,,,1966,https://enallt.unam.mx/
Q1601627,,,1984,
Q4216726,,,,
Q141194099,,,,https://kkkemaman.mypolycc.edu.my
Q1627659,,,1970,
Q3551441,,,1994,https://www.meio-u.ac.jp/
Q114969193,,,2020,https://ibu.ca/
Q5954200,,,,
Q1946114,686,,1955,https://www.middlebury.edu/institute/
Q5130680,131,,1926,
Q1191335,3159,,1819,https://www.colgate.edu/
Q370230,2698,,1965,https://www.wfu.edu.tw
Q5579962,11396,,1965,
Q1542418,3800,,1964,https://www.ru.is/
Q831227,,,1978,https://english.nudt.edu.cn
Q30273617,,,1934,
Q6744015,,,,
Q6913648,538,,1908,
Q7016599,,,1774,https://www.newarka.edu
Q62067267,,,1874,
Q30281866,,,1988,
Q29128609,,,,
Q1207665,,,2004,
Q11135240,,,1958,
Q6505007,2823,,1950,
Q11049367,,,2000,
Q7356040,,,2006,
Q1391265,474,,1981,
Q3446272,779,,1836,https://www.wesleyancollege.edu/
Q30293736,,,,
Q5712994,30000,,1952,https://www.haust.edu.cn/
Q135095327,,,2011,https://www.fet.edu.co
Q1502975,,,1963,https://www.uog.edu.gy/
Q1453031,,,2007,
Q14680381,,,1998,
Q1309558,,,1974,
Q30293724,,,,
Q7986605,,,1951,
Q12110282,,,1995,
Q137943371,,,2025,https://dauphine.psl.eu/recherche/la-recherche-a-dauphine/dauphine-recherches-juridiques
Q30257318,,,,
Q302448,,,2006,https://vaa.edu.vn/
Q1039400,,,1956,
Q1297796,,,1827,
Q136663664,,,1990,
Q836014,,,1952,
Q30263365,,,1926,
Q15260719,,,1977,
Q30259074,,,1994,
Q10935333,,,1965,
Q135398284,,,2016,https://corom.edu.mt
Q9380787,,,2001,
Q4857747,,,1979,
Q30293989,,,,
Q3578222,,,2009,https://enscbp.bordeaux-inp.fr
Q141194411,,,,https://www.sma.edu.my
Q14565823,,,1996,
Q15692999,,,1965,https://www.kbncollege.ac.in/
Q5821476,,,,https://www.colsan.edu.mx
Q109913790,,,2020,
Q6132057,,,1958,
Q111737585,,,,https://www.uie.edu
Q7894424,,,2009,
Q1304512,270,,1997,
Q30286253,,,,
Q4304157,,,1962,
Q2904100,,,1996,
Q24932362,,,1929,
Q101110418,,,2015,
Q12523296,,,1981,https://uniba-bpn.ac.id
Q11502878,,,1968,
Q139771635,,,1969,
Q1542352,,,1829,
Q3578465,,,1995,
Q19752539,,,,https://poltekkes-solo.ac.id
Q28949971,,,1963,https://www.unhi.ac.id
Q14933725,,,1950,https://www.uid.ac.id
Q597236,31159,,1959,https://wsu.edu
Q625165,,,1979,
Q1391198,5622,,1971,https://www.hs-kl.de/
Q30293782,,,,
Q3151958,1696,,1992,https://www.sciencespo-lille.eu/
Q6156439,,,1963,
Q109921293,,,2017,
Q10917203,,,1948,
Q130882896,,,1994,https://www.cmpl.ipn.mx
Q7636602,,,2001,
Q10829017,,,1997,
Q4652609,,,1992,https://www.ametuniv.ac.in/
Q131428045,,,,https://www.ulices.org
Q52636930,,,2014,
Q116264906,13000,,2024,https://www.isct.ac.jp/
Q10302481,,,2008,
Q482651,,,1885,
Q7700206,7832,,1915,
Q120983281,,,,https://ibsclimate.org
Q6401105,,,1992,
Q5259780,,,2004,
Q12060410,795,,1842,
Q5072113,,,1989,
Q17056176,,,2013,https://www.iiitkota.ac.in
Q6443532,,,1984,
Q4121165,,,1993,https://www.neelain.edu.sd/
Q137795865,,,1999,https://harand.iau.ir
Q43895554,,,,
Q2620177,3138,,1843,
Q4315126,21330,,1996,https://www.una.edu.ar/
Q131428182,,,,https://cful.letras.ulisboa.pt
Q11524726,,,1902,
Q11448571,,,1972,
Q24960158,,,2007,
Q161562,2397,,1891,https://caltech.edu
Q3724357,,,2005,
Q4828888,,,1988,
Q12523479,,,1984,https://www.unita.ac.id
Q30294062,,,,
Q105696842,,,2003,https://politeknikjambi.ac.id/
Q16024190,,,2005,
Q110621719,,,2020,https://www.universitaetsverlag.uni-kiel.de/de
Q4355436,,,2008,https://www.novia.fi/
Q30257419,,,1992,
Q15177602,,,2012,
Q4968880,6256,,1965,
Q52843742,,,1959,
Q4938441,101,,1945,
Q30260658,,,1996,
Q60739850,,,2018,
Q30294380,,,,
Q29054165,,,,
Q5330551,,,2003,https://www.easternuni.edu.bd/
Q4458746,100,,1866,
Q6747084,,,2009,
Q3875225,,,1975,
Q56816080,,,2017,https://www.rmu.edu.bd/
Q7655237,,,1901,https://www.sbc.edu/
Q55526386,,,2018,https://www.ikuei-g.ac.jp/university/
Q141195297,,,,
Q1622143,4170,,1971,
Q1452568,,,1916,https://www.nvsu.edu.ph/
Q5366768,3564,,1871,
Q126208821,,,,https://www.tcmuni.ch
Q8053073,,,,https://ync.ac.kr/
Q135095667,,,,https://www.biomark.isep.ipp.pt
Q3272013,11652,,1881,https://www.njit.edu/
Q29054537,,,,
Q52854462,,,,
Q1665209,,,1946,https://www.inba.gob.mx
Q6884445,,,1994,
Q24931676,,,1994,
Q7240806,,,1866,
Q7286153,,,1968,
Q30289064,,,,
Q4408737,,,1952,
Q1145814,77000,,1867,https://uillinois.edu
Q1389327,,,1907,https://www.sxau.edu.cn/
Q2650619,281,,2004,
Q7368264,1554,,2001,
Q109912333,,,2014,https://stkipmodernngawi.ac.id
Q141193703,,,,https://www.neg.edu.my/Home
Q7338455,,,1916,
Q20112014,18680,,2018,https://www.usn.no/
Q7588902,3610,,1948,https://www.sjf.edu/
Q3551833,,,2002,
Q7060206,3736,,1968,
Q1521725,34285,,1860,https://www.lsu.edu/
Q5060319,,,1927,
Q18205340,,,2012,
Q14957008,,,2007,https://www.ksv.ac.in
Q2913037,,,2006,
Q6199299,,,1999,
Q19744837,,,2014,https://www.unsil.ac.id
Q7054750,,,1958,
Q52848601,,,,
Q135095132,,,,
Q6431599,,,1953,
Q59851238,,,2016,https://www.vskk.cz/cz/
Q4880661,,,1963,https://www.behalacollege.in
Q3551832,,,1899,
Q195046,6920,,1865,
Q128123059,,,,https://www.cespu.pt/ensino/ensino-politecnico/
Q109913186,,,2011,https://www.poltekkesaceh.ac.id
Q138860208,,,,https://www.helmholtz-munich.de/en/ife
Q109912329,,,2019,https://www.unikastpaulus.ac.id
Q915866,7100,,1867,https://www.csu.edu/
Q17040482,,,2002,
Q115791959,,,2022,https://www.mmu.edu.az/
Q138655167,,,,https://photonics.maxplanckschools.org/en/home
Q81665993,,,1987,https://unkrip.ac.id
Q488334,,,1997,
Q109919648,,,,https://staialgazalibone.webs.co.id.
Q3348916,,,1999,https://www.nujs.edu
Q5087846,,,1963,
Q663984,,,1997,https://www.supsi.ch
Q4803373,,,1971,https://www.asahi-u.ac.jp/
Q7789245,,,1972,https://www.tesu.edu
Q13415076,,,1972,
Q6484421,3513,,1872,https://lander.edu/
Q141195399,,,2003,https://imsc.edu.sg
Q1205462,,,,https://www.volkshochschule.de/
Q7011240,4137,,1959,
Q17749157,35000,,2014,https://cfuv.ru
Q100955870,,,2014,https://www.supershineuniversity.net/
Q52849728,,,1997,
Q7905547,,,2006,
Q7326695,,,1922,https://www.ivey.uwo.ca/
Q132803518,,,1999,https://gnfgc.ac.in
Q30633398,,,2015,
Q4833866,,,1993,
Q3152325,,,1984,https://www.isi.ac.id
Q130882947,,,,https://web.infn.it/GC-Siena
Q131875685,,,2008,https://kilaw.edu.kw
Q7800216,,,1958,
Q30296655,,,,
Q125761948,,,1939,https://gwu.ac.lk
Q116455389,,,1993,https://www.tecsu.edu.ec
Q17067380,,,2016,
Q5168881,2348,,1900,https://www.coppin.edu/
Q12523319,,,1982,https://www.undwi.ac.id
Q141195292,,,,https://ipgkk.moe.edu.my
Q45257903,,,2004,
Q2399345,,,2004,
Q4769881,8482,,1965,
Q5510680,41,,2003,https://future.edu/
Q758560,5212,,1967,https://www.aum.edu/
Q28223358,,,2011,
Q6423553,,,,https://www.knoxschools.org/
Q1391278,700,,1998,
Q273630,,,1982,
Q29642316,,,,
Q135497634,,,,
Q7116478,629,,1985,
Q5317667,,,1994,
Q17063745,,,,
Q41568553,,,,https://www.sisd.org/
Q6156577,20752,,2010,https://undav.edu.ar/
Q12523358,,,2000,https://www.ukb.ac.id
Q4696587,,,1948,
Q221645,37484,,1878,https://su.se
Q1666653,,,1998,https://www.iiit.ac.in/
Q97041803,,,2013,https://www.eidec.com.co/
Q4671475,,,1764,
Q3152772,,,2002,
Q5269135,,,1964,https://www.ddu.ac.in
Q30294496,,,,
Q6550804,4977,,1967,
Q1201755,,,1997,https://www.dfh-ufa.org/
Q7894950,,,2005,
Q135398278,,,1997,https://ryi.org
Q141193735,,,1989,https://hikmah.edu.my
Q30294103,,,,
Q5090359,8328,,1969,
Q130882844,,,,https://nlaredo.tecnm.mx
Q7852329,15568,,1970,https://www.tulsacc.edu
Q821803,368,,2006,
Q18484092,,,,
Q5149544,,,1961,
Q10429004,,,1979,
Q30284008,,,1965,
Q7894972,,,,
Q131428264,,,,https://ceid.fd.ucp.pt
Q11991824,,,1968,
Q7698062,,,,
Q65065925,,,2019,https://www.whittleschool.org/
Q5729573,,,1962,
Q52660134,,,1986,https://ikippgribojonegoro.ac.id
Q6342902,,,1991,https://www.somaiya.edu/kjsmc
Q132803528,,,1993,https://mnu.kg
Q55849612,59257,,2019,https://u-paris.fr
Q7680543,,,1929,
Q6687296,8000,,1930,https://kart.edu.ua/
Q273619,9476,,1873,https://www.polymtl.ca/
Q3010003,,,1968,
Q3151828,,,1966,
Q109911560,,,2018,https://poltekbinhus.ac.id
Q6947498,,,,
Q30294261,,,,
Q833670,62693,,1968,https://www.kuleuven.be/english/
Q1792453,965,,1777,
Q125018042,,,2016,
Q136663639,,,,https://cedoua.fd.uc.pt
Q10905382,,,2003,
Q5588753,,,1941,
Q119465096,,,2021,
Q30253852,,,,
Q5907894,,,1987,
Q706472,6262,,1933,
Q17006626,,,,
Q11837925,,,1951,
Q12513063,,,1982,
Q37008,30000,,1918,https://www.tsu.ge/en
Q141194281,,,1979,https://idip.edu.my
Q1797817,3516,,1984,
Q25381383,,,1986,https://insap.ac.ma/
Q11990541,,,1968,https://nla.no
Q6978640,,,1942,
Q33121793,,,1974,https://unifirst.ru/
Q3630937,,,1980,https://www.mangaloreuniversity.ac.in
Q906417,650,,1947,https://www.amuz.gda.pl/
Q6721774,,,1904,
Q6452813,,,1947,
Q1637117,8000,,1948,
Q5095808,294,,1855,https://www.ctschicago.edu
Q30293855,,,1976,
Q61931395,,,2006,
Q4919440,,,2001,https://ilmauniversity.edu.pk/
Q3578319,,,,
Q135095278,,,2014,https://cadt.edu.kh
Q30265546,,,2009,
Q59535231,,,1961,https://www.cairnmillar.org.au/
Q4130472,8723,,1901,https://vgatu.ru/
Q109919733,,,,
Q7894239,,,1973,
Q65058557,,,2019,https://gfu.edu.ng/
Q30299383,,,1996,
Q30260370,,,,
Q4118505,,,1996,
Q11471496,,,1953,
Q6201784,,,1965,
Q6815815,,,1936,
Q101000182,,,,
Q7391831,,,1916,https://www.sndt.ac.in
Q173959,,,1961,
Q30293872,,,,
Q16979726,,,1998,https://www.gla.ac.in
Q3604032,,,1960,
Q6672257,,,1979,
Q4751304,,,1908,
Q849751,53974,,1959,https://www.yorku.ca/
Q43896354,,,,
Q12204532,,,1998,
Q28758377,,,,
Q6884458,,,1923,
Q128123112,,,,https://esscvpaltotamega.pt
Q3551568,,,1958,
Q3734237,,,2001,
Q30294201,,,,https://hec.dz/
Q12523418,,,1964,https://www.uny.ac.id
Q1190812,22311,,1889,https://www.unm.edu/
Q22687006,,,2014,https://uos.edu.iq/
Q614203,,,1972,
Q17498859,,,1993,https://www.peizheng.edu.cn/
Q30271950,,,,
Q10683766,,,,
Q131428235,,,,https://www.c4g-pt.eu
Q11074044,2844,,1989,
Q781571,,,1980,
Q2822382,,,1945,
Q15983437,,,,
Q2382644,,,2006,https://sfu.ru/
Q140907977,,,2025,https://tsu.ac.id
Q1622151,323,,1976,https://www.hochschule-bundesbank.de
Q8070785,,,1977,
Q4570883,,,1961,
Q7588540,,,1865,
Q7081006,,,1946,https://www.ohio.edu/chillicothe
Q5149655,,,1936,https://www.columbiacollege.ca/
Q109912504,,,1996,https://sttnlampung.ac.id
Q7152833,,,1886,https://www.rgkarmch.in/
Q100993166,,,,
Q136663882,,,,https://ceteatro.pt
Q4450873,,,1918,
Q6704659,,,2005,
Q7603607,,,1964,https://www.unm.ac.id
Q1310333,7100,,1938,
Q141195357,,,1980,
Q108737566,,,2007,
Q55075139,,,1994,https://www.sgrru.ac.in
Q4476714,6138,,1931,
Q611723,25100,,1948,https://www.torontomu.ca/
Q4412491,25000,,2012,
Q5695497,,,,
Q4826834,,,1873,https://www.uas.edu.mx/
Q6465284,1993,,1922,
Q6516492,,,1900,https://www.lmc.edu/
Q135983428,,,,https://www.lmu-klinikum.de/labmed
Q109912017,,,1998,
Q121745758,,,,https://mvcollegebuxar.org/
Q54864434,,,,
Q106391279,,,1961,https://www.nid.edu
Q861548,43569,,1851,https://fsu.edu
Q498407,15600,,1990,https://www.lu.lv/
Q4702002,8160,,2010,https://www.aksu.edu.ng/
Q10863001,23147,,1927,https://www.lbcc.edu/
Q52633855,,,,
Q2618673,,,1896,https://www.adu.hr/
Q5644372,,,2009,https://www.hbmsu.ac.ae/
Q1029596,,,2004,https://www.cunima.ac.mw/
Q858343,,,1968,
Q19747811,,,,https://stkipbjm.ac.id
Q19613831,,,2008,
Q7008785,52,,1925,https://www.newhope.edu/
Q5072128,,,1958,https://www.szut.edu.cn/
Q61931569,,,1981,
Q4331410,15000,,1902,
Q3595613,,,1948,https://afmc.nic.in/
Q30271890,,,1985,
Q131428127,,,,https://www.cefage-ualg.pt
Q116959475,,,2009,
Q3881299,,,1956,
Q3551390,,,1991,
Q126839625,,,1959,https://www.cipmlk.org
Q20427716,,,2002,https://www.universitaskebangsaan.ac.id
Q16480704,,,,
Q30294330,,,,
Q25470003,,,2014,https://www.unugha.ac.id
Q7917208,,,1969,
Q6039673,,,,
Q17070286,,,1931,
Q17218618,745,,1975,
Q141194316,,,,https://kvtanahmerah.moe.edu.my
Q30294390,,,1984,
Q7115461,,,2011,
Q4696980,,,1938,
Q2069586,,,1541,
Q4939500,,,1987,
Q17372996,,,2013,
Q7081874,,,1965,
Q7747025,,,,
Q130914520,,,,
Q30263428,,,1980,
Q1477512,90000,,1896,
Q12506009,,,2008,https://www.politeknikaceh.ac.id
Q15703466,,,1953,
Q109913758,,,2006,https://www.stikesmaharani.ac.id
Q105359583,,,2020,https://www.alipurduaruniversity.ac.in
Q30288142,,,,https://ncvps.org/
Q18537214,,,,
Q109912633,,,2001,https://www.iaiqamarulhudabagu.ac.id
Q141193940,,,2003,https://ucf.edu.my
Q136663777,,,,
Q138052955,,,2023,https://www.iconicuniversity.edu.ng/
Q60752859,,,2018,https://www.aiimsmangalagiri.edu.in
Q3551564,,,1952,https://www.xisu.edu.cn/
Q3579379,,,,
Q23418976,,,2015,https://www.dohainstitute.edu.qa
Q30266691,6180,,,https://www.pgs.k12.va.us/
Q1861974,12410,,2007,
Q136663945,,,,https://lusoglobe.ulusofona.pt
Q18467838,,,2009,https://unikivi.ao/pt/
Q6747764,,,1998,
Q3578109,,,1981,https://ecolenationaledecirque.ca/
Q4288333,,,1993,
Q5091458,,,1965,
Q46996967,,,1965,
Q7894384,,,1969,https://www.feevale.br
Q1472179,,,1994,
Q5040755,1755,,1966,
Q5128598,754,,1958,
Q109919570,,,2009,https://www.stikes-bpi.ac.id
Q7138560,5758,,1967,https://parkland.edu/
Q85093645,,,2009,
Q46023,,,1984,
Q130537723,,,2004,https://pharma.epua.online
Q109919531,,,,https://www.sttb.ac.id
Q21574120,16000,,1942,
Q980688,37388,,1970,https://www.u-pec.fr/
Q1033788,,,2000,
Q109596919,255,,2021,https://www.eikei.ac.jp/
Q1476341,4112,,1952,
Q6728817,,,1954,
Q10829149,,,2001,
Q1676708,360,,2013,https://www.phzg.ch/
Q12523344,,,1981,https://www.unisma.ac.id
Q5620404,,,1969,https://www.gndu.ac.in
Q3551493,1506,,1840,https://www.southwestern.edu
Q7186986,260,,1988,
Q4881177,,,1981,
Q6156653,,,,https://upvm.edomex.gob.mx/
Q7456922,,,1908,
Q30263509,1500,,2001,
Q5436558,,,1977,https://faryab.edu.af
Q19731000,,,2011,https://www.poltekba.ac.id
Q3551774,,,2010,
Q7927236,,,2008,https://www.melbournebioinformatics.org.au/
Q7055271,,,1987,
Q25587563,,,2012,
Q7502148,223,,1886,
Q12523446,,,2006,https://www.unrika.ac.id
Q128123098,,,1933,https://www.matiasramos.edu.mx
Q5250041,,,1987,https://www.dcrustm.ac.in
Q30257536,,,1992,https://sola.hu/
Q3467518,,,1956,
Q28414122,,,1974,
Q141195006,,,1966,https://www.mim.org.my
Q49114,10338,,1765,https://www.brown.edu/
Q1017974,5108,,1855,
Q11617362,,,1948,
Q32120,19387,,1933,https://www.uni-halle.de/
Q6156365,,,,https://www.uac.edu.co/
Q11402715,,,1924,
Q11525469,,,1918,
Q16705025,14000,,1930,
Q4883929,12286,,1966,
Q110624130,,,,https://www.charlotte-fresenius-uni.de/
Q6477507,,,1941,
Q4166619,,,1882,
Q4314896,23000,,1804,https://nlu.edu.ua/
Q140876267,,,1983,https://itc-ac.edu.mx/itc/
Q635368,,,1965,
Q27265,17969,,1962,https://www.plus.ac.at/
Q138655042,,,1997,https://genero.institutos.filo.uba.ar
Q109913712,,,2018,https://poltekkes-aisyiyahbanten.ac.id/
Q1068752,11392,,1867,https://howard.edu
Q124845620,,,2017,https://jku.edu.et
Q12523298,,,2006,https://www.ubb.ac.id/
Q127415553,,,,https://www.slu.edu.et
Q18477075,,,,
Q30260366,,,1948,
Q3551511,,,1961,
Q5917902,,,1957,https://www.veracruz.tecnm.mx/
Q16259637,9525,,2006,https://umyu.edu.ng/
Q19748461,,,2007,
Q5618161,,,1998,
Q21040613,1200,,2015,https://www.polizei.rlp.de/die-polizei/dienststellen/hochschule-der-polizei-rheinland-pfalz
Q3716653,,,1974,
Q25539503,,,,
Q1444899,1278,,2007,https://www.frankfurt-school.de/home
Q1073873,613,,1929,
Q430417,,,1967,https://www.cegepjonquiere.ca/
Q7918104,,,1994,https://www.vksu.ac.in
Q5256443,,,1926,
Q452406,68099,,1943,
Q55394283,,,2016,
Q10274501,,,,
Q109912637,,,2012,https://www.stai.pancabudi.ac.id
Q10873059,,,1949,
Q7129041,,,2003,
Q12523330,,,1987,https://www.hangtuah.ac.id
Q7895347,,,1997,
Q2000624,12846,,1890,https://www.ndsu.edu/
Q12513126,,,2021,https://polteknuklir.ac.id/
Q5507332,,,2006,
Q17038708,,,1999,https://www.wzpt.edu.cn/
Q7191497,,,1945,
Q11508742,,,1998,https://www.shigaku.go.jp/g_about_pmac.htm
Q19752994,,,1976,https://www.unibabwi.ac.id
Q7267826,,,1958,
Q6923424,,,1960,
Q41567541,,,,
Q15938742,,,1996,
Q30266522,,,2003,
Q109921887,,,1999,
Q7637784,34,,1951,
Q8053514,,,1958,https://www.jxycu.edu.cn/
Q11478446,,,1962,
Q5482866,,,1992,https://www.laurea.fi/en/
Q12513130,,,2000,https://wastukancana.ac.id
Q8193063,,,1987,
Q108737320,,,1992,
Q30271772,,,1980,https://www.paideia.org/
Q119981868,,,2019,https://umw.edu.pk/
Q30294686,,,1952,
Q22704858,,,1923,
Q6156601,,,1961,https://enlinea.unapiquitos.edu.pe/
Q136663792,,,,https://bau.edu
Q30274442,,,1982,
Q30263747,,,2003,
Q120983337,,,2010,https://coemalkapur.ac.in/engg/
Q49167,3440,,1831,https://www.wesleyan.edu/
Q30257466,,,1994,
Q19713337,,,2012,
Q7080961,,,1958,
Q46996960,,,1944,
Q92389080,,,2001,
Q6156857,,,1960,https://uvm.mx
Q1666651,,,1999,
Q4120696,,,1885,https://www.hgu.jp/
Q140442435,,,2022,https://uchs.edu.pk
Q482751,,,1955,
Q1495387,37812,,1899,https://www.txst.edu/
Q495347,17000,,1946,https://ui.ac.ir
Q11697341,,,1992,
Q5248534,,,1949,
Q12778931,,,2003,
Q10387829,,,1964,
Q528377,6000,,1869,
Q12204502,,,2009,
Q30283272,,,1983,
Q2378091,8954,,1965,
Q3578184,,,1931,
Q16423702,,,2013,https://vogu35.ru/
Q7291821,,,1932,
Q28950163,,,1979,https://www.unmermadiun.ac.id
Q135095614,,,,https://ihtorresvedras.com
Q8031096,,,2002,
Q10829153,,,1976,
Q11815238,,,1999,https://akademia.kalisz.pl/
Q126839542,,,2008,https://mbs.edu.rs
Q4460093,,,1991,
Q11063787,2820,,2011,
Q30263638,,,2010,
Q109912902,,,2011,
Q6840853,,,2010,
Q28416699,,,2016,https://www.westlake.edu.cn/
Q30263555,,,1996,
Q6399651,,,2007,
Q50041049,,,1940,
Q30265848,,,,
Q5095302,,,2004,https://www.cis.ac.jp/
Q20076457,,,1993,https://dnuvs.ukr.education/
Q85773202,,,,https://kvimis.co.in
Q6374848,,,1953,
Q7895023,,,1988,
Q30265148,,,,
Q16892082,,,1898,
Q4146539,,,1994,
Q29127977,,,,
Q4804932,6601,,1959,
Q11636797,,,1979,
Q30293746,,,,
Q17065828,,,1989,
Q109912822,,,2015,https://uluwiyah.ac.id
Q110957878,,,1939,https://ntspi.ru/
Q4314987,8260,,1899,https://nmu.org.ua/
Q7894510,,,2005,
Q11143772,338,,2007,https://en.bs.dila.edu.tw/
Q5731711,,,,https://kut.ac.ir/
Q61931777,,,2001,
Q5233952,,,1987,https://www.sust.edu/
Q30260330,,,1979,
Q14686966,1417,,1886,https://www.yhc.edu/
Q1126179,2848,,1866,https://www.lincolnu.edu/
Q3087473,,,1949,https://www.vsmu.sk/
Q487855,,,1952,
Q131428066,,,,https://ciafel.fade.up.pt
Q7502154,1410,,1873,https://www.shorter.edu/
Q141195129,,,1999,
Q56844764,,,,
Q6156532,,,1996,
Q5508999,,,1969,https://www.furg.br/
Q130882617,,,1999,https://www.utcj.edu.mx
Q4331446,,,1922,
Q5104671,,,,
Q17092584,,,,
Q136663455,,,,https://cqe.tecnico.ulisboa.pt
Q4647420,3995,,1892,
Q12523402,,,1999,
Q17040048,,,1952,https://www.nltcc.edu/
Q109911906,,,2012,
Q270222,45314,,1855,https://msu.edu/
Q6400588,,,1919,
Q6860701,,,1997,
Q2307935,,,1978,https://www.uniud.it
Q4865605,4094,,1965,
Q6175454,,,1965,
Q7231406,,,1968,
Q649868,46000,,1903,https://www.hnu.edu.cn
Q5450502,,,1896,https://www.finlandia.edu/
Q101064230,,,2005,
Q118874588,,,2022,https://jeppiaaruniversity.ac.in
Q46996961,,,,
Q1521371,9000,,2006,
Q2975783,855,,1974,
Q5310605,,,2005,https://www.mbrsg.ae/
Q11385419,135,,1951,
Q904943,11699,,1970,
Q50362987,,,1999,
Q52848206,,,1984,
Q273626,2790,,1794,https://www.polytechnique.edu/
Q136351982,,,2013,https://www.nmite.ac.uk
Q1565621,493,,1957,
Q1551044,5333,,1875,
Q10387905,,,1947,
Q10829131,,,1962,
Q11468537,51,,1948,
Q15859710,,,2002,
Q141195426,,,1993,https://www.fris.edu.my
Q750066,,,1895,
Q104834286,,,,
Q5397474,,,1922,https://www.espe.edu.ec
Q97378436,,,1986,https://www.enap.gov.br/
Q137409024,,,1940,https://www.antropologia.ro
Q11141382,,,1953,
Q11158752,,,2010,https://www.medeniyet.edu.tr/tr
Q5507358,,,1990,
Q12523354,,,1958,https://www.janabadra.ac.id
Q7057598,8951,,1967,
Q7934628,,,1823,https://www.vts.edu/
Q5431576,,,1948,
Q47526619,,,,
Q15211235,,,2001,
Q7894320,,,,
Q19749140,,,2001,
Q109913705,,,,https://sttefata.ac.id
Q7269948,,,1828,
Q139771466,,,2019,https://giu-uni.de
Q843472,,,1908,
Q52848237,,,1941,
Q130537740,,,,https://legacy.egasmoniz.com.pt
Q11081251,,,2012,
Q74432467,,,,https://www.stkippgri-bkl.ac.id
Q3551736,,,2008,
Q1029431,44481,,1888,
Q30257654,,,1992,
Q31173528,,,2017,https://uinjambi.ac.id
Q129900,,,1976,
Q10927184,4104,,1948,
Q5146897,12571,,1926,
Q8023017,1535,,1869,
Q140045600,,,,https://www.dal.ca/dept/maceachen-institute.html
Q28939308,,,1991,
Q135398184,,,2016,https://www.neiah.nic.in
Q1070333,26754,,1871,https://www.uark.edu/
Q30297335,,,1975,
Q865734,,,2017,
Q400422,29820,,1909,https://en.sgu.ru/
Q30257650,,,1990,
Q4254069,,,2009,https://www.nluo.ac.in
Q6269988,10267,,1901,
Q99680802,,,2008,https://www.neweracollege.ac.bw/
Q30263885,,,1982,
Q20411213,,,2011,
Q4318523,,,1967,
Q55662412,,,,
Q16900520,,,1999,
Q25484101,,,,
Q1196251,226,,1836,https://utsnyc.edu/
Q21004470,,,,https://www.driestar-educatief.nl
Q1664625,,,2005,https://www.phbern.ch
Q7081084,9060,,1965,
Q5873997,,,1942,
Q5149619,,,1936,https://columbiabc.edu/
Q786280,,,1970,
Q7014742,,,1963,
Q5249724,,,2007,
Q1649513,,,1833,https://www.holbein-gymnasium.de/
Q219989,,,1992,https://www.bbaw.de/
Q51785579,,,2008,
Q139771606,,,1986,https://www.kemi.ac.ke
Q6741885,,,1979,
Q1284960,,,1991,https://www.ecu.edu.au/
Q14957019,,,1999,https://www.mpuat.ac.in
Q135398289,,,2025,https://www.unimes.fr
Q6006497,,,1991,
Q4947923,,,1973,
Q5917115,,,1992,
Q11474760,159,,1948,
Q22956293,,,2009,
Q1326230,,,1889,https://www.nihon-u.ac.jp/
Q7895645,,,1993,
Q17012153,1350,,1979,
Q6038998,,,,
Q5950693,,,1992,
Q6431586,,,1952,
Q1547286,,,1882,https://madparis.fr
Q7005138,,,1980,https://newschoolarch.edu/
Q11471030,151,,1989,
Q4835741,,,2000,https://www.bits-pilani.ac.in/dubai/
Q10279657,,,1946,
Q29127249,,,,https://www.ucatolica.edu.mx
Q7893827,,,1998,
Q133811858,,,2019,https://astanait.edu.kz
Q7408992,,,2010,
Q141194125,,,2020,https://nlcssingapore.sg
Q55106540,,,1948,
Q7432241,,,,
Q30294491,,,,
Q50037742,,,,
Q10921986,,,1926,https://www.hrbmu.edu.cn/
Q5417253,8699,,1975,https://www.evc.edu/
Q1142368,,,1957,https://www.unishk.edu.al/
Q6103376,,,2008,
Q7082913,7454,,1982,
Q2151120,,,1936,
Q29054545,,,,
Q7354736,5762,,1965,
Q16733317,,,2013,
Q4304094,4000,,1930,https://www.stankin.ru/
Q4240122,,,1960,
Q7562155,,,1938,
Q23662310,,,2011,
Q6088633,,,1997,https://www.iku.edu.tr/
Q407875,,,1946,
Q4166263,,,1991,
Q30263005,,,2003,
Q7700210,,,1969,
Q30294437,,,2009,https://www.ubi-bwi.ac.id
Q780975,15000,,1965,https://www.upng.ac.pg/
Q7511366,17503,,1936,
Q5645170,120,,1969,
Q13360891,83,,1844,
Q7896695,19110,,1889,
Q16951274,,,2012,
Q5358170,,,1964,
Q108737582,,,2011,https://www.gla.ac.uk/study/singapore/
Q7270432,,,1919,
Q1742604,4800,,1979,https://www.ulapland.fi
Q109913268,,,2003,https://sttwmi.ac.id/
Q116959468,,,1995,https://unph.edu.hn
Q6040522,,,1980,
Q4262481,,,1949,
Q6967678,,,1912,
Q6421119,,,1992,
Q6156583,28071,,2009,https://www.unpaz.edu.ar/
Q1391247,268,,1998,https://hpolbb.de/
Q109911417,,,2007,https://www.stkiptsb.ac.id
Q30293853,,,,
Q141195469,,,2009,https://sku.edu.la
Q1712507,,,1964,
Q687942,,,1973,
Q6765953,,,1994,
Q108737105,,,,https://www.deped.gov.ph/sdo-bataan/
Q666828,100,,1999,
Q6825303,,,2011,
Q109919333,,,2007,
Q3137221,,,1964,https://www.utsc.utoronto.ca
Q1339553,,,2007,
Q7971641,1405,,1781,https://www.washjeff.edu/
Q7056731,,,1951,
Q130538106,,,2012,https://www.spjain.edu.au
Q7895671,,,1988,
Q99402727,,,,
Q20536168,,,1930,
Q109913517,,,2014,
Q7054934,1602,,1967,
Q7936090,209,,2000,
Q52843554,,,,
Q138662656,,,2025,https://ubsu.uz/
Q610253,38689,,1962,https://www.ju.edu.jo/
Q10387785,,,1972,
Q4788041,,,2007,
Q134524014,,,,https://isitcom.rnu.tn
Q85884483,,,2020,https://shizuoka-norin-u.ac.jp/
Q1622226,1469,,1991,
Q248970,6736,,1945,https://college.berklee.edu/
Q17029880,,,1975,
Q4866951,,,,https://e.paaet.edu.kw/colleges/EN/CollegeofBasicEducation/Pages/default.aspx
Q138655036,,,2013,https://www.cten.edu.ly
Q936476,,,1721,
Q135095370,,,,https://bru.iscte-iul.pt
Q6156396,,,,
Q122186974,,,2023,https://elsewedyuniversityoftechnology.org/
Q7600102,,,1987,
Q1144565,25812,,1965,https://www.umu.se
Q120742287,,,1958,https://ipgkrm.moe.edu.my/
Q138654981,,,,https://www.nwsm.edu.pk
Q7452397,17625,,1957,https://www.its.ac.id
Q5383462,,,1974,https://utsnyc.edu/eds/
Q22687010,,,2015,https://tartous-univ.edu.sy/
Q4891174,,,1998,
Q7401567,107,,1891,
Q30262770,,,1959,
Q4125386,,,1930,
Q6947437,,,1962,
Q136663802,,,,https://www.clifts-langs.com
Q7237816,,,1922,
Q5873994,,,2006,
Q6811874,,,1920,
Q30266443,,,2009,
Q65210583,,,2016,https://www.uinsuna.ac.id/
Q13018779,,,,
Q29002804,,,,
Q133812061,,,1979,https://www.eduvos.com
Q7896318,2006,,1959,https://www.uscb.edu/
Q140045651,,,,https://kiu.ac.lk
Q56662320,,,2016,https://cub.edu.bd
Q7488406,,,1950,
Q141195740,,,,
Q50040239,,,1967,https://www.iist.or.jp/en/
Q137360,9000,,1994,
Q7423720,,,1955,https://www.spuvvn.edu
Q141195754,,,1997,https://satt.edu.my
Q52855024,,,1993,https://www.kamhsw.org/modules/doc/index.php?doc=intro
Q135095298,,,2002,https://www.immanuel.ac.id
Q10968607,,,2000,https://www.upea.edu.bo/
Q118314793,,,2022,https://mudanya.edu.tr
Q129343253,,,2008,
Q835779,,,1951,
Q5947878,,,2005,
Q30296378,,,2011,
Q7989864,,,1953,
Q11441065,,,1909,https://www.osaka-c.ed.jp/neyagawa/
Q4005839,,,1965,
Q4097537,,,1929,https://www.tu-bryansk.ru/
Q283099,1084,,1973,https://www.unibw.de/
Q64744448,,,2021,
Q30263838,,,1943,
Q846859,1450,,1855,
Q17015468,,,1985,
Q136663602,,,,https://fvcedu.edu.br
Q140351295,,,1990,https://www.iefweb.org
Q5588977,,,1956,
Q109913460,,,2019,
Q141195053,,,2010,https://ledang.kktm.edu.my
Q11815228,,,2000,https://puss.pila.pl
Q7352160,1828,,1965,
Q9726493,,,,https://celsolisboa.edu.br/
Q6979211,,,1974,https://www.nuc.edu.ng/
Q7227078,,,2002,
Q2983625,,,1969,
Q30260701,,,2006,
Q21410979,843,,1964,https://www.ncktc.edu
Q138301887,,,2017,https://psvpharma.ac.in
Q6372916,,,2003,
Q5547419,7031,,1889,https://www.gcsu.edu/
Q823917,,,1905,https://www.sheffield.ac.uk/
Q11061798,,,,
Q109434801,,,2019,https://www.umjambi.ac.id
Q4201685,,,1992,
Q46996956,,,,
Q2387574,,,1921,
Q912329,38857,,1949,
Q29015031,,,2018,https://neu.ac.bd
Q7487171,,,2013,
Q3445253,2114,,1870,https://www.williamwoods.edu/
Q30293904,,,,
Q5899559,,,2008,
Q495911,13234,,1900,
Q140351292,,,1953,https://saintanthonycollege.com
Q6443863,,,2004,
Q109911900,,,2018,https://www.stikes.adila.ac.id
Q108737361,,,2002,https://www.unc.edu.py/
Q30294443,,,2006,https://www.iyb.ac.id
Q7285018,173,,1967,
Q12235965,,,1986,
Q4700816,,,2008,
Q7081171,401,,1955,https://www.ohtsuki.ac.jp/
Q55708786,,,,
Q8072005,,,1999,
Q2002420,11638,,1977,
Q11138888,,,,
Q12511323,,,2023,https://www.stkipmb.ac.id
Q30294511,,,1986,
Q1148082,2631,,1908,https://www.nara-wu.ac.jp/
Q130882951,,,2018,https://khtu.edu.ua
Q494681,,,1952,
Q7797727,3160,,1992,
Q941309,,,1979,
Q872180,1526,,1972,https://www.kh-mz.de/katholische-hochschule/
Q6958958,,,1965,https://www.meion.ac.jp/
Q17082766,,,1988,https://www.pes.edu
Q840647,,,1956,
Q65082081,,,2014,https://singapore.dulwich.org/
Q260107,358,,1973,https://www.hfm-wuerzburg.de
Q5316419,,,1970,https://durgapurgovtcollege.ac.in
Q1071609,,,1964,
Q4113279,,,1991,
Q18354935,8100,,2013,https://www.fugusau.edu.ng
Q116876982,,,2002,https://universidadeuropea.com/
Q1768652,,,2007,https://www.phsg.ch
Q6998615,,,1967,
Q61801461,,,,https://www.kmeacollege.ac.in
Q55156,47098,,1993,https://www.fom-international.com/
Q12093372,,,1982,
Q7057982,5397,,1966,
Q141194383,,,2004,https://sricollege.edu.my
Q5150133,2999,,1961,
Q24399,2305,,1932,https://www.usj.edu/
Q6994378,,,1997,
Q6082234,,,1986,
Q56394013,,,2014,https://www.stitnualfarabi.ac.id
Q845177,,,1952,https://www.tcue.ac.jp/
Q7591812,,,,https://www.stpsb.org/
Q30288045,,,,
Q11589175,,,2003,
Q12271285,,,1964,
Q1068258,33321,,1854,https://www.ucd.ie/
Q30294359,,,,
Q109911403,,,,https://staiddimakassar.ac.id
Q60749343,,,1995,
Q12761997,,,1973,
Q9380718,,,1998,https://www.merito.pl/wroclaw/
Q16046819,,,1986,
Q30288480,,,,
Q117468481,,,,
Q43896934,,,,
Q4406404,,,1973,
Q4705001,,,1996,https://al-yarmok.edu.iq/
Q630226,6196,,1851,https://www.pacific.edu/
Q17211897,,,,
Q7060123,7267,,1905,https://www.nwmissouri.edu/
Q104862011,,,2017,https://www.lis.ac.uk/
Q12701145,,,,
Q5034785,8680,,1958,
Q5148756,7839,,1914,https://www.ccu.edu/
Q6397946,79,,1975,https://www.kbocc.edu/
Q30294196,,,,https://www.esc-alger.dz/
Q61931765,,,1979,
Q1257946,,,2005,https://www.tlu.ee/
Q6156513,,,1967,https://www.unila.edu.mx/
Q52853848,,,2011,
Q8030853,,,1915,
Q7081914,3606,,2014,
Q10873019,,,1999,https://www.aeu.edu.cn
Q16966704,,,2010,
Q30293916,,,,
Q6747415,,,1980,
Q17632375,,,2012,
Q5972269,,,1991,
Q3578179,,,1906,
Q11445225,,,1896,"https://www.e-net.nara.jp/hs/unebi/index.cfm/1,0,67,html"
Q7895509,15239,,1974,
Q30257782,,,1916,
Q414221,1470,,1945,
Q7527717,,,2018,
Q6303953,600,,2003,
Q2983872,,,1952,https://www.cmrsj-rmcsj.forces.gc.ca/
Q4318650,10500,,1911,
Q422166,,,1941,https://www.uniatlantico.edu.co
Q118904946,,,2023,https://www.ouhs.ac.in
Q7116523,1033,,1975,
Q129342751,,,2021,
Q2636927,,,1962,
Q50357842,,,1964,
Q724207,10092,,1920,
Q109913287,,,2002,https://www.stifar-riau.ac.id
Q5593620,5438,,1901,
Q5123524,,,1993,
Q6041534,,,1978,
Q11071646,,,2000,
Q109919762,,,2005,https://www.stid-mustafaibrahim.ac.id
Q7401843,,,1842,https://www.sms.edu
Q109922573,,,2013,
Q5472214,2624,,1939,https://www.fvsu.edu/
Q24204433,,,1969,
Q141195737,,,,https://www.regent-college.rise.edu.my
Q12060028,,,2003,
Q4144467,,,1949,
Q7903611,,,2005,
Q7182844,,,1989,
Q7647374,,,1998,
Q6156563,,,1964,
Q52856321,,,1994,
Q6867974,760,,1886,
Q5061320,,,,https://www.ckschools.org/
Q4974383,10438,,1967,https://www.brookdalecc.edu/
Q4570064,8339,,1871,https://suny.buffalostate.edu/
Q1025711,,,1978,
Q109276906,,,2004,https://www.stib.ac.id
Q52236613,,,2018,https://www.hacibayram.edu.tr/
Q30263518,,,2010,https://www.gedik.edu.tr/
Q7895977,2329,,1970,https://www.unthsc.edu/
Q7894376,,,1969,https://portal.ufpel.edu.br/
Q30263946,,,,
Q12486120,,,2004,https://iaingorontalo.ac.id
Q1989781,,,1963,https://english.cbg-meb.nl/
Q3152645,,,1988,
Q11609618,,,1920,
Q30294466,,,1995,
Q141194688,,,1999,
Q4572396,,,1971,
Q932353,,,1965,
Q109912084,,,2019,
Q1622235,,,1980,https://www.zust.edu.cn/
Q30293980,,,,
Q29512086,,,,
Q5071561,,,2000,https://www.chd.edu.cn/
Q5761712,,,1948,https://www.cesag.org/
Q20574293,,,2014,https://bxa.edu.az/
Q2718928,1832,,2013,
Q29052363,,,,
Q136351969,,,1957,https://institutoscj.edu.pe
Q2413375,,,1969,
Q30264039,,,1979,
Q6452128,,,2004,
Q27915871,,,2001,https://uni-milton.hu/
Q130537727,,,,https://ashkezar.iau.ir
Q5148766,,,1967,https://www.cccs.edu/
Q109921169,,,1987,
Q1294197,,,1982,
Q5507374,,,1958,
Q109912603,,,2018,
Q55830253,,,,
Q56394009,,,2024,
Q116959472,,,2016,https://www.rqm.quebec
Q15292698,,,1982,https://www.polinema.ac.id
Q6944541,,,1992,
Q5087708,2353,,1869,
Q30294234,,,2001,
Q140876527,,,1983,https://www.mtech.umd.edu
Q941862,,,1995,
Q11525474,,,1939,https://www.metro.ed.jp/koganeikoka-he/
Q578326,,,1934,https://www.jyu.fi/
Q16902334,,,1998,
Q700731,7915,,2004,https://www.meduniwien.ac.at/
Q2333286,,,1934,
Q24902367,,,,
Q6963500,,,1962,https://nu.edu.af/
Q626458,,,1955,
Q52844649,,,,https://www.wflboces.org/
Q12523361,,,1986,https://www.ukdc.ac.id
Q3547559,,,1868,
Q6746666,,,1956,https://www.mdis.edu.sg/
Q109912940,,,2020,https://uniwara.ac.id
Q3495253,3591,,1873,https://www.stedwards.edu
Q3151862,,,1989,https://www.icrennes.org/
Q64143520,,,1995,
Q14874878,,,1965,
Q7937619,,,2000,
Q30288814,,,,
Q5345817,2273,,1866,https://www.ew.edu/
Q141195797,,,2022,https://www.ukkm.edu.my
Q8192319,,,1725,https://www.shudo-u.ac.jp/
Q6733526,,,2007,https://www.mguniversity.ac.in
Q7986762,,,1975,
Q6129517,,,1933,https://www.wako.ac.jp/
Q20011419,,,2007,
Q469484,1020,,1991,
Q890884,,,1962,https://uem.mz/
Q7896583,5364,,1990,
Q1576899,,,1956,https://www.uitm.edu.my
Q310695,24969,,1877,https://www.tu-darmstadt.de/index.en.jsp
Q6958389,,,1994,
Q5154691,,,1967,https://www.ccd.edu/
Q141195112,,,,https://kktawau.mypolycc.edu.my
Q15834578,,,,https://www.mvp.uni-muenchen.de/
Q3551798,,,1995,
Q7896465,25000,,,
Q17997590,,,2003,
Q62678694,,,,
Q4201561,,,1952,https://iling.spb.ru/
Q590643,21626,,1809,https://miamioh.edu/
Q11589035,,,1902,
Q30314743,,,2003,
Q140473456,,,1979,https://siiet.ac.in
Q131428175,,,,https://istcarloscisneros.edu.ec
Q6818271,6342,,1966,
Q3152438,,,1956,
Q7427134,,,2011,
Q7896307,1628,,1883,https://www.usiouxfalls.edu/
Q30262689,,,1934,
Q43895447,,,,
Q7603637,,,1988,
Q1628699,,,2002,
Q4146899,,,1923,
Q9726904,,,,
Q6802193,7742,,1965,
Q10771890,,,1995,
Q3551680,,,2007,https://www.univ-thies.sn
Q4892612,,,1974,
Q7896720,,,1918,
Q19744796,,,2000,https://www.unikadelasalle.ac.id
Q7060295,,,1902,
Q105729778,,,2018,https://just.edu.ye
Q137409030,,,2018,https://www.magsaysaycollege.edu.ph
Q18204806,,,2007,https://geneva-academy.ch
Q55453983,,,,
Q30264730,,,2005,
Q30257694,,,1991,
Q897033,,,1735,
Q2585282,,,1992,https://www.truni.sk/
Q16895147,,,1922,
Q1377,60000,,1919,https://www.uni-lj.si/
Q108737207,,,2019,https://pelitaindonesia.ac.id/
Q12077286,,,,
Q21006060,,,2011,https://www.miu.edu.my
Q141193771,,,2008,https://www.npsinternational.com.sg
Q109911517,,,1981,
Q1112515,32036,,1785,https://www.unb.ca/
Q6191772,,,1940,
Q4742862,,,,
Q11476484,,,1921,
Q7129045,,,1991,https://plmun.edu.ph
Q10872935,,,1973,
Q141195026,,,,https://college.cyberjaya.edu.my
Q4072315,,,1940,https://atyrau.edu.kz/
Q9046820,,,1904,https://museoetnografico.filo.uba.ar
Q4856809,,,1956,
Q135095578,,,,https://www.graq.isep.ipp.pt
Q2731276,,,1996,https://www.ganpatuniversity.ac.in
Q7898379,,,1996,
Q7895354,,,2000,
Q2831920,1507,,1835,https://www.albion.edu/
Q7713573,,,2011,
Q135738812,,,2004,
Q11357761,705,,1983,
Q3350920,,,1954,https://www.ru.ac.bd/
Q6533298,,,1957,
Q16734211,,,2009,
Q109913497,,,1987,
Q7432374,190,,1984,
Q6549316,,,1845,
Q6810292,,,1997,
Q25325328,,,1971,
Q138860449,,,2013,https://www.petermac.org/research/research-technologies/victorian-centre-functional-genomics-vcfg
Q11639552,,,,
Q7122708,26,,1928,https://psuca.edu
Q141194124,,,,https://www.ikm.edu.my/sik
Q4808908,,,1861,
Q30263656,,,,https://www.kpz.nl/international-office/
Q109912916,,,2019,
Q30257571,,,,
Q5640574,,,1888,
Q3551634,,,1997,https://www.myu.ac.jp/
Q1707102,,,1995,https://diu.ac/
Q61931912,,,1999,https://www.boardingschools.com
Q7402548,,,1989,
Q109912505,,,2006,
Q1570483,5620,,1964,https://www.uneswa.ac.sz/
Q10387902,,,1968,https://www.unisa.br/
Q109913166,,,2016,
Q7547444,,,1898,
Q17017957,,,2010,
Q129343816,,,2022,
Q17226934,,,,
Q20743752,,,1958,https://www.bjwlxy.cn/
Q10274505,,,,
Q5588822,,,1999,https://www.gecwyd.ac.in
Q7111019,,,1923,https://franu.edu/
Q3551731,,,1860,
Q130882874,,,2024,https://espdf.fepecs.edu.br
Q5310583,,,2005,
Q4778665,,,1937,
Q483758,1248233,,1958,
Q5038617,1646,,1937,
Q130882829,,,2019,https://www.iayru.com
Q15260493,,,,
Q5329668,,,1996,
Q141194112,,,,https://kkjasin.mypolycc.edu.my
Q5576249,366,,1938,
Q30293723,,,,
Q11589104,,,1900,https://yokohamahiranuma-h.pen-kanagawa.ed.jp/
Q133812218,,,,https://www.phsg.ch/de/institute/institut-fruehe-bildung-0-bis-8
Q31249,20854,,1863,
Q128123089,,,2021,https://eit.org
Q115210101,,,2021,https://ucp.cz/
Q7122399,,,1986,
Q116455377,,,,https://itslr.edu.mx/2013/
Q6124490,,,1934,https://www.stftjakarta.ac.id
Q30264881,,,2000,
Q54874555,,,2016,https://ngu.edu.eg/
Q5750711,,,2000,
Q600924,,,1917,https://www.unistrasi.it
Q12204536,,,2013,
Q30599641,,,2012,https://jaipur.uem.edu.in
Q46756,,,1985,https://www.ku.ac.ke/
Q4802133,,,1977,
Q107518978,,,2010,https://www.orsi-online.com/en
Q4239242,,,1953,
Q116959444,,,2018,https://sohailuniversity.edu.pk
Q7179790,,,,
Q33527386,,,1963,
Q10326457,,,1961,
Q6156685,,,,
Q30296339,,,,
Q6912982,2411,,1894,https://www.morningside.edu/
Q30257656,,,1922,
Q30263468,,,,https://www.easv.dk/
Q6488884,9292,,1947,
Q12192354,,,1978,
Q1920704,,,1949,https://www.has.nl/
Q109911960,,,2000,https://www.stikes-hi.ac.id
Q7242006,,,1984,
Q30294344,,,,
Q28410086,,,1976,
Q30294121,,,,
Q12677592,,,1989,https://www.vm.vu.lt/en/
Q429863,26857,,1961,https://www.fau.edu/
Q929715,,,1869,https://purdue.edu/home/about/systemwide-campuses/
Q29160855,,,,
Q5592003,,,1905,
Q136663734,,,2014,https://www.ipi-akademija.ba
Q19894979,,,2010,https://www.pacific-university.ac.in
Q30294360,,,,
Q135398381,,,2018,https://www.cea-pcmt.org
Q30257744,,,1993,
Q886141,750,,1899,
Q138655148,,,2013,https://kampus.cife.edu.mx
Q892666,,,2007,
Q132370180,,,2024,
Q7089045,,,1946,
Q130981,875,,1859,https://cooper.edu/
Q137874137,,,,https://www.svpcop.org
Q6776047,,,1995,https://mlc-wels.edu/
Q6441023,,,1991,
Q3547613,,,1975,
Q4208094,,,1931,
Q7586266,,,2008,
Q10709746,8262,,1887,https://www.uncp.edu
Q3551650,,,1920,https://orienta.uniparthenope.it/
Q6754778,,,1965,https://www.maranatha.edu
Q124251944,,,,https://svmchri.com
Q7401584,,,1968,
Q7894305,,,,
Q119465213,,,2021,
Q18091358,,,1991,
Q5091338,,,1956,
Q17078114,,,2010,
Q1322553,,,1985,https://www.utibet.edu.cn
Q136663656,,,2021,
Q30294099,,,,
Q4832261,,,1987,
Q12523409,,,1980,https://umk.ac.id/
Q2826926,1080,,1889,
Q123422195,,,,https://paf-iast.edu.pk/
Q6994346,,,2001,
Q7934333,,,1998,https://www.fxua.edu/
Q4476764,,,1993,
Q30268466,,,1956,
Q3707276,,,1956,
Q25434874,,,2017,https://www.hvl.no/
Q129571842,,,,https://institutodemocracia.gob.ec
Q24236287,,,1989,
Q138460452,,,1987,https://unifimes.edu.br
Q7896174,,,1974,
Q14438080,5395,,1838,
Q30262645,,,2003,
Q782682,,,1959,
Q133844856,,,,https://rathinamtechnicalcampus.com/
Q890928,,,1976,
Q7747060,,,1982,https://www.ulibertadores.edu.co/
Q131428032,,,,
Q134251345,,,,https://www.royalschool.pt
Q1517974,3000,,1940,
Q135975682,,,2012,https://www.esss.dz
Q126839671,,,1999,https://uninga.br
Q2605554,,,1986,https://www.zhaw.ch
Q109912297,,,2020,https://www.unmaha.ac.id
Q4887885,,,2005,https://www.bsu.edu.eg/
Q30294397,,,1989,
Q138460689,,,2009,https://www.katoliski-institut.si
Q13057681,,,1991,
Q22084795,,,2001,
Q6039214,54,,1996,
Q1464480,,,1935,
Q7591353,,,2008,https://spiher.ac.in/
Q1002930,,,1991,https://www.hoasen.edu.vn/
Q4493503,2312,,1831,
Q10927096,,,1940,
Q277872,4500,,1944,
Q63491101,,,2004,
Q30264935,,,2001,
Q141193864,,,,https://www.doa.gov.my
Q7895353,,,1966,
Q7513486,,,2007,
Q3799758,,,2006,
Q30258110,,,1972,
Q30253859,,,,
Q30257699,,,1995,
Q6488658,3838,,1968,
Q7987775,635,,2007,
Q12341850,,,1865,
Q24062830,5115,,1915,
Q1411093,2319,,1856,https://www.stlawu.edu/
Q109912891,,,2016,
Q140908102,,,2002,https://citycollegeoftagaytay.edu.ph
Q92387988,,,2008,
Q22669982,,,,
Q30288836,,,,
Q109919431,,,1987,https://stikehutananpantekulu.ac.id/
Q52604182,,,,https://osur.univ-rennes1.fr/
Q31757808,,,2003,https://ucsmub.edu.mm
Q7523091,,,1954,
Q109913350,,,2019,
Q141195435,,,2005,https://kagc.edu.my
Q137575145,,,2021,https://ar-rasheed.edu.ye/
Q6511142,1878,,1866,
Q109912980,,,2009,
Q109913906,,,2021,
Q136995021,,,2010,https://globalbanking.ac.uk
Q6552045,,,1948,
Q30294714,,,,
Q30271490,,,,
Q7229746,,,1973,
Q7408792,,,1912,
Q109919432,,,2012,https://yamasi.ac.id
Q495330,,,1882,https://www.kokugakuin.ac.jp/
Q30270830,,,1949,https://aof.org/
Q3578268,,,2010,https://www.oniris-nantes.fr
Q109913223,,,1995,https://www.stikesphi.ac.id
Q5465153,1112,,1923,https://www.fontbonne.edu/
Q6217783,3328,,1967,https://www.jalc.edu
Q136448354,,,2000,https://unae.edu.py/isede/
Q30293682,,,,
Q6973662,,,1963,https://www.iimmumbai.ac.in
Q32178777,,,,
Q1622242,648,,1979,
Q109912429,,,2016,https://www.unisap.ac.id.
Q30294085,,,,
Q20458842,,,,
Q22693409,7314,,,
Q25105603,,,,
Q5318575,2650,,1969,
Q17193713,,,1948,
Q1431447,,,2000,https://www.utenos-kolegija.lt/
Q141195663,,,2000,https://ism.edu.my
Q4929650,,,1986,
Q30263700,,,,
Q13416753,,,1949,
Q4027436,,,1987,https://www.pnp.ac.id
Q1622222,4774,,1992,
Q105626436,,,1979,https://stokbinaguna.ac.id
Q2963665,565,,1896,https://www.chimieparistech.psl.eu/
Q30257709,,,,
Q30257740,,,1992,
Q129343354,,,2022,
Q30293781,,,,
Q97041132,,,1993,https://www.hkchse.org/
Q4823103,21,,1917,
Q24943422,,,2010,
Q769040,,,1906,
Q3009986,,,1967,
Q140045866,,,2023,https://univ-avignon.fr/laboratoire/laboratoires-en-sciences-humaines-et-sociales/upr-3788-jpeg-laboratoire-sciences-juridiques-politique-economiques-gestion
Q1475413,7500,,1851,
Q6983269,608,,1964,
Q12002144,2264,,1956,
Q30255843,,,,
Q2043989,,,2002,
Q11426453,,,1977,
Q623851,,,1947,
Q4248071,10000,,1995,
Q109913250,,,2019,https://poltekkeskhjogja.ac.id
Q17192986,,,1949,
Q11474701,,,1898,
Q7601976,,,1960,
Q690639,12721,,1970,https://www.aau.at/
Q10983190,,,2005,https://www.nstu.edu.bd/
Q30286174,,,,
Q131428132,,,,https://ciie.fpce.up.pt
Q131428049,,,,https://cicp.eeg.uminho.pt
Q6017353,,,1993,https://iub.ac.bd/
Q6544465,,,1978,https://www.ucas.ac.cn
Q25467780,,,2014,https://www.unusida.ac.id
Q1030172,,,1945,https://www.osaka-geidai.ac.jp/
Q4467479,,,1963,https://www.tyumsmu.ru/
Q12523304,,,1999,https://www.unbara.ac.id
Q1121200,22000,,1870,https://federation.edu.au/
Q6689340,,,1930,
Q4080166,,,1967,
Q30294229,,,1965,https://www.cbe.ac.tz
Q30261196,,,1946,https://www.pimr.eu/
Q141193723,,,1986,https://www.pia.edu.my
Q3509289,32820,,1975,
Q131428210,,,,https://ciaud.fa.ulisboa.pt
Q2506557,,,1990,
Q283204,,,,
Q30263596,,,1986,https://www.astynomia.gr/elliniki-astynomia/anthropino-dynamiko/ekpaidefsi/astynomiki-akadimia/
Q11525550,1680,,2006,
Q7271023,,,1876,
Q11375114,,,1886,
Q12513050,,,2020,
Q7210149,,,2015,
Q133811897,,,2012,https://www.usal.edu.lb
Q125516166,,,2002,https://sigmauniversity.ac.in
Q5942049,,,1934,
Q4064184,,,,
Q7902881,,,1999,https://www.uuc.ac.in
Q969850,26928,,1957,https://www.stonybrook.edu/
Q24913734,,,2010,
Q141195161,,,1965,https://www.pnc.ac.th
Q7532066,229,,1973,https://www.sittingbull.edu/
Q8024721,,,1998,
Q534845,,,1900,
Q59050599,,,2013,https://new.horus.edu.eg/
Q14706889,2408,,1841,
Q141194743,,,1992,https://www.ibs.edu.my
Q134251181,,,,https://www.academiaclinicadragao.com
Q7571400,,,1946,
Q19720584,,,1989,
Q28691534,,,1999,
Q3388063,,,1991,
Q30294673,,,1999,https://www.unim.ac.id
Q5071020,,,1862,
Q131428139,,,2021,https://www.sggw.edu.pl/uczelnia/struktura-uczelni/centra-badawcze/centrum-medycyny-translacyjnej/
Q16306361,,,,
Q109919819,,,2019,https://Binainsani.ac.id
Q141195328,,,,
Q5455840,349,,1984,
Q12712157,,,,
Q2763240,,,1995,https://www.nirmauni.ac.in
Q12627292,,,,https://www.aspira.hr
Q4781246,,,,
Q25460602,,,1981,
Q133811950,,,2004,https://uniateneu.edu.br
Q4855062,,,1955,
Q133812231,,,,https://www.phsg.ch/de/institute/institut-schule-und-profession
Q3551523,,,1984,
Q109433122,,,2003,
Q18345980,,,1978,
Q3338161,,,1994,https://langara.ca/
Q6705628,693,,1962,
Q1954006,,,1922,https://www.musashi.ac.jp/english/
Q5251202,,,1952,https://www.diat.ac.in/
Q1026831,4027,,1959,
Q154561,17345,,1558,https://www.uni-jena.de/
Q10829151,,,1975,
Q70041395,,,2000,
Q141194377,,,2006,https://beacon.edu.sg
Q15242208,6205,,1966,https://www.lccc.edu/
Q17634872,,,,
Q518851,1400,,1882,
Q30257584,,,1994,
Q110127737,,,2012,
Q4123106,18000,,1930,
Q7894316,,,1984,
Q86012406,,,,
Q11374912,,,,
Q135398273,,,,
Q138460475,,,2006,https://sjc.fatec.sp.gov.br
Q1518320,,,2004,
Q30293833,,,,
Q50039317,,,2016,
Q123951885,,,2014,https://niibs.lk
Q7081007,,,1946,https://www.ohio.edu/zanesville
Q2015914,,,1927,https://www.law.mil.pl/
Q11081028,,,2007,
Q135739048,,,2006,https://tebuireng.ac.id
Q6695035,,,2003,https://luarasi-univ.edu.al/
Q49110,30009,,1869,https://bu.edu/
Q4203305,5000,,1919,https://irkgmu.ru/
Q30281584,,,1927,
Q5554847,,,2004,https://www.ggu.ac.kr/chinese
Q30293968,,,,
Q5983738,,,1967,
Q50040376,,,1957,https://www.insead.edu/
Q104632240,,,2007,https://unirow.ac.id/
Q5939496,,,2005,
Q4898024,,,,
Q4239224,,,1977,
Q11374954,,,1971,https://www.kyoto-saga.ac.jp/juniorcollege/
Q138860571,,,2011,https://qims.edu.pk
Q7423682,,,2004,
Q794566,,,1965,
Q419339,820,,2004,
Q4331466,,,1930,
Q109294510,,,,https://www.stitibnusina.ac.id
Q222450,2186,,2007,https://www.zhdk.ch/
Q3578157,,,1954,https://www.entpe.fr
Q33121281,,,1919,
Q141195388,,,1976,
Q2698482,3307,,1876,https://calvin.edu/
Q16092712,,,1991,
Q141195273,,,,https://www.ucsicollege.edu.my
Q112677018,,,1956,https://www.gxstzy.cn/index.htm
Q30262834,,,1991,
Q7970130,3251,,1981,
Q7105570,,,1884,
Q115016929,,,2023,https://mobility.ac.jp/
Q20452292,,,,
Q3695816,9924,,1973,
Q135739127,,,2010,https://issabuniversite.com
Q111668147,,,,https://www.cetaps.com/
Q1476319,,,1793,
Q48725327,,,1965,
Q109912810,,,2002,https://www.widyagamahusada.ac.id
Q174220,11500,,1960,
Q124526228,,,1997,https://jeffreycheah.foundation
Q141193898,,,,https://spu.ikm.edu.my
Q7458159,1800,,1857,https://new.sewanee.edu/
Q100956199,,,1982,
Q124341667,,,1943,https://ndibk.com
Q30293823,,,,
Q59452271,,,1977,
Q141194363,,,,
Q941806,,,1985,https://www.uclm.es/
Q1377564,2952,,2006,
Q6487078,5045,,1964,
Q7537928,,,1990,
Q97280124,,,1962,
Q8052844,,,1967,
Q17632389,,,1981,
Q1081899,,,1974,
Q7895568,,,,
Q787388,3000,,1973,
Q7892258,,,1997,https://www.usuniversity.edu/
Q14690940,,,1847,https://www.midway.edu/
Q56390827,,,2015,https://poltekpar-makassar.ac.id
Q3532713,,,2009,https://www.iitmandi.ac.in
Q30294146,,,,https://www.unida.edu.py/
Q7894844,,,2012,https://uenr.edu.gh/
Q4750355,,,1941,https://ac.suagm.edu/
Q1785291,2234,,1749,https://www.wlu.edu/
Q1736408,,,2000,
Q48990054,,,2006,
Q1171185,2814,,1976,https://westoahu.hawaii.edu/
Q141195656,,,2003,https://ttc.edu.my
Q7056234,,,1998,
Q6722921,,,,
Q138460463,,,2023,https://www.aiide.in.th
Q6746956,,,2001,
Q6156429,,,1998,https://ucontinental.edu.pe
Q138479125,,,2007,https://www.happyvalley.in
Q4689798,,,2007,
Q30288642,,,,
Q7440716,,,1998,https://www.seamester.com/
Q9091511,,,2012,https://www.unadmexico.mx/
Q666916,18577,,1989,https://www.uvigo.gal/
Q11525135,,,1953,
Q135398393,,,2015,https://www.pstb.fr
Q138460614,,,2003,
Q4449561,5340,,1955,
Q138460481,,,1940,https://iice.institutos.filo.uba.ar
Q30257753,,,1996,
Q1011953,1175,,1915,https://www.burg-halle.de/
Q63831113,,,2005,
Q52853188,,,1997,
Q5547660,2615,,1961,
Q3146792,,,1969,
Q634669,13713,,1911,
Q7401915,,,1948,
Q7825556,,,1998,https://www.ttgu.ac.kr/
Q137942688,,,2021,https://onesb.edu.in
Q138860461,,,,https://facisb.edu.br
Q7744970,,,1976,
Q109912091,,,1993,
Q6777890,,,1999,
Q1782980,31645,,1962,
Q38267023,,,1947,https://sendai-akamon.ac.jp
Q115639,,,2004,https://www.ibei.org/
Q5253711,13251,,1921,
Q1626754,2700,,1999,
Q10302496,,,,
Q4859639,,,1867,
Q109913117,,,2015,https://www.sttiaa.ac.id
Q6765382,,,1970,https://www.mtc.edu/
Q30257679,,,1994,
Q5208638,,,1993,
Q920266,,,1772,
Q27963770,,,,
Q5949943,3473,,1898,https://www.husson.edu/
Q6984782,,,,https://www.nscs.edu
Q109912652,,,2002,https://www.syailendra.ac.id
Q5392048,,,1967,
Q19892759,,,2012,https://gcwuf.edu.pk/
Q119466002,,,,https://www.stialan.ac.id/
Q30293938,,,,
Q52610602,,,,https://ince.md
Q3648053,634,,2007,
Q129421,39074,,1905,https://ucdavis.edu
Q6088997,,,2006,
Q1127387,,,1946,https://cnsad.psl.eu
Q129342999,,,2020,
Q774520,29554,,1954,
Q5104672,,,1956,
Q7330984,,,1568,
Q109919198,,,1971,https://www.stai-siliwangi.ac.id
Q6156613,,,1956,https://www.upnfm.edu.hn/
Q134037439,,,,
Q272576,,,1992,
Q30293915,,,,
Q109442098,,,2004,https://stikesnas.ac.id/
Q6863633,,,1927,https://www.ustp.edu.ph/
Q129342868,,,2022,https://undha.ac.id/
Q65338240,,,2002,https://maubinuniversity.edu.mm
Q132803389,,,,https://www.shandiz.ac.ir
Q2907816,,,1953,https://chitgma.ru/
Q1709572,20000,,1960,
Q7206297,,,1892,
Q140907634,,,2014,https://mumtaz.ac.id
Q4400868,1452,,1835,https://oglethorpe.edu/
Q6784361,295,,1988,
Q11525376,,,1901,
Q141195549,,,2010,https://uef.edu.kh
Q129342775,,,2021,
Q5510254,,,1989,
Q140908157,,,2017,https://stita.ac.id
Q3010024,,,1967,https://cegepoutaouais.qc.ca/
Q28684127,,,2017,
Q2794474,,,,https://broekhin.nl
Q7268475,,,1971,
Q251989,,,,
Q137943720,,,2025,https://www.uhafiz.ac.id
Q5146729,,,2008,
Q29520937,,,,
Q6084324,,,2010,
Q2983889,,,1929,https://www.royalcollege.ca/
Q30280759,,,,
Q141195553,,,,https://sidra.smu.edu.sg
Q5438433,,,1992,https://www.favaloro.edu.ar/
Q310842,,,1227,
Q126208875,,,,https://unifacc.com.br/faculdade-catolica-de-cuiaba/
Q8054621,,,2006,
Q15820219,,,1957,
Q30263848,,,1974,
Q7567341,2346,,1906,
Q5351040,,,2002,
Q12204463,,,2006,https://www.nub.edu.eg/
Q4880622,,,2001,https://www.bgctub.ac.bd
Q7059550,,,1970,
Q7896179,,,1979,
Q52162282,,,2018,https://www.sivas.edu.tr/
Q7587974,,,2002,
Q4855358,,,1992,
Q12192814,,,2008,https://www.univ-mila.dz/
Q28402173,,,1979,https://iugrad.edu.dm/
Q12183555,,,1988,
Q7571405,1503,,1966,https://www.swcciowa.edu/
Q7894238,,,1995,
Q30286211,,,,
Q7894927,,,1975,
Q12074669,,,1964,
Q30266564,,,1925,
Q1733433,43655,,1999,
Q7963818,1744,,1922,
Q126208883,,,,https://unifacc.com.br/faculdade-catolica-de-mato-grosso/
Q10177,2920,,1857,https://www.ec-lyon.fr/
Q109913852,,,2017,https://www.stishusnulkhotimah.ac.id
Q1056848,1374,,1896,
Q1858061,12935,,1977,https://www.kau.se
Q284673,,,2004,https://www.gcuc.edu.gh/
Q21653760,,,1971,https://www.tcn.ac.jp
Q16932510,,,1988,https://www.rcophth.ac.uk/
Q7895725,,,1979,
Q30293793,,,,
Q7419088,,,1983,https://www.sgbau.ac.in
Q7388954,,,2008,https://www.sbi-u.ac.jp/
Q105626403,,,2001,
Q7064806,1572,,2005,
Q649906,,,1931,
Q2590739,4452,,1968,https://www.uwp.edu
Q7374250,,,1932,
Q846126,,,1900,https://www.joshibi.ac.jp/
Q6166000,,,2008,https://www.jntuk.edu.in
Q5313577,,,1950,
Q224802,15000,,1930,https://mpei.ru/lang/en/Pages/default.aspx
Q17069433,,,1980,
Q30266091,658,,1974,
Q16957865,6000,,2009,https://www.nileuniversity.edu.ng/
Q104879801,,,2020,https://duk.ac.in
Q11674578,,,1939,
Q5311834,,,1936,
Q5149661,,,1901,
Q5712991,,,1956,
Q7896072,,,1965,https://www.upnjatim.ac.id
Q1665121,7803,,1900,https://www.grenoble-inp.fr
Q630686,,,1983,https://stu.edu.gh/
Q599573,162680,,1860,https://www.montgomeryschoolsmd.org/
Q51784362,,,1998,https://gtsiea2432.wordpress.com/
Q141195344,,,,
Q30294720,,,1994,https://www.unaki.ac.id
Q4704329,,,1993,
Q28500030,,,1963,
Q7896677,2600,,2010,
Q475007,1868,,1773,https://www.pul.va/
Q109911770,,,2020,https://inismu-pacitan.ac.id
Q129343379,,,2023,
Q1416331,9736,,1999,
Q130883012,,,,https://pur.ac.rw
Q1628544,,,1932,
Q6082287,,,1982,
Q15148601,,,1950,
Q5439212,,,1959,
Q1128467,,,1991,
Q30287532,,,,
Q16994044,6608,,1962,
Q5146875,,,2007,
Q52848163,,,1998,
Q131560724,,,,https://akadmvd.uz
Q670307,,,1990,
Q5132193,,,,
Q7128504,,,1983,
Q11609687,,,1983,https://www.pref.gunma.jp/site/nourindai/
Q77084542,,,1976,https://unifunec.edu.br/
Q4569311,1999,,1955,
Q1511650,17000,,1930,https://tulsu.ru/
Q7936047,,,1983,
Q1069994,,,1881,https://www.tus.ac.jp/
Q2399339,,,1966,
Q367429,,,1892,
Q6658364,,,1992,
Q6733315,,,1999,
Q1163280,,,1976,
Q995265,1719,,1885,https://www.brynmawr.edu/
Q6912265,,,2007,https://www.morinomiya-u.ac.jp/
Q30258198,,,1982,
Q107476580,,,2014,https://fedpolyukana.edu.ng/
Q4783194,,,2005,
Q17989119,,,2006,
Q109278746,,,2008,https://stikeskepanjen-pemkabmalang.ac.id
Q5620464,,,1956,
Q2306715,,,1963,https://www.ipb.ac.id
Q133811795,,,2021,https://www.abiramicot.com
Q4203306,,,1975,https://www.irgups.ru/
Q109913650,,,2000,https://www.stifar.ac.id
Q112085475,,,,https://khalums.ac.ir/
Q1076209,38972,,1939,https://www.uncuyo.edu.ar/
Q5520658,,,2002,
Q64143287,,,1999,
Q2894862,,,1988,
Q30289499,,,1892,https://www.brownmackie.edu/
Q109912927,,,2018,
Q3382998,,,1905,
Q7624231,,,1899,
Q109913191,,,2019,
Q30294003,,,,
Q4534008,,,1944,
Q30296025,,,1981,
Q127513674,,,1947,
Q135738898,,,2000,
Q681,16443,,1816,
Q30294321,,,,
Q30294017,,,,
Q29511832,,,,
Q4475180,,,1943,
Q61802255,,,,https://www.vjim.ac.in
Q5265863,,,1976,
Q131428105,,,,https://cbpbi.ipcb.pt
Q6167945,,,2001,
Q17012055,,,1885,https://www.holyfamilycollege.edu/
Q7894635,,,2007,https://en.phabsalon.dk
Q2687782,8302,,1894,
Q20725295,,,1938,
Q30266563,,,,
Q111170221,,,,
Q7414439,8378,,1921,https://www.sjcc.edu/
Q6681871,,,,
Q7895570,,,1965,
Q1708709,20000,,1975,
Q4407692,,,1992,
Q7507002,,,1996,
Q30257274,,,1991,
Q30263566,,,1788,
Q10387830,23744,,1954,
Q5149698,825,,1977,
Q2105549,,,1986,
Q5950025,,,,
Q1853837,,,1982,https://www.uwcad.it/
Q129571863,,,2010,https://anandice.ac.in
Q1232831,,,1912,https://www.ufpr.br/
Q2485041,,,1965,
Q140869051,,,,https://defense.tn/academie-militaire
Q7855295,,,1773,
Q124411872,1154,,2024,https://karabakh.edu.az/
Q3009983,,,1968,https://www.cegepba.qc.ca
Q7272656,,,,
Q12809694,25901,,2006,https://www.giresun.edu.tr/
Q7051080,,,,
Q11179841,,,2000,
Q835738,,,2000,
Q7413611,14865,,1914,https://www.sdcity.edu/
Q29877908,,,2008,
Q10302819,,,,
Q462588,10116,,1966,https://www.kansaigaidai.ac.jp/
Q124634912,,,2022,https://digitechuniversity.ac.id
Q3578167,,,1925,
Q11815240,,,2009,
Q2716043,,,1962,https://www.aup.edu/
Q2783799,,,1955,https://www.kndu.ac.kr/
Q15228649,,,2009,
Q3056815,,,1992,
Q25483489,,,2001,https://ehsem.bg/
Q77082016,,,1984,
Q140876470,,,1977,https://sph.uth.edu/research/centers/swcoeh/
Q124845650,,,1994,https://fieb.edu.br
Q113872434,,,2022,https://a-ru.ac.jp/university/
Q2791079,25422,,1955,https://www.arc.losrios.edu/
Q50039973,,,1866,
Q30296133,,,,
Q56847056,,,2000,https://www.funorte.edu.br
Q29659,38974,,1999,https://uni-pr.edu
Q56840832,,,,
Q120176490,,,2021,https://rvu.edu.in
Q16858934,,,2012,https://www.cuchd.in
Q6802467,,,1985,
Q2858236,,,1913,https://www.msu.by
Q16266359,1300,,1955,https://www.kzo.ch
Q19744764,,,1982,https://www.unidayan.ac.id
Q17929189,3141,,2013,https://www.fugashua.edu.ng
Q4406402,,,1914,
Q30299879,,,2002,https://www.forskerfabrikken.no/
Q5147228,,,1985,
Q56317249,,,1967,
Q30293924,,,,
Q3022823,,,1987,https://vfs.edu/
Q141193753,,,1995,https://www.kolejmutiara.edu.my
Q7797728,2759,,1966,
Q129077719,,,,
Q3551837,,,1994,https://www.upn.edu.pe/
Q135739163,,,1991,https://www.euruni.edu/Discover-EU-Munich.html
Q2221774,,,1965,
Q7676818,,,,
Q2037040,,,1979,https://www.ua.es
Q140798145,,,2006,https://aapoly.edu.ng/
Q11993457,,,1713,https://www.rae.es/
Q30294385,,,,
Q17509161,,,,https://esci.edu.in
Q1639978,48901,,1900,
Q109922171,,,2001,
Q30288193,,,,
Q7894417,,,2013,
Q5020332,,,1973,
Q90754821,,,1964,
Q109913345,,,2000,https://stiepena.ac.id
Q12132952,3000,,1930,https://uni-sport.edu.ua/
Q30256987,,,,
Q10946755,,,1994,https://maestro.org/
Q7829364,1319,,2004,
Q30257613,,,1993,
Q7567248,,,1965,
Q13021495,,,1971,https://web.mmtc.ac.th
Q12506039,,,2007,https://politanisamarinda.ac.id/
Q90821503,547,,2012,https://tech-u.edu.ng
Q100956320,,,2019,https://www.matters-of-activity.de/en/
Q31724551,,,1932,
Q6364655,698,,1885,
Q191426,805,,2003,https://www.zu.de/
Q30253404,,,1917,
Q2496089,5749,,1923,
Q5303980,,,1989,https://www.dbatu.ac.in
Q1430054,15358,,1991,
Q30265215,,,1992,
Q6346662,583,,1950,
Q102104940,,,,
Q60749215,,,2017,https://www.indrashiluniversity.edu.in
Q5146656,,,2000,
Q61931490,,,2004,
Q5146881,20573,,1969,
Q1804773,,,1902,
Q19732749,,,1998,
Q16579129,,,1972,https://www.ittg.edu.mx/
Q7012591,,,1987,
Q2274352,,,,
Q1132046,,,2005,
Q15051869,,,1964,
Q1142874,3219,,1975,https://www.firat.edu.tr
Q3577763,,,1908,
Q4767291,1492,,1946,https://annamaria.edu/
Q7186815,9538,,1920,
Q61931622,,,1957,https://www.flacso.org.do/
Q5330447,677,,,
Q13639277,,,2000,
Q123951990,,,,https://icms.edu.my
Q6379746,,,1973,
Q10854127,,,1986,https://www.medsab.ac.ir/
Q123695193,,,2022,https://camuf.uz
Q545540,26690,,1928,
Q308329,20400,,1971,
Q910518,,,1925,https://www.komazawa-u.ac.jp/
Q137795991,,,2024,https://www.dpgu.edu.in
Q6979216,,,2008,
Q5885193,,,1979,
Q19521853,,,,
Q4126485,,,1991,
Q5148934,,,1919,https://www.d11.org/
Q5651452,,,,
Q11713212,,,1990,
Q17183894,,,1942,https://www.catie.ac.cr
Q737332,19747,,1969,
Q5095306,,,1925,
Q30256480,,,,
Q141194197,,,,https://kvslimriver.moe.edu.my
Q4797596,,,1986,
Q30297207,,,1996,
Q1622155,929,,2013,
Q12470471,,,2002,https://www.amikmahaputra.ac.id
Q5154662,,,1995,
Q5464862,9542,,2004,
Q5528065,4494,,1919,
Q4971012,,,1915,
Q136448381,,,,https://jssayurvedacollege.org
Q50040958,,,,
Q4412318,,,1932,
Q61931284,,,1974,
Q135095242,,,,https://www.univ-antilles.fr/organisation-fonctionnement/pole-guadeloupe
Q12242304,,,2006,
Q25044411,,,,
Q1124179,596,,1839,
Q1552247,,,1937,https://www.keralauniversity.ac.in
Q15917857,,,1903,
Q12513076,,,1994,https://www.stekom.ac.id
Q6175594,8526,,1965,
Q930528,16305,,1962,https://www.unitn.it
Q137204551,,,,https://www.sgsss.ac.uk
Q11528569,,,2009,https://www.tohto.ac.jp/
Q195359,,,1929,https://ucu.edu.ua/en/
Q17022547,,,1958,
Q30293957,,,,
Q30294237,,,2005,
Q5560125,,,1972,
Q19573329,,,2008,https://www.nimsuniversity.org
Q4689577,,,1994,https://www.anu.ac.ke/
Q3369346,934,,2001,
Q137796028,,,1982,https://ita.ac.tz
Q5100590,,,1948,
Q781153,10272,,1927,
Q30257555,,,,
Q56847121,,,,
Q6275168,,,1918,
Q9143027,,,1993,
Q16355880,,,,
Q11503138,,,1872,
Q7401893,176,,1857,
Q736962,,,1990,https://www.linkedin.com/school/official-university-of-kassala/
Q12513084,,,2018,https://uhb.ac.id
Q6552441,,,2008,
Q6842463,1765,,1883,https://www.midlandu.edu/
Q6967558,13864,,1959,https://www.ncc.edu/
Q1515426,,,1863,https://isolate.norton.com/?url=https%3A%2F%2Fknmau.com.ua%2F
Q97040287,,,2010,
Q145656,350,,2003,
Q5296069,,,1994,
Q5099749,,,1978,https://www.cjlu.edu.cn/
Q12523485,,,2001,https://www.widyatama.ac.id
Q5479494,,,2005,
Q37765,,,1987,https://nahrainuniv.edu.iq/
Q140045644,,,2021,https://univ-avignon.fr/laboratoire/laboratoires-en-sciences-et-agrosciences/unite-propre-de-recherche-et-dinnovation
Q2644063,,,1933,
Q48726754,,,2015,
Q4208077,,,1980,
Q24911657,,,2015,
Q10909176,1889,,1971,
Q16733330,,,1963,https://akatsico.edu.gh/
Q22686086,,,2004,https://www.esen.tn/
Q3958218,,,1961,https://www.usk.ac.id
Q30257741,,,,
Q30263858,,,1963,
Q6733506,,,2001,
Q41568453,,,,
Q12523414,,,1992,https://www.pasim.ac.id
Q1784954,7591,,1984,https://www.univ-lehavre.fr/
Q7571082,3123,,1970,
Q12523406,,,1983,https://um-tapsel.ac.id
Q7475761,,,1979,https://www.polban.ac.id
Q4118834,,,2001,
Q11103504,711,,2017,https://www.tf.edu.tw/
Q1432632,,,1926,https://www.reading.ac.uk/
Q141195028,,,1987,https://www.equator.edu.my
Q4899796,68,,1824,
Q30287733,,,,
Q1945883,,,1904,
Q30265366,,,,
Q1419737,1085,,1935,
Q4849402,,,2005,
Q55453830,,,,
Q7285511,,,1887,
Q109913428,,,2021,https://www.nusamandiri.ac.id
Q8048658,,,2001,
Q7199069,7688,,1961,
Q7566809,60588,,1909,https://english.scau.edu.cn/
Q255285,,,1635,https://ppke.hu/
Q15261242,13500,,1996,
Q109912682,,,2005,
Q30116888,,,1992,https://naa.edu.az/
Q123382205,,,2021,
Q138711060,,,,https://ikkhg.ac.id/
Q30263409,,,2006,
Q105626286,,,1985,https://una.ac.id
Q30644257,,,2009,
Q351971,3164,,1921,https://www.adams.edu/
Q7355238,,,1847,
Q123989119,,,2023,https://www.azmanuniversity.edu.ng/
Q13419624,27000,,1930,
Q30257492,,,,
Q1406935,,,1997,https://ktu.edu.gh/
Q2297486,,,1992,https://www.uniroma3.it/en/
Q737835,50448,,1934,https://ut.ac.ir
Q11503612,,,1900,https://www.n-seiryo.ac.jp/faculty/nsujc/
Q135739348,,,2009,https://enssp.dz
Q1164229,9792,,1885,
Q20613499,,,,
Q2120202,,,2007,https://www.ph-noe.ac.at/
Q5615918,,,,https://www.gcsnc.com/
Q501841,20800,,1920,https://www.utu.fi/
Q138655103,,,2001,https://monarkuni.ac.in
Q132803519,,,1976,https://www.iccp.rimed.cu
Q1317163,,,1950,
Q2983556,,,1967,
Q696672,19450,,1961,
Q65213732,,,2018,
Q7843006,5600,,1946,
Q30263419,,,1931,
Q11828158,,,1991,
Q30264298,,,1999,
Q6156598,3775,,2009,https://www.unvime.edu.ar/
Q215539,526,,1866,
Q5640643,,,1986,
Q5547517,12831,,2005,
Q5036027,,,1980,
Q30293848,,,,
Q4407660,,,1808,
Q1752716,14000,,1984,https://usz.edu.pl/
Q707573,12838,,1919,https://www.nchu.edu.tw/
Q7238831,,,1981,
Q29522510,,,,
Q46996990,,,,
Q5110194,156,,1855,
Q137456629,,,,https://www.lasallevictoria.edu.mx/
Q6980250,,,,
Q5917872,,,,
Q6020635,,,2010,
Q30257678,,,1993,
Q6764493,,,1909,
Q14705441,,,1955,
Q134251232,,,1977,https://landing.bcto.com.ng
Q6487738,4055,,1826,https://www.fredonia.edu
Q4097524,,,1930,
Q5763774,1486,,1844,https://www.hillsdale.edu/
Q30263802,,,1979,
Q6393994,,,1985,https://www.kums.ac.ir/
Q689462,,,1943,https://ibero.mx/
Q23302803,441,,,
Q499451,61260,,1766,https://www.rutgers.edu/
Q19345791,,,2012,
Q5146867,,,1985,
Q30271696,,,,
Q6424342,,,2008,
Q30282071,,,1999,https://www.ncipd.org/index.php?lang=en
Q11650881,,,1943,https://www.kamakura-u.ac.jp
Q2495814,,,,
Q109912740,,,2019,https://www.aisyahuniversity.ac.id/
Q16481353,,,,
Q129343135,,,2022,
Q7896101,,,1975,
Q9143098,,,1951,
Q6147915,,,1893,
Q1472474,11266,,1869,
Q333886,17500,,1789,https://www.georgetown.edu
Q30294492,,,,
Q2945913,,,1954,
Q3551758,1339,,1960,https://morris.umn.edu/
Q3615960,,,1951,
Q1799245,4174,,1875,https://www.su.edu/
Q4744166,15415,,1970,https://www.aiuniv.edu/
Q136663645,,,,https://observare.autonoma.pt
Q3151770,10500,,1880,
Q39054409,,,1956,https://www.polytechnic.wbtetsd.gov.in/riptkolkata
Q30644624,,,2010,
Q11604253,664,,1922,
Q30266680,,,,
Q7784898,,,1954,
Q2503441,13461,,1871,
Q12742867,,,1992,
Q11674244,,,,
Q5157508,,,2002,https://www.ucspkku.edu.mm
Q5491372,1000,,1834,https://franklincollege.edu/
Q30257207,,,1978,https://ви.мвд.рф/
Q5175610,283,,1884,
Q30257397,,,,
Q109912181,,,2020,
Q12523396,,,1979,https://www.um-palembang.ac.id
Q5275919,,,2002,
Q84588096,,,1986,https://website.stkip-amlapura.ac.id
Q136663668,,,2021,https://www.rathinamphysiotherapy.ac.in
Q1813315,,,1995,https://www.royalroads.ca/
Q18354913,,,1979,https://federalpolyilaro.edu.ng/
Q5649339,,,1904,
Q7057302,,,2007,
Q11736863,,,2002,
Q5483185,,,,
Q4815854,,,2004,https://www.adust.edu.bd
Q4822213,,,1972,
Q7060002,,,1975,https://www.nwcc.bc.ca
Q30294564,,,,
Q12680216,,,2010,
Q961612,,,1986,
Q138106459,,,2023,https://dharwad.nfsu.ac.in
Q5097518,,,1988,
Q1110267,1123,,1993,
Q5588985,,,1962,
Q135095454,,,2022,https://amaltasuniversity.in
Q131428062,,,,https://algoritmi.uminho.pt
Q136776501,,,2018,https://www.acu.edu.ly/
Q1450693,,,2000,https://ufar.am
Q135398339,,,2024,https://ahsu.ac.rw
Q5228135,,,2009,https://www.davangereuniversity.ac.in
Q30263674,,,1975,
Q3667995,,,,
Q176866,,,1996,https://www.ucavila.es/
Q6084681,,,2008,
Q30260373,,,2000,
Q7571450,1491,,1946,
Q31293632,,,2016,https://beu.edu.az
Q140877035,,,2004,https://www.ksridsr.edu.in
Q30293676,,,,
Q130882913,,,2000,https://www.huauchinango.tecnm.mx
Q5332227,,,1975,
Q109912260,,,2001,https://stikesmedistra-indonesia.ac.id
Q5577338,896,,1932,
Q7056796,,,1992,
Q109913476,,,2012,https://www.sttiman.ac.id
Q50040065,,,1962,
Q141194602,,,2016,https://pbd.mypolycc.edu.my
Q3535426,,,1954,
Q52848244,,,1979,
Q770544,8770,,1878,
Q14713457,2086,,1967,
Q90003405,,,1981,
Q2257594,2870,,1886,
Q109911767,,,,
Q108737409,,,2005,https://istm-cm.org/
Q2583993,,,1907,
Q6879494,4860,,1957,
Q11063789,,,1968,
Q12160878,,,2001,
Q109919613,,,1998,https://stieip.ac.id
Q30294542,,,1997,https://eng.kkot.ac.kr/
Q109911464,,,2020,
Q850355,,,1998,
Q23807190,,,2008,https://www.unifa.ac.id
Q11526232,,,1903,
Q134524013,,,2009,https://universitam.edu.mx
Q5637069,,,1972,
Q30287770,,,,
Q39954,,,1948,
Q3113717,2106,,1966,
Q10387859,,,1986,https://www.upt.pt/
Q6478780,,,1911,
Q1358701,,,2000,
Q123207565,,,2021,https://www.esel.pt/en/node/7185
Q131428087,,,1999,https://www.uqar.ca/institut-des-sciences-de-la-mer-ismer/
Q498451,33,,1984,
Q284777,15197,,1893,https://www.wwu.edu/
Q7298388,,,2001,
Q98546178,,,2010,
Q4897957,4001,,1842,
Q5575072,,,1980,
Q977781,15625,,1998,https://www.mau.se
Q59535192,,,,
Q5175616,,,1893,https://www.cotting.org/
Q11472281,946,,1948,https://www.kurachuo.okayama-c.ed.jp/
Q5097181,,,2003,
Q1078073,,,1949,
Q6979245,9820,,1988,https://www.unf.edu.ar/
Q4753530,,,1985,
Q4663565,,,2007,
Q1164210,,,1922,https://www.kname.edu.ua/
Q140045352,,,,https://kidsinpain.ca
Q1296887,5900,,1930,
Q30266822,,,1860,
Q30294315,,,,
Q981195,1100,,1906,https://www.cssd.ac.uk/
Q413833,,,1970,
Q6482697,,,1965,https://www.unila.ac.id
Q1480421,,,1921,https://www.du.ac.bd/
Q94469,6263,,1920,
Q7813889,,,1996,
Q49120,12432,,1852,https://tufts.edu
Q273527,,,1907,https://www.hec.ca
Q7675821,,,1989,
Q3182943,,,1992,
Q16836860,,,2007,
Q3578074,,,1969,
Q16165176,,,1996,https://www.akperalkautsar.ac.id
Q4207837,,,1974,https://kui.mvd.ru
Q55530391,,,2017,https://www.socialdesign.ac.jp/
Q272951,8026,,1973,
Q3152468,4050,,1854,https://unilasalle.fr
Q5515968,,,1981,
Q773918,,,1983,
Q13573771,,,2013,
Q109911642,,,2021,
Q133810974,,,2011,
Q3547636,,,2002,
Q6472813,782,,1961,https://www.lcad.edu
Q6156792,,,1948,https://unav.edu.mx
Q782452,,,1953,
Q11179777,,,1952,
Q7692488,,,2007,
Q129343118,,,2021,
Q7057861,5105,,1973,
Q30253844,,,1995,https://esg.pt/
Q2687972,,,2000,
Q7191542,,,2000,
Q5699491,,,1959,
Q11107588,,,1971,
Q30294152,,,,
Q138859672,,,,https://www.grandedu.info/pages/grandedu-research-school
Q190080,15136,,1900,https://cmu.edu
Q5328079,,,1971,
Q7894369,,,2005,https://englishversion.ufersa.edu.br/
Q10940196,21876,,1958,
Q24952436,,,1983,https://www.avcoe.org
Q2288251,1496,,1882,
Q3578349,,,1795,
Q6040956,,,1975,
Q5123113,,,2001,
Q7330616,2235,,1971,
Q109913713,,,2016,https://www.stiuda.ac.id
Q133811849,,,1992,https://ctsd.edu.ly
Q113265393,,,,
Q17039377,,,2013,
Q7421092,,,1946,
Q1559172,,,1972,
Q7692485,,,2007,
Q4745324,,,1998,
Q58229482,,,1997,https://inpsycho.ru
Q59535947,,,2000,https://www.hospitalitaliano.org.ar/#!/edu/home/principal/inicio
Q141195659,,,1984,https://polimas.mypolycc.edu.my
Q137408968,,,2023,https://www.aubmed.ac.cy
Q4702295,,,2000,
Q975461,81000,,1951,https://www.ul.edu.lb
Q19744825,,,2001,https://www.unpam.ac.id
Q93962343,,,2007,
Q30294297,,,2002,https://www.smu.tn/
Q4842499,,,1975,
Q16705458,,,2003,https://registry.edbo.gov.ua/university/1139/
Q4810352,,,1958,
Q1115050,,,1881,
Q7054645,,,1956,https://ncwu.edu/
Q1247543,,,1849,
Q7387852,,,2006,
Q135738599,,,,https://ascofapsi.org.co
Q12523447,,,1988,https://www.usahid.ac.id
Q6922541,,,1951,https://umo.edu/
Q124634946,,,2021,https://iuk.edu.kw
Q3222963,,,1997,
Q30254203,,,1968,
Q4331465,11792,,1918,https://op.edu.ua/en/
Q138860654,,,2008,
Q48630112,,,,
Q7813917,,,1881,
Q7105614,,,1949,https://ouc.daishodai.ac.jp/
Q109911727,,,2016,https://www.steikassi.ac.id
Q6156612,,,1983,
Q4916750,,,2009,
Q3695687,,,1897,
Q7354630,,,1935,
Q600508,,,1949,https://www.ipsa.org/
Q29386573,,,2013,
Q1378123,,,2003,
Q15988169,,,1997,
Q13311081,2933,,1888,
Q281572,,,2002,
Q5753968,,,1950,
Q6156631,,,2002,https://www.upa.edu.mx/
Q314536,44000,,1996,https://ntnu.no
Q2935614,,,1907,
Q141194346,,,1990,https://polipd.mypolycc.edu.my
Q30263598,,,1872,
Q1187623,2290,,1886,https://www.kysu.edu/
Q96381960,,,,https://www.ictm.org
Q10903058,,,1984,https://en.nmu.edu.cn/
Q5200447,,,1961,
Q3595823,,,1986,
Q109913367,,,2018,
Q6382472,,,,
Q4879479,485,,2011,
Q96414526,,,,
Q30294725,,,,
Q7563661,,,2015,
Q1719038,9714,,1952,https://tuke.sk/
Q1571390,2645,,1910,
Q141195865,,,,
Q6845068,,,,
Q2983598,,,1988,https://www.cegep-heritage.qc.ca/
Q30294441,,,,
Q5591402,,,1943,
Q1893075,,,1981,
Q10829029,,,1995,
Q4304098,5000,,1930,
Q6454069,,,1987,https://www.tripurauniv.ac.in
Q6156845,,,1997,https://www.iedep.edu.mx
Q20053269,,,,
Q7877435,,,1999,
Q6156506,,,1988,
Q17062992,,,1935,
Q1135990,827,,1877,
Q4115810,,,1952,
Q9380708,,,1997,
Q109913023,,,2020,https://www.idaqu.ac.id
Q6978261,,,2008,
Q2905216,,,1995,
Q5939790,,,1967,https://www.humber.ca/
Q4314967,,,1930,https://anau.am
Q43305,,,1979,https://www.telecom-sudparis.eu/
Q10379236,,,2003,
Q30293923,,,,
Q2495907,4957,,1888,https://www.scranton.edu/
Q10274484,,,,
Q4826824,,,1957,
Q5622745,,,1963,
Q6185200,,,1957,
Q17066826,,,2010,
Q14323193,,,1978,https://www.stie-mandala.ac.id
Q7894386,,,1987,
Q16258657,431,,1979,
Q9360263,,,2009,
Q96756740,,,,https://mbexc.de/
Q2065695,11340,,2005,
Q140045798,,,,https://www.dal.ca/faculty/law/dhji.html
Q141194552,,,,
Q4533962,,,1943,https://auezov.edu.kz/
Q5440485,23120,,1980,
Q50040012,,,2010,
Q20024695,,,2007,
Q109912873,,,2018,
Q4120425,,,1996,https://o6u.edu.eg/
Q122142167,,,2015,https://aaucauniversity.com/
Q140045387,,,,https://www.dal.ca/faculty/engineering/cift.html
Q10387864,,,1986,
Q136663680,,,,
Q4752993,,,1937,https://www.ancilla.edu/
Q3443307,,,1859,
Q30261943,,,2000,
Q134251356,,,,https://funlanguagesviseu.pt
Q109912575,,,,
Q1778689,,,1990,
Q5695836,137,,1921,
Q41568282,,,1989,
Q133811740,,,1975,https://normalsfelipedelprogreso.edomex.gob.mx
Q5838701,,,,
Q138460619,,,,https://groupe-espi.fr/campus/espi-montpellier/
Q7660563,,,2001,
Q1056123,6830,,1906,
Q136663691,,,,https://ergolab.fmh.ulisboa.pt
Q16478151,,,2001,
Q5739095,999,,1981,
Q126208815,,,2021,https://umr-phim.cirad.fr/
Q129571846,,,1997,https://fesudeperj.org.br
Q136351834,,,2001,https://stcopbphshirur.edu.in
Q7590444,,,1986,
Q7813629,,,1953,https://www.osaka-tokiwakai.ac.jp/faculty/junior_college/
Q653440,1406,,1965,https://www.nmjc.edu//
Q5651476,,,1991,
Q7896602,,,1997,
Q92389039,,,2008,
Q30299607,,,1913,https://www.ansgarskolen.no/
Q14957042,,,2008,https://www.sggcg.in
Q4703880,,,1999,
Q7416258,3990,,1963,https://www.sandhills.edu
Q4842154,,,1945,
Q30288384,,,,
Q7894312,,,,
Q61934161,,,2013,
Q2585907,,,1994,https://ltvk.lt
Q7059996,1145,,1946,
Q7523322,,,,https://smart.mit.edu/
Q7058818,,,2005,https://www.nosm.ca/fr/
Q2032807,,,1965,
Q30286725,,,,
Q140736780,,,1946,https://www.mnc.edu.in/
Q17004535,,,1983,
Q56148,,,1967,
Q734010,21000,,1972,https://www.uco.es
Q5174697,1386,,1975,
Q136351820,,,2009,https://www.ypsc.ac.in
Q4853957,,,1935,
Q109912738,,,1986,
Q3152544,,,1992,
Q6971598,,,1746,https://www.ncad.ie/
Q109913784,,,2016,https://stiqwalisongo.ac.id
Q704468,11846,,1973,https://www.uni-passau.de/
Q7145106,,,1925,
Q7081553,,,1964,
Q7895155,,,1968,https://www.uoc.ac.in
Q15941093,,,1992,
Q141194391,,,2001,https://ikn.edu.my
Q7461562,,,1995,
Q17630946,,,1938,
Q5146612,,,1963,
Q97583025,,,2007,https://upc.edu.ar/
Q7877461,,,1904,
Q133811851,,,1960,https://www.mdscience.in
Q3434858,,,1988,
Q7877608,,,1968,
Q30288919,,,1962,https://www.stephengaynor.org/
Q30257575,,,1996,
Q7040607,,,1968,
Q115768951,,,2012,https://mmantc.edu.in
Q768651,,,2000,
Q138859823,,,1995,https://tantra.org.ar
Q7373993,,,1844,https://www.rcvs.org.uk
Q4248858,17000,,1934,
Q877686,1684,,1867,https://www.dieangewandte.at/
Q5361566,,,1948,
Q4163246,8300,,1993,
Q1256981,27349,,1899,https://www.sfsu.edu/
Q50379245,,,,
Q5521505,,,,
Q50040253,,,1970,
Q129344157,,,2024,
Q29052711,,,,
Q50035082,,,1957,
Q130242740,,,2016,
Q7894385,,,1989,
Q782600,22441,,1975,https://liu.se
Q141193772,,,2013,https://kysbs.edu.my
Q87760926,,,,
Q5629969,,,1977,
Q4807464,1304,,1972,
Q2496046,2600,,2003,
Q9727167,,,1969,https://unileste.catolica.edu.br/
Q30257256,,,1992,
Q13018780,,,,
